impacto_presupuestario_anio,impacto_presupuestario_mes,ejercicio_presupuestario,sector_id,sector_desc,subsector_id,subsector_desc,caracter_id,caracter_desc,jurisdiccion_id,jurisdiccion_desc,subjurisdiccion_id,subjurisdiccion_desc,entidad_id,entidad_desc,servicio_id,servicio_desc,tipo_id,tipo_desc,clase_id,clase_desc,concepto_id,concepto_desc,subconcepto_id,subconcepto_desc,fuente_financiamiento_id,fuente_financiamiento_desc,clasificador_economico_8_digitos_id,clasificador_economico_8_digitos_desc,prestamo_externo_id,prestamo_externo_desc,recurso_inicial,recurso_vigente,recurso_ingresado_percibido,ultima_actualizacion_fecha
2023,5,2023,1,Sector Público Nacional no Financiero,1,Administración Nacional,1,Administración Central,1,Poder Legislativo Nacional,0,Poder Legislativo Nacional,0,Poder Legislativo Nacional,315,Imprenta del Congreso de la Nación,14,Venta de bienes y servicios de administraciones públicas,1,Venta de bienes,1,Venta de bienes varios de la Administración Nacional,60,Imprenta del Congreso,1.3,Recursos con Afectación Específica,11400000,Ventas de bienes y serv. de las administraciones públicas,0,GENERICO,0,0,60.46545657,2024-07-01 00:00:00
2023,5,2023,1,Sector Público Nacional no Financiero,1,Administración Nacional,1,Administración Central,1,Poder Legislativo Nacional,0,Poder Legislativo Nacional,0,Poder Legislativo Nacional,346,Defensoría del Público de Servicios de Comunicación Audiovisual,11,Ingresos impositivos,9,Otros impuestos,9,Otros,29,Varios,1.3,Recursos con Afectación Específica,11123000,Otros impuestos,0,GENERICO,0,0,71.07619499,2024-07-01 00:00:00
2023,5,2023,1,Sector Público Nacional no Financiero,1,Administración Nacional,1,Administración Central,1,Poder Legislativo Nacional,0,Poder Legislativo Nacional,0,Poder Legislativo Nacional,346,Defensoría del Público de Servicios de Comunicación Audiovisual,17,Transferencias corrientes,6,Transferencias corrientes del sector externo,2,Transferencias corrientes de organismos internacionales,0,Transferencias corrientes de organismos internacionales,2.1,Transferencias Externas,11732000,De organismos internacionales,90062501,UNICEF Acciones de Promoción y Protección de Derechos NNA en medios de Comunicación,0,0,4.957,2024-07-01 00:00:00
2023,5,2023,1,Sector Público Nacional no Financiero,1,Administración Nacional,1,Administración Central,5,Poder Judicial de la Nación,0,Poder Judicial de la Nación,0,Poder Judicial de la Nación,320,Consejo de la Magistratura,11,Ingresos impositivos,9,Otros impuestos,9,Otros,43,Fondo Nacional de la Justicia-3.5% Tributarios del Tesoro,1.3,Recursos con Afectación Específica,11123000,Otros impuestos,0,GENERICO,0,0,99370.01723209,2024-07-01 00:00:00
2023,5,2023,1,Sector Público Nacional no Financiero,1,Administración Nacional,1,Administración Central,5,Poder Judicial de la Nación,0,Poder Judicial de la Nación,0,Poder Judicial de la Nación,320,Consejo de la Magistratura,12,Ingresos no impositivos,9,Otros ingresos no impositivos,2,Especificados,43,Fondo Nacional de Justicia,1.3,Recursos con Afectación Específica,11330000,Otros ingresos no impositivos,0,GENERICO,0,0,1995.08796138,2024-07-01 00:00:00
2023,5,2023,1,Sector Público Nacional no Financiero,1,Administración Nacional,1,Administración Central,5,Poder Judicial de la Nación,0,Poder Judicial de la Nación,0,Poder Judicial de la Nación,335,Corte Suprema de Justicia de la Nación,11,Ingresos impositivos,9,Otros impuestos,9,Otros,43,Fondo Nacional de la Justicia-3.5% Tributarios del Tesoro,1.3,Recursos con Afectación Específica,11123000,Otros impuestos,0,GENERICO,0,0,5213.41436841,2024-07-01 00:00:00
2023,5,2023,1,Sector Público Nacional no Financiero,1,Administración Nacional,1,Administración Central,5,Poder Judicial de la Nación,0,Poder Judicial de la Nación,0,Poder Judicial de la Nación,335,Corte Suprema de Justicia de la Nación,12,Ingresos no impositivos,1,Tasas,5,Judiciales,43,Fondo Nacional de la Justicia,1.3,Recursos con Afectación Específica,11310000,Tasas,0,GENERICO,0,0,966.23697012,2024-07-01 00:00:00
2023,5,2023,1,Sector Público Nacional no Financiero,1,Administración Nacional,1,Administración Central,5,Poder Judicial de la Nación,0,Poder Judicial de la Nación,0,Poder Judicial de la Nación,335,Corte Suprema de Justicia de la Nación,12,Ingresos no impositivos,9,Otros ingresos no impositivos,2,Especificados,43,Fondo Nacional de Justicia,1.3,Recursos con Afectación Específica,11330000,Otros ingresos no impositivos,0,GENERICO,0,0,6451.48663005,2024-07-01 00:00:00
2023,5,2023,1,Sector Público Nacional no Financiero,1,Administración Nacional,1,Administración Central,10,Ministerio Público,0,Ministerio Público,0,Ministerio Público,360,Procuración General de la Nación,14,Venta de bienes y servicios de administraciones públicas,2,Venta de servicios,1,Venta de servicios varios de la Administración Nacional,29,Otros,1.3,Recursos con Afectación Específica,11400000,Ventas de bienes y serv. de las administraciones públicas,0,GENERICO,0,0,23.23493349,2024-07-01 00:00:00
2023,5,2023,1,Sector Público Nacional no Financiero,1,Administración Nacional,1,Administración Central,10,Ministerio Público,0,Ministerio Público,0,Ministerio Público,361,Defensoría General de la Nación,12,Ingresos no impositivos,9,Otros ingresos no impositivos,9,Otros,29,Otros,1.3,Recursos con Afectación Específica,11330000,Otros ingresos no impositivos,0,GENERICO,0,0,55.04288835,2024-07-01 00:00:00
2023,5,2023,1,Sector Público Nacional no Financiero,1,Administración Nacional,1,Administración Central,10,Ministerio Público,0,Ministerio Público,0,Ministerio Público,361,Defensoría General de la Nación,14,Venta de bienes y servicios de administraciones públicas,2,Venta de servicios,1,Venta de servicios varios de la Administración Nacional,94,Defensoría General de la Nación,1.3,Recursos con Afectación Específica,11400000,Ventas de bienes y serv. de las administraciones públicas,0,GENERICO,0,0,5.53344745,2024-07-01 00:00:00
2023,5,2023,1,Sector Público Nacional no Financiero,1,Administración Nacional,1,Administración Central,20,Presidencia de la Nación,16,Consejo Nacional de Coordinación de Políticas Sociales,0,Consejo Nacional de Coordinación de Políticas Sociales,345,Consejo Nacional de Coordinación de Políticas Sociales,12,Ingresos no impositivos,6,Multas,1,Multas por infracciones,3,Infracciones Ley 25.730 - Sanciones libradores de cheques,1.3,Recursos con Afectación Específica,11330000,Otros ingresos no impositivos,0,GENERICO,0,0,0.039246,2024-07-01 00:00:00
2023,5,2023,1,Sector Público Nacional no Financiero,1,Administración Nacional,1,Administración Central,25,Jefatura de Gabinete de Ministros,1,Jefatura de Gabinete de Ministros,0,Jefatura de Gabinete de Ministros,305,Jefatura de Gabinete de Ministros,13,Aportes y contribuciones,1,Aportes y contribuciones a la seguridad social,2,Contribuciones patronales,29,Otras,1.3,Recursos con Afectación Específica,11200000,Aportes y contribuciones a la seguridad social,0,GENERICO,0,0,101.60113018,2024-07-01 00:00:00
2023,5,2023,1,Sector Público Nacional no Financiero,1,Administración Nacional,1,Administración Central,25,Jefatura de Gabinete de Ministros,2,Secretaría de Políticas Integrales sobre Drogas de la Nación Argentina (SEDRONAR),0,Secretaría de Políticas Integrales sobre Drogas de la Nación Argentina (SEDRONAR),303,Secretaría de Políticas Integrales sobre Drogas de la Nación Argentina (SEDRONAR),14,Venta de bienes y servicios de administraciones públicas,1,Venta de bienes,1,Venta de bienes varios de la Administración Nacional,32,LEY 23.737 - ARTICULO 39 (LEY DE ESTUPEFACIENTES),1.3,Recursos con Afectación Específica,11400000,Ventas de bienes y serv. de las administraciones públicas,0,GENERICO,0,0,4.73055836,2024-07-01 00:00:00
2023,5,2023,1,Sector Público Nacional no Financiero,1,Administración Nacional,1,Administración Central,30,Ministerio del Interior,0,Ministerio del Interior,0,Ministerio del Interior,325,Ministerio del Interior,11,Ingresos impositivos,2,Sobre el patrimonio,5,Bienes Personales,85,ATN 1% Bienes Personales,1.3,Recursos con Afectación Específica,11112000,Sobre el patrimonio,0,GENERICO,0,0,260.5929925,2024-07-01 00:00:00
2023,5,2023,1,Sector Público Nacional no Financiero,1,Administración Nacional,1,Administración Central,30,Ministerio del Interior,0,Ministerio del Interior,0,Ministerio del Interior,325,Ministerio del Interior,11,Ingresos impositivos,9,Otros impuestos,9,Otros,76,Fondo ATN a Provincias - 1% Coparticipados brutos,1.3,Recursos con Afectación Específica,11123000,Otros impuestos,0,GENERICO,0,0,17160.79833134,2024-07-01 00:00:00
2023,5,2023,1,Sector Público Nacional no Financiero,1,Administración Nacional,1,Administración Central,30,Ministerio del Interior,0,Ministerio del Interior,0,Ministerio del Interior,325,Ministerio del Interior,12,Ingresos no impositivos,1,Tasas,9,Otras,52,Superintendencia Nacional de Fronteras,1.3,Recursos con Afectación Específica,11310000,Tasas,0,GENERICO,0,0,5.82908,2024-07-01 00:00:00
2023,5,2023,1,Sector Público Nacional no Financiero,1,Administración Nacional,1,Administración Central,35,"Ministerio de Relaciones Exteriores, Comercio Internacional y Culto",0,"Ministerio de Relaciones Exteriores, Comercio Internacional y Culto",0,"Ministerio de Relaciones Exteriores, Comercio Internacional y Culto",307,"Ministerio de Relaciones Exteriores, Comercio Internacional y Culto",11,Ingresos impositivos,7,Sobre el comercio y las transacciones internacionales,3,Tasa de estadística,42,MRECIyC-1% de las Importaciones Sujetas a Estadística,1.3,Recursos con Afectación Específica,11122000,Sobre el comercio y las transacciones internacionales,0,GENERICO,0,0,5268.9469903,2024-07-01 00:00:00
2023,5,2023,1,Sector Público Nacional no Financiero,1,Administración Nacional,1,Administración Central,35,"Ministerio de Relaciones Exteriores, Comercio Internacional y Culto",0,"Ministerio de Relaciones Exteriores, Comercio Internacional y Culto",0,"Ministerio de Relaciones Exteriores, Comercio Internacional y Culto",307,"Ministerio de Relaciones Exteriores, Comercio Internacional y Culto",12,Ingresos no impositivos,1,Tasas,9,Otras,77,MRECIyC - Rentas Consulares,1.3,Recursos con Afectación Específica,11310000,Tasas,0,GENERICO,0,0,82.209985,2024-07-01 00:00:00
2023,5,2023,1,Sector Público Nacional no Financiero,1,Administración Nacional,1,Administración Central,35,"Ministerio de Relaciones Exteriores, Comercio Internacional y Culto",0,"Ministerio de Relaciones Exteriores, Comercio Internacional y Culto",0,"Ministerio de Relaciones Exteriores, Comercio Internacional y Culto",307,"Ministerio de Relaciones Exteriores, Comercio Internacional y Culto",12,Ingresos no impositivos,1,Tasas,9,Otras,78,MRECIYC - RENTAS CONSULARES (TRAMITES EN EL EXTERIOR),1.3,Recursos con Afectación Específica,11310000,Tasas,0,GENERICO,0,0,71.89014667,2024-07-01 00:00:00
2023,5,2023,1,Sector Público Nacional no Financiero,1,Administración Nacional,1,Administración Central,40,Ministerio de Justicia y Derechos Humanos,1,Ministerio de Justicia y Derechos Humanos,0,Ministerio de Justicia y Derechos Humanos,332,Ministerio de Justicia y Derechos Humanos,12,Ingresos no impositivos,1,Tasas,4,Sociedades por acciones,48,Inspección General de Justicia,1.3,Recursos con Afectación Específica,11310000,Tasas,0,GENERICO,0,0,5.10680096,2024-07-01 00:00:00
2023,5,2023,1,Sector Público Nacional no Financiero,1,Administración Nacional,1,Administración Central,40,Ministerio de Justicia y Derechos Humanos,1,Ministerio de Justicia y Derechos Humanos,0,Ministerio de Justicia y Derechos Humanos,332,Ministerio de Justicia y Derechos Humanos,12,Ingresos no impositivos,1,Tasas,6,Sociedades de capitalización,48,Inspección General de Justicia,1.3,Recursos con Afectación Específica,11310000,Tasas,0,GENERICO,0,0,0.1180153,2024-07-01 00:00:00
2023,5,2023,1,Sector Público Nacional no Financiero,1,Administración Nacional,1,Administración Central,40,Ministerio de Justicia y Derechos Humanos,1,Ministerio de Justicia y Derechos Humanos,0,Ministerio de Justicia y Derechos Humanos,332,Ministerio de Justicia y Derechos Humanos,12,Ingresos no impositivos,1,Tasas,9,Otras,51,Dirección Registro de la Propiedad del Automotor,1.3,Recursos con Afectación Específica,11310000,Tasas,0,GENERICO,0,0,5681.76616234,2024-07-01 00:00:00
2023,5,2023,1,Sector Público Nacional no Financiero,1,Administración Nacional,1,Administración Central,40,Ministerio de Justicia y Derechos Humanos,1,Ministerio de Justicia y Derechos Humanos,0,Ministerio de Justicia y Derechos Humanos,332,Ministerio de Justicia y Derechos Humanos,12,Ingresos no impositivos,1,Tasas,9,Otras,84,Mediación y Connciliación Ley 24.573,1.3,Recursos con Afectación Específica,11310000,Tasas,0,GENERICO,0,0,0.76898619,2024-07-01 00:00:00
2023,5,2023,1,Sector Público Nacional no Financiero,1,Administración Nacional,1,Administración Central,40,Ministerio de Justicia y Derechos Humanos,1,Ministerio de Justicia y Derechos Humanos,0,Ministerio de Justicia y Derechos Humanos,332,Ministerio de Justicia y Derechos Humanos,12,Ingresos no impositivos,2,Derechos,3,Derechos de inscripción,84,Mediación y Conciliación Ley 24573,1.3,Recursos con Afectación Específica,11320000,Derechos,0,GENERICO,0,0,5.91636,2024-07-01 00:00:00
2023,5,2023,1,Sector Público Nacional no Financiero,1,Administración Nacional,1,Administración Central,40,Ministerio de Justicia y Derechos Humanos,1,Ministerio de Justicia y Derechos Humanos,0,Ministerio de Justicia y Derechos Humanos,332,Ministerio de Justicia y Derechos Humanos,12,Ingresos no impositivos,5,Alquileres,1,Alquileres de inmuebles,2,Decreto 1.382/12 - Artículo 15 - 70%,1.3,Recursos con Afectación Específica,11330000,Otros ingresos no impositivos,0,GENERICO,0,0,0.0068,2024-07-01 00:00:00
2023,5,2023,1,Sector Público Nacional no Financiero,1,Administración Nacional,1,Administración Central,40,Ministerio de Justicia y Derechos Humanos,2,Servicio Penitenciario Federal,0,Servicio Penitenciario Federal,331,Servicio Penitenciario Federal,12,Ingresos no impositivos,9,Otros ingresos no impositivos,2,Especificados,65,DIRECCION NACIONAL DE SERVICIO PENITENCIARIO FEDERAL,1.3,Recursos con Afectación Específica,11330000,Otros ingresos no impositivos,0,GENERICO,0,0,0.04501675,2024-07-01 00:00:00
2023,5,2023,1,Sector Público Nacional no Financiero,1,Administración Nacional,1,Administración Central,40,Ministerio de Justicia y Derechos Humanos,2,Servicio Penitenciario Federal,0,Servicio Penitenciario Federal,331,Servicio Penitenciario Federal,14,Venta de bienes y servicios de administraciones públicas,2,Venta de servicios,1,Venta de servicios varios de la Administración Nacional,68,Dir. Nac. de Serv. Penitenciario Federal - Producidos Varios,1.3,Recursos con Afectación Específica,11400000,Ventas de bienes y serv. de las administraciones públicas,0,GENERICO,0,0,2.118,2024-07-01 00:00:00
2023,5,2023,1,Sector Público Nacional no Financiero,1,Administración Nacional,1,Administración Central,40,Ministerio de Justicia y Derechos Humanos,2,Servicio Penitenciario Federal,0,Servicio Penitenciario Federal,334,Ente de Cooperación Técnica y Financiera del Servicio Penitenciario Federal,14,Venta de bienes y servicios de administraciones públicas,1,Venta de bienes,1,Venta de bienes varios de la Administración Nacional,95,LEY 24.372 - ENTE COOPERADOR PENITENCIARIO,1.3,Recursos con Afectación Específica,11400000,Ventas de bienes y serv. de las administraciones públicas,0,GENERICO,0,0,9.08937203,2024-07-01 00:00:00
2023,5,2023,1,Sector Público Nacional no Financiero,1,Administración Nacional,1,Administración Central,41,Ministerio de Seguridad,1,Ministerio de Seguridad,0,Ministerio de Seguridad,343,Ministerio de Seguridad,12,Ingresos no impositivos,6,Multas,1,Multas por infracciones,7,Multas Registro Nacional de Precursores Químicos art. 14 y 18 Ley 26. 045,1.3,Recursos con Afectación Específica,11330000,Otros ingresos no impositivos,0,GENERICO,0,0,0.61588369,2024-07-01 00:00:00
2023,5,2023,1,Sector Público Nacional no Financiero,1,Administración Nacional,1,Administración Central,41,Ministerio de Seguridad,1,Ministerio de Seguridad,0,Ministerio de Seguridad,343,Ministerio de Seguridad,12,Ingresos no impositivos,9,Otros ingresos no impositivos,1,Afectaciones y devoluciones,10,LEY 25.848 - SUBSIDIO CUERPO BOMBEROS VOLUNTARIOS,1.3,Recursos con Afectación Específica,11330000,Otros ingresos no impositivos,0,GENERICO,0,0,3235.1271506,2024-07-01 00:00:00
2023,5,2023,1,Sector Público Nacional no Financiero,1,Administración Nacional,1,Administración Central,41,Ministerio de Seguridad,4,Policía Federal Argentina,0,Policía Federal Argentina,326,Policía Federal Argentina,12,Ingresos no impositivos,9,Otros ingresos no impositivos,2,Especificados,58,Policía Federal,1.3,Recursos con Afectación Específica,11330000,Otros ingresos no impositivos,0,GENERICO,0,0,6.28026757,2024-07-01 00:00:00
2023,5,2023,1,Sector Público Nacional no Financiero,1,Administración Nacional,1,Administración Central,41,Ministerio de Seguridad,4,Policía Federal Argentina,0,Policía Federal Argentina,326,Policía Federal Argentina,14,Venta de bienes y servicios de administraciones públicas,1,Venta de bienes,1,Venta de bienes varios de la Administración Nacional,58,Policía Federal,1.3,Recursos con Afectación Específica,11400000,Ventas de bienes y serv. de las administraciones públicas,0,GENERICO,0,0,0.6728,2024-07-01 00:00:00
2023,5,2023,1,Sector Público Nacional no Financiero,1,Administración Nacional,1,Administración Central,41,Ministerio de Seguridad,4,Policía Federal Argentina,0,Policía Federal Argentina,326,Policía Federal Argentina,14,Venta de bienes y servicios de administraciones públicas,2,Venta de servicios,1,Venta de servicios varios de la Administración Nacional,58,Policía Federal,1.3,Recursos con Afectación Específica,11400000,Ventas de bienes y serv. de las administraciones públicas,0,GENERICO,0,0,375.30054987,2024-07-01 00:00:00
2023,5,2023,1,Sector Público Nacional no Financiero,1,Administración Nacional,1,Administración Central,41,Ministerio de Seguridad,5,Gendarmería Nacional,0,Gendarmería Nacional,375,Gendarmería Nacional,12,Ingresos no impositivos,5,Alquileres,9,Otros alquileres,29,Otros,1.3,Recursos con Afectación Específica,11330000,Otros ingresos no impositivos,0,GENERICO,0,0,7.826112,2024-07-01 00:00:00
2023,5,2023,1,Sector Público Nacional no Financiero,1,Administración Nacional,1,Administración Central,41,Ministerio de Seguridad,5,Gendarmería Nacional,0,Gendarmería Nacional,375,Gendarmería Nacional,12,Ingresos no impositivos,9,Otros ingresos no impositivos,2,Especificados,61,Dirección Nacional de Gendarmería,1.3,Recursos con Afectación Específica,11330000,Otros ingresos no impositivos,0,GENERICO,0,0,0.44225866,2024-07-01 00:00:00
2023,5,2023,1,Sector Público Nacional no Financiero,1,Administración Nacional,1,Administración Central,41,Ministerio de Seguridad,5,Gendarmería Nacional,0,Gendarmería Nacional,375,Gendarmería Nacional,14,Venta de bienes y servicios de administraciones públicas,2,Venta de servicios,1,Venta de servicios varios de la Administración Nacional,61,Dirección Nacional de Gendarmería,1.3,Recursos con Afectación Específica,11400000,Ventas de bienes y serv. de las administraciones públicas,0,GENERICO,0,0,215.03088722,2024-07-01 00:00:00
2023,5,2023,1,Sector Público Nacional no Financiero,1,Administración Nacional,1,Administración Central,41,Ministerio de Seguridad,6,Prefectura Naval Argentina,0,Prefectura Naval Argentina,380,Prefectura Naval Argentina,12,Ingresos no impositivos,1,Tasas,9,Otras,74,Prefectura Naval Argentina,1.3,Recursos con Afectación Específica,11310000,Tasas,0,GENERICO,0,0,272.98857622,2024-07-01 00:00:00
2023,5,2023,1,Sector Público Nacional no Financiero,1,Administración Nacional,1,Administración Central,41,Ministerio de Seguridad,6,Prefectura Naval Argentina,0,Prefectura Naval Argentina,380,Prefectura Naval Argentina,12,Ingresos no impositivos,2,Derechos,9,Otros derechos,74,Prefectura Naval Argentina,1.3,Recursos con Afectación Específica,11320000,Derechos,0,GENERICO,0,0,21.0665771,2024-07-01 00:00:00
2023,5,2023,1,Sector Público Nacional no Financiero,1,Administración Nacional,1,Administración Central,41,Ministerio de Seguridad,6,Prefectura Naval Argentina,0,Prefectura Naval Argentina,380,Prefectura Naval Argentina,12,Ingresos no impositivos,6,Multas,1,Multas por infracciones,74,Prefectura Naval Argentina,1.3,Recursos con Afectación Específica,11330000,Otros ingresos no impositivos,0,GENERICO,0,0,19.61822403,2024-07-01 00:00:00
2023,5,2023,1,Sector Público Nacional no Financiero,1,Administración Nacional,1,Administración Central,41,Ministerio de Seguridad,6,Prefectura Naval Argentina,0,Prefectura Naval Argentina,380,Prefectura Naval Argentina,14,Venta de bienes y servicios de administraciones públicas,2,Venta de servicios,1,Venta de servicios varios de la Administración Nacional,2,SERVICIOS REQUERIDOS POR TERCEROS,1.3,Recursos con Afectación Específica,11400000,Ventas de bienes y serv. de las administraciones públicas,0,GENERICO,0,0,288.54823384,2024-07-01 00:00:00
2023,5,2023,1,Sector Público Nacional no Financiero,1,Administración Nacional,1,Administración Central,41,Ministerio de Seguridad,7,Policía de Seguridad Aeroportuaria,0,Policía de Seguridad Aeroportuaria,382,Policía de Seguridad Aeroportuaria,12,Ingresos no impositivos,2,Derechos,3,Derechos de inscripción,12,POLICIA DE SEGURIDAD AEROPORTUARIA,1.3,Recursos con Afectación Específica,11320000,Derechos,0,GENERICO,0,0,0.088382,2024-07-01 00:00:00
2023,5,2023,1,Sector Público Nacional no Financiero,1,Administración Nacional,1,Administración Central,41,Ministerio de Seguridad,7,Policía de Seguridad Aeroportuaria,0,Policía de Seguridad Aeroportuaria,382,Policía de Seguridad Aeroportuaria,12,Ingresos no impositivos,6,Multas,1,Multas por infracciones,29,Otras,1.3,Recursos con Afectación Específica,11330000,Otros ingresos no impositivos,0,GENERICO,0,0,19.57036734,2024-07-01 00:00:00
2023,5,2023,1,Sector Público Nacional no Financiero,1,Administración Nacional,1,Administración Central,41,Ministerio de Seguridad,7,Policía de Seguridad Aeroportuaria,0,Policía de Seguridad Aeroportuaria,382,Policía de Seguridad Aeroportuaria,12,Ingresos no impositivos,9,Otros ingresos no impositivos,2,Especificados,12,POLICIA DE SEGURIDAD AEROPORTUARIA,1.3,Recursos con Afectación Específica,11330000,Otros ingresos no impositivos,0,GENERICO,0,0,38.847485,2024-07-01 00:00:00
2023,5,2023,1,Sector Público Nacional no Financiero,1,Administración Nacional,1,Administración Central,41,Ministerio de Seguridad,7,Policía de Seguridad Aeroportuaria,0,Policía de Seguridad Aeroportuaria,382,Policía de Seguridad Aeroportuaria,12,Ingresos no impositivos,9,Otros ingresos no impositivos,9,Otros,29,Otros,1.3,Recursos con Afectación Específica,11330000,Otros ingresos no impositivos,0,GENERICO,0,0,0.7702,2024-07-01 00:00:00
2023,5,2023,1,Sector Público Nacional no Financiero,1,Administración Nacional,1,Administración Central,41,Ministerio de Seguridad,7,Policía de Seguridad Aeroportuaria,0,Policía de Seguridad Aeroportuaria,382,Policía de Seguridad Aeroportuaria,14,Venta de bienes y servicios de administraciones públicas,2,Venta de servicios,1,Venta de servicios varios de la Administración Nacional,3,POLICIA DE SEGURIDAD AEROPORTUARIA,1.3,Recursos con Afectación Específica,11400000,Ventas de bienes y serv. de las administraciones públicas,0,GENERICO,0,0,4.494433,2024-07-01 00:00:00
2023,5,2023,1,Sector Público Nacional no Financiero,1,Administración Nacional,1,Administración Central,45,Ministerio de Defensa,20,Ministerio de Defensa,0,Ministerio de Defensa,370,Ministerio de Defensa (Gastos Propios),14,Venta de bienes y servicios de administraciones públicas,2,Venta de servicios,1,Venta de servicios varios de la Administración Nacional,29,Otros,1.3,Recursos con Afectación Específica,11400000,Ventas de bienes y serv. de las administraciones públicas,0,GENERICO,0,0,2.25707,2024-07-01 00:00:00
2023,5,2023,1,Sector Público Nacional no Financiero,1,Administración Nacional,1,Administración Central,45,Ministerio de Defensa,20,Ministerio de Defensa,0,Ministerio de Defensa,370,Ministerio de Defensa (Gastos Propios),14,Venta de bienes y servicios de administraciones públicas,2,Venta de servicios,1,Venta de servicios varios de la Administración Nacional,73,Ministerio de Defensa,1.3,Recursos con Afectación Específica,11400000,Ventas de bienes y serv. de las administraciones públicas,0,GENERICO,0,0,0.067105,2024-07-01 00:00:00
2023,5,2023,1,Sector Público Nacional no Financiero,1,Administración Nacional,1,Administración Central,45,Ministerio de Defensa,21,Estado Mayor General del Ejército Argentino,0,Estado Mayor General del Ejército Argentino,374,Estado Mayor General del Ejército Argentino,12,Ingresos no impositivos,2,Derechos,3,Derechos de inscripción,71,Ejército,1.3,Recursos con Afectación Específica,11320000,Derechos,0,GENERICO,0,0,162.10665667,2024-07-01 00:00:00
2023,5,2023,1,Sector Público Nacional no Financiero,1,Administración Nacional,1,Administración Central,45,Ministerio de Defensa,21,Estado Mayor General del Ejército Argentino,0,Estado Mayor General del Ejército Argentino,374,Estado Mayor General del Ejército Argentino,12,Ingresos no impositivos,2,Derechos,9,Otros derechos,71,Ejército,1.3,Recursos con Afectación Específica,11320000,Derechos,0,GENERICO,0,0,0,2024-07-01 00:00:00
2023,5,2023,1,Sector Público Nacional no Financiero,1,Administración Nacional,1,Administración Central,45,Ministerio de Defensa,21,Estado Mayor General del Ejército Argentino,0,Estado Mayor General del Ejército Argentino,374,Estado Mayor General del Ejército Argentino,12,Ingresos no impositivos,5,Alquileres,1,Alquileres de inmuebles,71,Ejército,1.3,Recursos con Afectación Específica,11330000,Otros ingresos no impositivos,0,GENERICO,0,0,117.85617575,2024-07-01 00:00:00
2023,5,2023,1,Sector Público Nacional no Financiero,1,Administración Nacional,1,Administración Central,45,Ministerio de Defensa,21,Estado Mayor General del Ejército Argentino,0,Estado Mayor General del Ejército Argentino,374,Estado Mayor General del Ejército Argentino,12,Ingresos no impositivos,5,Alquileres,9,Otros alquileres,71,Ejército,1.3,Recursos con Afectación Específica,11330000,Otros ingresos no impositivos,0,GENERICO,0,0,0,2024-07-01 00:00:00
2023,5,2023,1,Sector Público Nacional no Financiero,1,Administración Nacional,1,Administración Central,45,Ministerio de Defensa,21,Estado Mayor General del Ejército Argentino,0,Estado Mayor General del Ejército Argentino,374,Estado Mayor General del Ejército Argentino,14,Venta de bienes y servicios de administraciones públicas,1,Venta de bienes,1,Venta de bienes varios de la Administración Nacional,71,Ejército,1.3,Recursos con Afectación Específica,11400000,Ventas de bienes y serv. de las administraciones públicas,0,GENERICO,0,0,124.7145822,2024-07-01 00:00:00
2023,5,2023,1,Sector Público Nacional no Financiero,1,Administración Nacional,1,Administración Central,45,Ministerio de Defensa,21,Estado Mayor General del Ejército Argentino,0,Estado Mayor General del Ejército Argentino,374,Estado Mayor General del Ejército Argentino,14,Venta de bienes y servicios de administraciones públicas,2,Venta de servicios,1,Venta de servicios varios de la Administración Nacional,71,Ejército,1.3,Recursos con Afectación Específica,11400000,Ventas de bienes y serv. de las administraciones públicas,0,GENERICO,0,0,46.9796092,2024-07-01 00:00:00
2023,5,2023,1,Sector Público Nacional no Financiero,1,Administración Nacional,1,Administración Central,45,Ministerio de Defensa,22,Estado Mayor General de la Armada Argentina,0,Estado Mayor General de la Armada Argentina,379,Estado Mayor General de la Armada Argentina,12,Ingresos no impositivos,5,Alquileres,1,Alquileres de inmuebles,62,Armada Argentina,1.3,Recursos con Afectación Específica,11330000,Otros ingresos no impositivos,0,GENERICO,0,0,11.80106849,2024-07-01 00:00:00
2023,5,2023,1,Sector Público Nacional no Financiero,1,Administración Nacional,1,Administración Central,45,Ministerio de Defensa,22,Estado Mayor General de la Armada Argentina,0,Estado Mayor General de la Armada Argentina,379,Estado Mayor General de la Armada Argentina,12,Ingresos no impositivos,9,Otros ingresos no impositivos,2,Especificados,62,Armada Argentina,1.3,Recursos con Afectación Específica,11330000,Otros ingresos no impositivos,0,GENERICO,0,0,53.85686146,2024-07-01 00:00:00
2023,5,2023,1,Sector Público Nacional no Financiero,1,Administración Nacional,1,Administración Central,45,Ministerio de Defensa,22,Estado Mayor General de la Armada Argentina,0,Estado Mayor General de la Armada Argentina,379,Estado Mayor General de la Armada Argentina,14,Venta de bienes y servicios de administraciones públicas,2,Venta de servicios,1,Venta de servicios varios de la Administración Nacional,62,Armada Argentina,1.3,Recursos con Afectación Específica,11400000,Ventas de bienes y serv. de las administraciones públicas,0,GENERICO,0,0,2.54425417,2024-07-01 00:00:00
2023,5,2023,1,Sector Público Nacional no Financiero,1,Administración Nacional,1,Administración Central,45,Ministerio de Defensa,23,Estado Mayor General de la Fuerza Aérea Argentina,0,Estado Mayor General de la Fuerza Aérea Argentina,381,Estado Mayor General de la Fuerza Aérea Argentina,12,Ingresos no impositivos,2,Derechos,9,Otros derechos,54,Fuerza Aérea,1.3,Recursos con Afectación Específica,11320000,Derechos,0,GENERICO,0,0,0.29311252,2024-07-01 00:00:00
2023,5,2023,1,Sector Público Nacional no Financiero,1,Administración Nacional,1,Administración Central,45,Ministerio de Defensa,23,Estado Mayor General de la Fuerza Aérea Argentina,0,Estado Mayor General de la Fuerza Aérea Argentina,381,Estado Mayor General de la Fuerza Aérea Argentina,12,Ingresos no impositivos,5,Alquileres,1,Alquileres de inmuebles,2,Decreto 1.382/12 - Artículo 15 - 70%,1.3,Recursos con Afectación Específica,11330000,Otros ingresos no impositivos,0,GENERICO,0,0,0,2024-07-01 00:00:00
2023,5,2023,1,Sector Público Nacional no Financiero,1,Administración Nacional,1,Administración Central,45,Ministerio de Defensa,23,Estado Mayor General de la Fuerza Aérea Argentina,0,Estado Mayor General de la Fuerza Aérea Argentina,381,Estado Mayor General de la Fuerza Aérea Argentina,12,Ingresos no impositivos,9,Otros ingresos no impositivos,2,Especificados,54,Fuerza Aérea,1.3,Recursos con Afectación Específica,11330000,Otros ingresos no impositivos,0,GENERICO,0,0,123.75154625,2024-07-01 00:00:00
2023,5,2023,1,Sector Público Nacional no Financiero,1,Administración Nacional,1,Administración Central,45,Ministerio de Defensa,23,Estado Mayor General de la Fuerza Aérea Argentina,0,Estado Mayor General de la Fuerza Aérea Argentina,381,Estado Mayor General de la Fuerza Aérea Argentina,14,Venta de bienes y servicios de administraciones públicas,1,Venta de bienes,1,Venta de bienes varios de la Administración Nacional,54,Fuerza Aérea,1.3,Recursos con Afectación Específica,11400000,Ventas de bienes y serv. de las administraciones públicas,0,GENERICO,0,0,1.03461548,2024-07-01 00:00:00
2023,5,2023,1,Sector Público Nacional no Financiero,1,Administración Nacional,1,Administración Central,45,Ministerio de Defensa,23,Estado Mayor General de la Fuerza Aérea Argentina,0,Estado Mayor General de la Fuerza Aérea Argentina,381,Estado Mayor General de la Fuerza Aérea Argentina,14,Venta de bienes y servicios de administraciones públicas,2,Venta de servicios,1,Venta de servicios varios de la Administración Nacional,54,Fuerza Aérea,1.3,Recursos con Afectación Específica,11400000,Ventas de bienes y serv. de las administraciones públicas,0,GENERICO,0,0,162.59850441,2024-07-01 00:00:00
2023,5,2023,1,Sector Público Nacional no Financiero,1,Administración Nacional,1,Administración Central,45,Ministerio de Defensa,23,Estado Mayor General de la Fuerza Aérea Argentina,0,Estado Mayor General de la Fuerza Aérea Argentina,381,Estado Mayor General de la Fuerza Aérea Argentina,21,Recursos propios de capital,1,Venta de activos,2,Venta de edificios e instalaciones,2,Decreto 1.382/12 - Artículo 15 - 70%,1.3,Recursos con Afectación Específica,12111000,De activos fijos,0,GENERICO,0,0,5.13099815,2024-07-01 00:00:00
2023,5,2023,1,Sector Público Nacional no Financiero,1,Administración Nacional,1,Administración Central,45,Ministerio de Defensa,24,Estado Mayor Conjunto de las Fuerzas Armadas (EMCO),0,Estado Mayor Conjunto de las Fuerzas Armadas (EMCO),371,Estado Mayor Conjunto de las Fuerzas Armadas (EMCO),17,Transferencias corrientes,6,Transferencias corrientes del sector externo,2,Transferencias corrientes de organismos internacionales,0,Transferencias corrientes de organismos internacionales,2.1,Transferencias Externas,11732000,De organismos internacionales,90035200,ONU Equipamiento para la Operación Militar de Paz,0,0,0,2024-07-01 00:00:00
2023,5,2023,1,Sector Público Nacional no Financiero,1,Administración Nacional,1,Administración Central,50,Ministerio de Economía,0,Ministerio de Economía,0,Ministerio de Economía,321,Instituto Nacional de Estadística y Censos,14,Venta de bienes y servicios de administraciones públicas,1,Venta de bienes,1,Venta de bienes varios de la Administración Nacional,86,INDEC,1.3,Recursos con Afectación Específica,11400000,Ventas de bienes y serv. de las administraciones públicas,0,GENERICO,0,0,0.01063,2024-07-01 00:00:00
2023,5,2023,1,Sector Público Nacional no Financiero,1,Administración Nacional,1,Administración Central,50,Ministerio de Economía,0,Ministerio de Economía,0,Ministerio de Economía,328,Secretaría de Energía,11,Ingresos impositivos,6,"Sobre la producción, el consumo y las transacciones",6,Consumo de energía eléctrica,40,Cumplimiento Ley No 23681-Provincia de Santa Cruz,1.3,Recursos con Afectación Específica,11121000,"Sobre la producción, el consumo y las transacciones",0,GENERICO,0,0,0.00167695,2024-07-01 00:00:00
2023,5,2023,1,Sector Público Nacional no Financiero,1,Administración Nacional,1,Administración Central,50,Ministerio de Economía,0,Ministerio de Economía,0,Ministerio de Economía,328,Secretaría de Energía,12,Ingresos no impositivos,1,Tasas,9,Otras,94,ARTICULO 74 - LEY 25.565,1.3,Recursos con Afectación Específica,11310000,Tasas,0,GENERICO,0,0,1.0281633,2024-07-01 00:00:00
2023,5,2023,1,Sector Público Nacional no Financiero,1,Administración Nacional,1,Administración Central,50,Ministerio de Economía,0,Ministerio de Economía,0,Ministerio de Economía,328,Secretaría de Energía,12,Ingresos no impositivos,1,Tasas,9,Otras,95,Ley 25.565 - Artículo 7 inciso b),1.3,Recursos con Afectación Específica,11310000,Tasas,0,GENERICO,0,0,7.47955061,2024-07-01 00:00:00
2023,5,2023,1,Sector Público Nacional no Financiero,1,Administración Nacional,1,Administración Central,50,Ministerio de Economía,0,Ministerio de Economía,0,Ministerio de Economía,328,Secretaría de Energía,12,Ingresos no impositivos,4,Regalías,1,Hidrocarburíferas,10,Secretaría de Energía - Ley 17.319 Explotación 'Off Shore',1.3,Recursos con Afectación Específica,11330000,Otros ingresos no impositivos,0,GENERICO,0,0,1190.7893795,2024-07-01 00:00:00
2023,5,2023,1,Sector Público Nacional no Financiero,1,Administración Nacional,1,Administración Central,50,Ministerio de Economía,0,Ministerio de Economía,0,Ministerio de Economía,328,Secretaría de Energía,12,Ingresos no impositivos,6,Multas,1,Multas por infracciones,91,Explotación Hidrocarburos Ley 17.319,1.3,Recursos con Afectación Específica,11330000,Otros ingresos no impositivos,0,GENERICO,0,0,2.27575,2024-07-01 00:00:00
2023,5,2023,1,Sector Público Nacional no Financiero,1,Administración Nacional,1,Administración Central,50,Ministerio de Economía,0,Ministerio de Economía,0,Ministerio de Economía,328,Secretaría de Energía,12,Ingresos no impositivos,9,Otros ingresos no impositivos,4,Aporte Solidario y Extraordinario para Ayudar a Morigerar los Efectos de la Pandemia,5,"Ley Nº 27.605 - Art. 7 - 25%. Programas y proyectos de exploración, desarrollo y producción de gas natural",1.3,Recursos con Afectación Específica,11330000,Otros ingresos no impositivos,0,GENERICO,0,0,100.97775,2024-07-01 00:00:00
2023,5,2023,1,Sector Público Nacional no Financiero,1,Administración Nacional,1,Administración Central,50,Ministerio de Economía,0,Ministerio de Economía,0,Ministerio de Economía,357,Ministerio de Economía,14,Venta de bienes y servicios de administraciones públicas,2,Venta de servicios,1,Venta de servicios varios de la Administración Nacional,2,SERVICIOS REQUERIDOS POR TERCEROS,1.3,Recursos con Afectación Específica,11400000,Ventas de bienes y serv. de las administraciones públicas,0,GENERICO,0,0,2.9264,2024-07-01 00:00:00
2023,5,2023,1,Sector Público Nacional no Financiero,1,Administración Nacional,1,Administración Central,50,Ministerio de Economía,0,Ministerio de Economía,0,Ministerio de Economía,362,Secretaría de Industria y Desarrollo Productivo,12,Ingresos no impositivos,1,Tasas,9,Otras,87,Fondo de Auditoría de Leyes Nro. 24.196 y 24.402,1.3,Recursos con Afectación Específica,11310000,Tasas,0,GENERICO,0,0,101.955,2024-07-01 00:00:00
2023,5,2023,1,Sector Público Nacional no Financiero,1,Administración Nacional,1,Administración Central,50,Ministerio de Economía,0,Ministerio de Economía,0,Ministerio de Economía,362,Secretaría de Industria y Desarrollo Productivo,12,Ingresos no impositivos,6,Multas,1,Multas por infracciones,4,Artículo 47º Ley 24.240 - Defensa Consumidor,1.3,Recursos con Afectación Específica,11330000,Otros ingresos no impositivos,0,GENERICO,0,0,36.23,2024-07-01 00:00:00
2023,5,2023,1,Sector Público Nacional no Financiero,1,Administración Nacional,1,Administración Central,50,Ministerio de Economía,0,Ministerio de Economía,0,Ministerio de Economía,362,Secretaría de Industria y Desarrollo Productivo,12,Ingresos no impositivos,6,Multas,1,Multas por infracciones,5,Multas por Incomparecencia - Art. 16 Ley Nº 26.993,1.3,Recursos con Afectación Específica,11330000,Otros ingresos no impositivos,0,GENERICO,0,0,1.35662,2024-07-01 00:00:00
2023,5,2023,1,Sector Público Nacional no Financiero,1,Administración Nacional,1,Administración Central,50,Ministerio de Economía,0,Ministerio de Economía,0,Ministerio de Economía,362,Secretaría de Industria y Desarrollo Productivo,12,Ingresos no impositivos,6,Multas,1,Multas por infracciones,29,Otras,1.3,Recursos con Afectación Específica,11330000,Otros ingresos no impositivos,0,GENERICO,0,0,177.85,2024-07-01 00:00:00
2023,5,2023,1,Sector Público Nacional no Financiero,1,Administración Nacional,1,Administración Central,50,Ministerio de Economía,0,Ministerio de Economía,0,Ministerio de Economía,362,Secretaría de Industria y Desarrollo Productivo,12,Ingresos no impositivos,9,Otros ingresos no impositivos,2,Especificados,97,Aranceles de Homologación de Acuerdos - Art. 15 Ley Nº 26.993,1.3,Recursos con Afectación Específica,11330000,Otros ingresos no impositivos,0,GENERICO,0,0,0.43919488,2024-07-01 00:00:00
2023,5,2023,1,Sector Público Nacional no Financiero,1,Administración Nacional,1,Administración Central,50,Ministerio de Economía,0,Ministerio de Economía,0,Ministerio de Economía,363,"Secretaría de Agricultura, Ganadería y Pesca",12,Ingresos no impositivos,1,Tasas,9,Otras,29,Varios,1.3,Recursos con Afectación Específica,11310000,Tasas,0,GENERICO,0,0,88.42800268,2024-07-01 00:00:00
2023,5,2023,1,Sector Público Nacional no Financiero,1,Administración Nacional,1,Administración Central,50,Ministerio de Economía,0,Ministerio de Economía,0,Ministerio de Economía,363,"Secretaría de Agricultura, Ganadería y Pesca",12,Ingresos no impositivos,9,Otros ingresos no impositivos,2,Especificados,92,Fondo Nacional Pesquero Ley 24.922,1.3,Recursos con Afectación Específica,11330000,Otros ingresos no impositivos,0,GENERICO,0,0,101.89253964,2024-07-01 00:00:00
2023,5,2023,1,Sector Público Nacional no Financiero,1,Administración Nacional,1,Administración Central,53,Ministerio de Turismo y Deportes,0,Ministerio de Turismo y Deportes,0,Ministerio de Turismo y Deportes,322,Ministerio de Turismo y Deportes,11,Ingresos impositivos,7,Sobre el comercio y las transacciones internacionales,5,Impuesto para una Argentina Inclusiva y Solidaria (PAÍS),2,Decreto 184/20 Artículo 2 Inciso c. Fomento del Turismo Nacional (5% del 30%),1.3,Recursos con Afectación Específica,11122000,Sobre el comercio y las transacciones internacionales,0,GENERICO,0,0,610.53762,2024-07-01 00:00:00
2023,5,2023,1,Sector Público Nacional no Financiero,1,Administración Nacional,1,Administración Central,53,Ministerio de Turismo y Deportes,0,Ministerio de Turismo y Deportes,0,Ministerio de Turismo y Deportes,322,Ministerio de Turismo y Deportes,11,Ingresos impositivos,9,Otros impuestos,9,Otros,44,Fondo Nacional del Turismo,1.3,Recursos con Afectación Específica,11123000,Otros impuestos,0,GENERICO,0,0,1448.50794182,2024-07-01 00:00:00
2023,5,2023,1,Sector Público Nacional no Financiero,1,Administración Nacional,1,Administración Central,53,Ministerio de Turismo y Deportes,0,Ministerio de Turismo y Deportes,0,Ministerio de Turismo y Deportes,322,Ministerio de Turismo y Deportes,12,Ingresos no impositivos,9,Otros ingresos no impositivos,2,Especificados,33,Fondo Nacional del Deporte,1.3,Recursos con Afectación Específica,11330000,Otros ingresos no impositivos,0,GENERICO,0,0,1.74,2024-07-01 00:00:00
2023,5,2023,1,Sector Público Nacional no Financiero,1,Administración Nacional,1,Administración Central,53,Ministerio de Turismo y Deportes,0,Ministerio de Turismo y Deportes,0,Ministerio de Turismo y Deportes,322,Ministerio de Turismo y Deportes,12,Ingresos no impositivos,9,Otros ingresos no impositivos,2,Especificados,44,Fondo Nacional del Turismo,1.3,Recursos con Afectación Específica,11330000,Otros ingresos no impositivos,0,GENERICO,0,0,13.89757166,2024-07-01 00:00:00
2023,5,2023,1,Sector Público Nacional no Financiero,1,Administración Nacional,1,Administración Central,53,Ministerio de Turismo y Deportes,0,Ministerio de Turismo y Deportes,0,Ministerio de Turismo y Deportes,322,Ministerio de Turismo y Deportes,14,Venta de bienes y servicios de administraciones públicas,2,Venta de servicios,1,Venta de servicios varios de la Administración Nacional,44,Fondo Nacional del Turismo,1.3,Recursos con Afectación Específica,11400000,Ventas de bienes y serv. de las administraciones públicas,0,GENERICO,0,0,13.822675,2024-07-01 00:00:00
2023,5,2023,1,Sector Público Nacional no Financiero,1,Administración Nacional,1,Administración Central,64,Ministerio de Obras Públicas,0,Ministerio de Obras Públicas,0,Ministerio de Obras Públicas,364,Ministerio de Obras Públicas,11,Ingresos impositivos,7,Sobre el comercio y las transacciones internacionales,5,Impuesto para una Argentina Inclusiva y Solidaria (PAÍS),3,Decreto 184/20 Artículo 2 Inciso b. Obras de Infraestructura Económica (65% del 30%),1.3,Recursos con Afectación Específica,11122000,Sobre el comercio y las transacciones internacionales,0,GENERICO,0,0,8298.94104,2024-07-01 00:00:00
2023,5,2023,1,Sector Público Nacional no Financiero,1,Administración Nacional,1,Administración Central,64,Ministerio de Obras Públicas,0,Ministerio de Obras Públicas,0,Ministerio de Obras Públicas,364,Ministerio de Obras Públicas,14,Venta de bienes y servicios de administraciones públicas,1,Venta de bienes,1,Venta de bienes varios de la Administración Nacional,31,Sec. de O.Públ. - Instituto Nacional de Previsión Sísmica,1.3,Recursos con Afectación Específica,11400000,Ventas de bienes y serv. de las administraciones públicas,0,GENERICO,0,0,0.015,2024-07-01 00:00:00
2023,5,2023,1,Sector Público Nacional no Financiero,1,Administración Nacional,1,Administración Central,64,Ministerio de Obras Públicas,0,Ministerio de Obras Públicas,0,Ministerio de Obras Públicas,364,Ministerio de Obras Públicas,14,Venta de bienes y servicios de administraciones públicas,2,Venta de servicios,1,Venta de servicios varios de la Administración Nacional,31,Sec. de O.Públ. - Instituto Nacional de Previsión Sísmica,1.3,Recursos con Afectación Específica,11400000,Ventas de bienes y serv. de las administraciones públicas,0,GENERICO,0,0,0.2126,2024-07-01 00:00:00
2023,5,2023,1,Sector Público Nacional no Financiero,1,Administración Nacional,1,Administración Central,65,Ministerio de Desarrollo Territorial y Hábitat,0,Ministerio de Desarrollo Territorial y Hábitat,0,Ministerio de Desarrollo Territorial y Hábitat,365,Ministerio de Desarrollo Territorial y Hábitat,22,Transferencias de capital,6,Transferencias de capital del sector externo,2,Transferencias de capital de organismos internacionales,0,Transferencias de capital de organismos internacionales,2.1,Transferencias Externas,12232000,De organismos internacionales,90010201,BID GRT/FM-15083-AR-1 Medidas de eficiencia energética y energía renovable en la vivienda social (GEF 4861),0,667.496117,0,2024-07-01 00:00:00
2023,5,2023,1,Sector Público Nacional no Financiero,1,Administración Nacional,1,Administración Central,70,Ministerio de Educación,0,Ministerio de Educación,0,Ministerio de Educación,330,Ministerio de Educación,11,Ingresos impositivos,9,Otros impuestos,9,Otros,82,Apuestass a las Carreras,1.3,Recursos con Afectación Específica,11123000,Otros impuestos,0,GENERICO,0,0,0.043125,2024-07-01 00:00:00
2023,5,2023,1,Sector Público Nacional no Financiero,1,Administración Nacional,1,Administración Central,70,Ministerio de Educación,0,Ministerio de Educación,0,Ministerio de Educación,330,Ministerio de Educación,12,Ingresos no impositivos,9,Otros ingresos no impositivos,1,Afectaciones y devoluciones,11,LEY 24.522 DE QUIEBRAS - ARTICULO 224,1.3,Recursos con Afectación Específica,11330000,Otros ingresos no impositivos,0,GENERICO,0,0,2.53075337,2024-07-01 00:00:00
2023,5,2023,1,Sector Público Nacional no Financiero,1,Administración Nacional,1,Administración Central,70,Ministerio de Educación,0,Ministerio de Educación,0,Ministerio de Educación,330,Ministerio de Educación,12,Ingresos no impositivos,9,Otros ingresos no impositivos,4,Aporte Solidario y Extraordinario para Ayudar a Morigerar los Efectos de la Pandemia,3,Ley Nº 27.605 - Art. 7 - 20%. Programa Integral Becas Progresar,1.3,Recursos con Afectación Específica,11330000,Otros ingresos no impositivos,0,GENERICO,0,0,196.9314,2024-07-01 00:00:00
2023,5,2023,1,Sector Público Nacional no Financiero,1,Administración Nacional,1,Administración Central,71,"Ministerio de Ciencia, Tecnología e Innovación",0,"Ministerio de Ciencia, Tecnología e Innovación",0,"Ministerio de Ciencia, Tecnología e Innovación",336,"Ministerio de Ciencia, Tecnología e Innovación",12,Ingresos no impositivos,2,Derechos,9,Otros derechos,9,Derechos de Actividad Comercial - APN,1.3,Recursos con Afectación Específica,11320000,Derechos,0,GENERICO,0,0,1.07313676,2024-07-01 00:00:00
2023,5,2023,1,Sector Público Nacional no Financiero,1,Administración Nacional,1,Administración Central,72,Ministerio de Cultura,0,Ministerio de Cultura,0,Ministerio de Cultura,337,Ministerio de Cultura,11,Ingresos impositivos,1,Sobre los ingresos,3,Premios de juegos de azar y concursos deportivos,31,Bibliotecas Populares Ley No 23.351,1.3,Recursos con Afectación Específica,11111000,Sobre los ingresos,0,GENERICO,0,0,98.7323242,2024-07-01 00:00:00
2023,5,2023,1,Sector Público Nacional no Financiero,1,Administración Nacional,1,Administración Central,72,Ministerio de Cultura,0,Ministerio de Cultura,0,Ministerio de Cultura,337,Ministerio de Cultura,12,Ingresos no impositivos,5,Alquileres,9,Otros alquileres,29,Otros,1.3,Recursos con Afectación Específica,11330000,Otros ingresos no impositivos,0,GENERICO,0,0,13.5,2024-07-01 00:00:00
2023,5,2023,1,Sector Público Nacional no Financiero,1,Administración Nacional,1,Administración Central,72,Ministerio de Cultura,0,Ministerio de Cultura,0,Ministerio de Cultura,337,Ministerio de Cultura,14,Venta de bienes y servicios de administraciones públicas,2,Venta de servicios,1,Venta de servicios varios de la Administración Nacional,29,Otros,1.3,Recursos con Afectación Específica,11400000,Ventas de bienes y serv. de las administraciones públicas,0,GENERICO,0,0,141.21372244,2024-07-01 00:00:00
2023,5,2023,1,Sector Público Nacional no Financiero,1,Administración Nacional,1,Administración Central,75,"Ministerio de Trabajo, Empleo y Seguridad Social",0,"Ministerio de Trabajo, Empleo y Seguridad Social",0,"Ministerio de Trabajo, Empleo y Seguridad Social",350,"Ministerio de Trabajo, Empleo y Seguridad Social",12,Ingresos no impositivos,1,Tasas,9,Otras,89,Ley 24.635 Conciliación Laboral,1.3,Recursos con Afectación Específica,11310000,Tasas,0,GENERICO,0,0,4.11259603,2024-07-01 00:00:00
2023,5,2023,1,Sector Público Nacional no Financiero,1,Administración Nacional,1,Administración Central,75,"Ministerio de Trabajo, Empleo y Seguridad Social",0,"Ministerio de Trabajo, Empleo y Seguridad Social",0,"Ministerio de Trabajo, Empleo y Seguridad Social",350,"Ministerio de Trabajo, Empleo y Seguridad Social",12,Ingresos no impositivos,6,Multas,1,Multas por infracciones,2,Ley Nº 25.877 - Infrac. a obligaciones de la Seguridad Socia,1.3,Recursos con Afectación Específica,11330000,Otros ingresos no impositivos,0,GENERICO,0,0,100.21288416,2024-07-01 00:00:00
2023,5,2023,1,Sector Público Nacional no Financiero,1,Administración Nacional,1,Administración Central,75,"Ministerio de Trabajo, Empleo y Seguridad Social",0,"Ministerio de Trabajo, Empleo y Seguridad Social",0,"Ministerio de Trabajo, Empleo y Seguridad Social",350,"Ministerio de Trabajo, Empleo y Seguridad Social",12,Ingresos no impositivos,6,Multas,1,Multas por infracciones,59,Incumplimiento de la normativa laboral federal y de la seguridad social,1.3,Recursos con Afectación Específica,11330000,Otros ingresos no impositivos,0,GENERICO,0,0,39.86447359,2024-07-01 00:00:00
2023,5,2023,1,Sector Público Nacional no Financiero,1,Administración Nacional,1,Administración Central,75,"Ministerio de Trabajo, Empleo y Seguridad Social",0,"Ministerio de Trabajo, Empleo y Seguridad Social",0,"Ministerio de Trabajo, Empleo y Seguridad Social",350,"Ministerio de Trabajo, Empleo y Seguridad Social",12,Ingresos no impositivos,9,Otros ingresos no impositivos,4,Aporte Solidario y Extraordinario para Ayudar a Morigerar los Efectos de la Pandemia,2,"Ley Nº 27.605 - Art. 7 - 20%. Subsidios a las micro, pequeñas y medianas empresas",1.3,Recursos con Afectación Específica,11330000,Otros ingresos no impositivos,0,GENERICO,0,0,80.7822,2024-07-01 00:00:00
2023,5,2023,1,Sector Público Nacional no Financiero,1,Administración Nacional,1,Administración Central,80,Ministerio de Salud,0,Ministerio de Salud,0,Ministerio de Salud,310,Ministerio de Salud,12,Ingresos no impositivos,1,Tasas,9,Otras,56,Fondo Nacional de la Salud,1.3,Recursos con Afectación Específica,11310000,Tasas,0,GENERICO,0,0,15.41417807,2024-07-01 00:00:00
2023,5,2023,1,Sector Público Nacional no Financiero,1,Administración Nacional,1,Administración Central,80,Ministerio de Salud,0,Ministerio de Salud,0,Ministerio de Salud,310,Ministerio de Salud,12,Ingresos no impositivos,9,Otros ingresos no impositivos,4,Aporte Solidario y Extraordinario para Ayudar a Morigerar los Efectos de la Pandemia,1,Ley Nº 27.605 - Art. 7 - 20%. Equipamiento e insumos médicos,1.3,Recursos con Afectación Específica,11330000,Otros ingresos no impositivos,0,GENERICO,0,-1163.574571,80.7822,2024-07-01 00:00:00
2023,5,2023,1,Sector Público Nacional no Financiero,1,Administración Nacional,1,Administración Central,81,Ministerio de Ambiente y Desarrollo Sostenible,0,Ministerio de Ambiente y Desarrollo Sostenible,0,Ministerio de Ambiente y Desarrollo Sostenible,317,Ministerio de Ambiente y Desarrollo Sostenible,12,Ingresos no impositivos,1,Tasas,9,Otras,80,Secretaría de Ambiente y Desarrollo Sustentable,1.3,Recursos con Afectación Específica,11310000,Tasas,0,GENERICO,0,0,25.28922885,2024-07-01 00:00:00
2023,5,2023,1,Sector Público Nacional no Financiero,1,Administración Nacional,1,Administración Central,81,Ministerio de Ambiente y Desarrollo Sostenible,0,Ministerio de Ambiente y Desarrollo Sostenible,0,Ministerio de Ambiente y Desarrollo Sostenible,317,Ministerio de Ambiente y Desarrollo Sostenible,17,Transferencias corrientes,6,Transferencias corrientes del sector externo,2,Transferencias corrientes de organismos internacionales,0,Transferencias corrientes de organismos internacionales,2.1,Transferencias Externas,11732000,De organismos internacionales,90010202,BID GRT/FM-15083-AR-2 Medidas de eficiencia energética y energía renovable en la vivienda social (GEF 4861),0,0,47.96994239,2024-07-01 00:00:00
2023,5,2023,1,Sector Público Nacional no Financiero,1,Administración Nacional,1,Administración Central,81,Ministerio de Ambiente y Desarrollo Sostenible,0,Ministerio de Ambiente y Desarrollo Sostenible,0,Ministerio de Ambiente y Desarrollo Sostenible,317,Ministerio de Ambiente y Desarrollo Sostenible,17,Transferencias corrientes,6,Transferencias corrientes del sector externo,2,Transferencias corrientes de organismos internacionales,0,Transferencias corrientes de organismos internacionales,2.1,Transferencias Externas,11732000,De organismos internacionales,90036900,CAF AF/AU/RIOU/G1 - Adaptación al cambio climático en ciudades y ecosistemas vulnerables costeros del Rìo Uruguay (ARG - URU),0,0,0,2024-07-01 00:00:00
2023,5,2023,1,Sector Público Nacional no Financiero,1,Administración Nacional,1,Administración Central,81,Ministerio de Ambiente y Desarrollo Sostenible,0,Ministerio de Ambiente y Desarrollo Sostenible,0,Ministerio de Ambiente y Desarrollo Sostenible,317,Ministerio de Ambiente y Desarrollo Sostenible,17,Transferencias corrientes,6,Transferencias corrientes del sector externo,2,Transferencias corrientes de organismos internacionales,0,Transferencias corrientes de organismos internacionales,2.1,Transferencias Externas,11732000,De organismos internacionales,90037100,PNUD ARG/21/G28 Incorporación de los criterios de conservación de la biodiversidad en los programas y las políticas públicas sec,0,0,0,2024-07-01 00:00:00
2023,5,2023,1,Sector Público Nacional no Financiero,1,Administración Nacional,1,Administración Central,81,Ministerio de Ambiente y Desarrollo Sostenible,0,Ministerio de Ambiente y Desarrollo Sostenible,0,Ministerio de Ambiente y Desarrollo Sostenible,317,Ministerio de Ambiente y Desarrollo Sostenible,17,Transferencias corrientes,6,Transferencias corrientes del sector externo,2,Transferencias corrientes de organismos internacionales,0,Transferencias corrientes de organismos internacionales,2.1,Transferencias Externas,11732000,De organismos internacionales,90044900,PNUD ARG/19/007 Apoyo a la Implementación de la Contribución Nacional (PAI-NDC / NDC Support),0,0,0,2024-07-01 00:00:00
2023,5,2023,1,Sector Público Nacional no Financiero,1,Administración Nacional,1,Administración Central,81,Ministerio de Ambiente y Desarrollo Sostenible,0,Ministerio de Ambiente y Desarrollo Sostenible,0,Ministerio de Ambiente y Desarrollo Sostenible,317,Ministerio de Ambiente y Desarrollo Sostenible,17,Transferencias corrientes,6,Transferencias corrientes del sector externo,2,Transferencias corrientes de organismos internacionales,0,Transferencias corrientes de organismos internacionales,2.1,Transferencias Externas,11732000,De organismos internacionales,90045000,UNEP 01617 GEF 9955 Fortalecimiento de Capacidades para la Transparencia Climática Arg,0,0,-24.80872269,2024-07-01 00:00:00
2023,5,2023,1,Sector Público Nacional no Financiero,1,Administración Nacional,1,Administración Central,81,Ministerio de Ambiente y Desarrollo Sostenible,0,Ministerio de Ambiente y Desarrollo Sostenible,0,Ministerio de Ambiente y Desarrollo Sostenible,317,Ministerio de Ambiente y Desarrollo Sostenible,17,Transferencias corrientes,6,Transferencias corrientes del sector externo,2,Transferencias corrientes de organismos internacionales,0,Transferencias corrientes de organismos internacionales,2.1,Transferencias Externas,11732000,De organismos internacionales,90046500,PNUD ARG/19/G24 Incorporación de la Conservación de la Biodiversidad y el Manejo Sostenible de las Tierras (MST),0,0,-161.24856681,2024-07-01 00:00:00
2023,5,2023,1,Sector Público Nacional no Financiero,1,Administración Nacional,1,Administración Central,81,Ministerio de Ambiente y Desarrollo Sostenible,0,Ministerio de Ambiente y Desarrollo Sostenible,0,Ministerio de Ambiente y Desarrollo Sostenible,317,Ministerio de Ambiente y Desarrollo Sostenible,17,Transferencias corrientes,6,Transferencias corrientes del sector externo,2,Transferencias corrientes de organismos internacionales,0,Transferencias corrientes de organismos internacionales,2.1,Transferencias Externas,11732000,De organismos internacionales,90046800,"PNUD ARG/20/G27 GEF 10094 Gestión ambientalmente racional de contaminantes orgánicos persistentes, mercurio y otras sust pelig",0,-7.663,0,2024-07-01 00:00:00
2023,5,2023,1,Sector Público Nacional no Financiero,1,Administración Nacional,1,Administración Central,81,Ministerio de Ambiente y Desarrollo Sostenible,0,Ministerio de Ambiente y Desarrollo Sostenible,0,Ministerio de Ambiente y Desarrollo Sostenible,317,Ministerio de Ambiente y Desarrollo Sostenible,17,Transferencias corrientes,6,Transferencias corrientes del sector externo,2,Transferencias corrientes de organismos internacionales,0,Transferencias corrientes de organismos internacionales,2.1,Transferencias Externas,11732000,De organismos internacionales,90052600,ECF G-2011-03977 Fortalecimiento en la Identificación de Marcos Regulatorios para la Investigación del,0,0,16.25750816,2024-07-01 00:00:00
2023,5,2023,1,Sector Público Nacional no Financiero,1,Administración Nacional,1,Administración Central,81,Ministerio de Ambiente y Desarrollo Sostenible,0,Ministerio de Ambiente y Desarrollo Sostenible,0,Ministerio de Ambiente y Desarrollo Sostenible,317,Ministerio de Ambiente y Desarrollo Sostenible,17,Transferencias corrientes,6,Transferencias corrientes del sector externo,2,Transferencias corrientes de organismos internacionales,0,Transferencias corrientes de organismos internacionales,2.1,Transferencias Externas,11732000,De organismos internacionales,90052800,"ECF 74717086 Cooperación Institucional, Técnica y Científica para la Contribución de Políticas Públicas Ambientales",0,0.6,0,2024-07-01 00:00:00
2023,5,2023,1,Sector Público Nacional no Financiero,1,Administración Nacional,1,Administración Central,81,Ministerio de Ambiente y Desarrollo Sostenible,0,Ministerio de Ambiente y Desarrollo Sostenible,0,Ministerio de Ambiente y Desarrollo Sostenible,317,Ministerio de Ambiente y Desarrollo Sostenible,17,Transferencias corrientes,6,Transferencias corrientes del sector externo,2,Transferencias corrientes de organismos internacionales,0,Transferencias corrientes de organismos internacionales,2.1,Transferencias Externas,11732000,De organismos internacionales,90060301,PNUD ARG 21/G26 Apoyo a la Preparación del Cuarto Informe Bienal de Actualización de la República Argentina -IBA,0,0,0,2024-07-01 00:00:00
2023,5,2023,1,Sector Público Nacional no Financiero,1,Administración Nacional,1,Administración Central,81,Ministerio de Ambiente y Desarrollo Sostenible,0,Ministerio de Ambiente y Desarrollo Sostenible,0,Ministerio de Ambiente y Desarrollo Sostenible,317,Ministerio de Ambiente y Desarrollo Sostenible,17,Transferencias corrientes,6,Transferencias corrientes del sector externo,2,Transferencias corrientes de organismos internacionales,0,Transferencias corrientes de organismos internacionales,2.1,Transferencias Externas,11732000,De organismos internacionales,90065101,GEF Estrategia Nacional de Biodiversidad - Marco Mundial sobre Diversidad Biológica post 2020 (GEF 11023) (PNUD 00146097),0,0,0,2024-07-01 00:00:00
2023,5,2023,1,Sector Público Nacional no Financiero,1,Administración Nacional,1,Administración Central,81,Ministerio de Ambiente y Desarrollo Sostenible,0,Ministerio de Ambiente y Desarrollo Sostenible,0,Ministerio de Ambiente y Desarrollo Sostenible,317,Ministerio de Ambiente y Desarrollo Sostenible,17,Transferencias corrientes,6,Transferencias corrientes del sector externo,2,Transferencias corrientes de organismos internacionales,0,Transferencias corrientes de organismos internacionales,2.1,Transferencias Externas,11732000,De organismos internacionales,90065201,GCF Readiness eficiencia energética en edificios,0,0,0,2024-07-01 00:00:00
2023,5,2023,1,Sector Público Nacional no Financiero,1,Administración Nacional,1,Administración Central,81,Ministerio de Ambiente y Desarrollo Sostenible,0,Ministerio de Ambiente y Desarrollo Sostenible,0,Ministerio de Ambiente y Desarrollo Sostenible,317,Ministerio de Ambiente y Desarrollo Sostenible,17,Transferencias corrientes,6,Transferencias corrientes del sector externo,2,Transferencias corrientes de organismos internacionales,0,Transferencias corrientes de organismos internacionales,2.1,Transferencias Externas,11732000,De organismos internacionales,90065301,CAF Fortalecimiento de las capacidades nacionales para el manejo ambiental de los contaminantes emergentes y otras sust. peligr,0,3.5,0,2024-07-01 00:00:00
2023,5,2023,1,Sector Público Nacional no Financiero,1,Administración Nacional,1,Administración Central,81,Ministerio de Ambiente y Desarrollo Sostenible,0,Ministerio de Ambiente y Desarrollo Sostenible,0,Ministerio de Ambiente y Desarrollo Sostenible,317,Ministerio de Ambiente y Desarrollo Sostenible,17,Transferencias corrientes,6,Transferencias corrientes del sector externo,2,Transferencias corrientes de organismos internacionales,0,Transferencias corrientes de organismos internacionales,2.1,Transferencias Externas,11732000,De organismos internacionales,90065401,CB Fortaleciendo el manejo ambientalmente racional de los residuos plásticos en Argentina bajo el Convenio de Basilea,0,3.5,0,2024-07-01 00:00:00
2023,5,2023,1,Sector Público Nacional no Financiero,1,Administración Nacional,1,Administración Central,81,Ministerio de Ambiente y Desarrollo Sostenible,0,Ministerio de Ambiente y Desarrollo Sostenible,0,Ministerio de Ambiente y Desarrollo Sostenible,317,Ministerio de Ambiente y Desarrollo Sostenible,17,Transferencias corrientes,6,Transferencias corrientes del sector externo,2,Transferencias corrientes de organismos internacionales,0,Transferencias corrientes de organismos internacionales,2.1,Transferencias Externas,11732000,De organismos internacionales,90065501,Fortalecimiento de las capacidades para el manejo ambiental de los residuos de mercurio,0,0,0,2024-07-01 00:00:00
2023,5,2023,1,Sector Público Nacional no Financiero,1,Administración Nacional,1,Administración Central,81,Ministerio de Ambiente y Desarrollo Sostenible,0,Ministerio de Ambiente y Desarrollo Sostenible,0,Ministerio de Ambiente y Desarrollo Sostenible,317,Ministerio de Ambiente y Desarrollo Sostenible,17,Transferencias corrientes,6,Transferencias corrientes del sector externo,2,Transferencias corrientes de organismos internacionales,0,Transferencias corrientes de organismos internacionales,2.1,Transferencias Externas,11732000,De organismos internacionales,90066901,BID ATN/OC-19217-AR Apoyo a la Emergencia Debida a Incendios Forestales en el Norte de Argentina,0,0.063,0,2024-07-01 00:00:00
2023,5,2023,1,Sector Público Nacional no Financiero,1,Administración Nacional,1,Administración Central,81,Ministerio de Ambiente y Desarrollo Sostenible,0,Ministerio de Ambiente y Desarrollo Sostenible,0,Ministerio de Ambiente y Desarrollo Sostenible,317,Ministerio de Ambiente y Desarrollo Sostenible,17,Transferencias corrientes,6,Transferencias corrientes del sector externo,2,Transferencias corrientes de organismos internacionales,0,Transferencias corrientes de organismos internacionales,2.1,Transferencias Externas,11732000,De organismos internacionales,90067801,GEF 10960 Fortalecimiento de las Capacidades para Mejorar el Monitoreo y la Presentación de Informes de la CNULD (GEF 10960).,0,0,0,2024-07-01 00:00:00
2023,5,2023,1,Sector Público Nacional no Financiero,1,Administración Nacional,1,Administración Central,81,Ministerio de Ambiente y Desarrollo Sostenible,0,Ministerio de Ambiente y Desarrollo Sostenible,0,Ministerio de Ambiente y Desarrollo Sostenible,317,Ministerio de Ambiente y Desarrollo Sostenible,17,Transferencias corrientes,6,Transferencias corrientes del sector externo,2,Transferencias corrientes de organismos internacionales,0,Transferencias corrientes de organismos internacionales,2.1,Transferencias Externas,11732000,De organismos internacionales,90068901,GEF 10973 Prep.Inf. Cbio  Climat,0,0,0,2024-07-01 00:00:00
2023,5,2023,1,Sector Público Nacional no Financiero,1,Administración Nacional,1,Administración Central,81,Ministerio de Ambiente y Desarrollo Sostenible,0,Ministerio de Ambiente y Desarrollo Sostenible,0,Ministerio de Ambiente y Desarrollo Sostenible,317,Ministerio de Ambiente y Desarrollo Sostenible,17,Transferencias corrientes,6,Transferencias corrientes del sector externo,2,Transferencias corrientes de organismos internacionales,0,Transferencias corrientes de organismos internacionales,2.1,Transferencias Externas,11732000,De organismos internacionales,90069801,GEF 10973 Prep. Inf. Cbios Climat.,0,0,0,2024-07-01 00:00:00
2023,5,2023,1,Sector Público Nacional no Financiero,1,Administración Nacional,1,Administración Central,81,Ministerio de Ambiente y Desarrollo Sostenible,0,Ministerio de Ambiente y Desarrollo Sostenible,0,Ministerio de Ambiente y Desarrollo Sostenible,317,Ministerio de Ambiente y Desarrollo Sostenible,17,Transferencias corrientes,6,Transferencias corrientes del sector externo,2,Transferencias corrientes de organismos internacionales,0,Transferencias corrientes de organismos internacionales,2.1,Transferencias Externas,11732000,De organismos internacionales,90071601,AFD Implementación del Plan Nacional de Adaptación y Mitigación al Cambio Climático (AFD),0,0,0,2024-07-01 00:00:00
2023,5,2023,1,Sector Público Nacional no Financiero,1,Administración Nacional,1,Administración Central,81,Ministerio de Ambiente y Desarrollo Sostenible,0,Ministerio de Ambiente y Desarrollo Sostenible,0,Ministerio de Ambiente y Desarrollo Sostenible,317,Ministerio de Ambiente y Desarrollo Sostenible,22,Transferencias de capital,6,Transferencias de capital del sector externo,2,Transferencias de capital de organismos internacionales,0,Transferencias de capital de organismos internacionales,2.1,Transferencias Externas,12232000,De organismos internacionales,90046500,PNUD ARG/19/G24 Incorporación de la Conservación de la Biodiversidad y el Manejo Sostenible de las Tierras (MST),0,0,0,2024-07-01 00:00:00
2023,5,2023,1,Sector Público Nacional no Financiero,1,Administración Nacional,1,Administración Central,81,Ministerio de Ambiente y Desarrollo Sostenible,0,Ministerio de Ambiente y Desarrollo Sostenible,0,Ministerio de Ambiente y Desarrollo Sostenible,317,Ministerio de Ambiente y Desarrollo Sostenible,22,Transferencias de capital,6,Transferencias de capital del sector externo,2,Transferencias de capital de organismos internacionales,0,Transferencias de capital de organismos internacionales,2.1,Transferencias Externas,12232000,De organismos internacionales,90054200,FAO GCP/ARG/029/GCF Apoyo para la Lucha contra la Deforestación y el Manejo Sostenible de los Bosques Nativos (GCF FP142),0,0,0,2024-07-01 00:00:00
2023,5,2023,1,Sector Público Nacional no Financiero,1,Administración Nacional,1,Administración Central,85,Ministerio de Desarrollo Social,0,Ministerio de Desarrollo Social,0,Ministerio de Desarrollo Social,341,"Secretaría Nacional de Niñez, Adolescencia y Familia",14,Venta de bienes y servicios de administraciones públicas,2,Venta de servicios,1,Venta de servicios varios de la Administración Nacional,29,Otros,1.3,Recursos con Afectación Específica,11400000,Ventas de bienes y serv. de las administraciones públicas,0,GENERICO,0,0,0.004,2024-07-01 00:00:00
2023,5,2023,1,Sector Público Nacional no Financiero,1,Administración Nacional,1,Administración Central,85,Ministerio de Desarrollo Social,0,Ministerio de Desarrollo Social,0,Ministerio de Desarrollo Social,341,"Secretaría Nacional de Niñez, Adolescencia y Familia",16,Rentas de la propiedad,5,Arrendamiento de tierras y terrenos,1,Arrendamiento de tierras,29,Otras,1.3,Recursos con Afectación Específica,11630000,Arrendamiento de tierras y terrenos,0,GENERICO,0,0,18.195525,2024-07-01 00:00:00
2023,5,2023,1,Sector Público Nacional no Financiero,1,Administración Nacional,1,Administración Central,92,Recursos del Tesoro Nacional,0,Recursos del Tesoro Nacional,0,Recursos del Tesoro Nacional,999,Tesorería General de la Nación,11,Ingresos impositivos,1,Sobre los ingresos,1,Ganancias,1,42.34% Ganancias Coparticipado,1.1,Tesoro Nacional,11111000,Sobre los ingresos,0,GENERICO,0,0,286003.84516325,2024-07-01 00:00:00
2023,5,2023,1,Sector Público Nacional no Financiero,1,Administración Nacional,1,Administración Central,92,Recursos del Tesoro Nacional,0,Recursos del Tesoro Nacional,0,Recursos del Tesoro Nacional,999,Tesorería General de la Nación,11,Ingresos impositivos,1,Sobre los ingresos,3,Premios de juegos de azar y concursos deportivos,1,Premios de Juegos Varios,1.1,Tesoro Nacional,11111000,Sobre los ingresos,0,GENERICO,0,0,186.73600626,2024-07-01 00:00:00
2023,5,2023,1,Sector Público Nacional no Financiero,1,Administración Nacional,1,Administración Central,92,Recursos del Tesoro Nacional,0,Recursos del Tesoro Nacional,0,Recursos del Tesoro Nacional,999,Tesorería General de la Nación,11,Ingresos impositivos,1,Sobre los ingresos,3,Premios de juegos de azar y concursos deportivos,3,"Ley 27.346 - Título III, Capítulos I y II",1.1,Tesoro Nacional,11111000,Sobre los ingresos,0,GENERICO,0,0,401.16360695,2024-07-01 00:00:00
2023,5,2023,1,Sector Público Nacional no Financiero,1,Administración Nacional,1,Administración Central,92,Recursos del Tesoro Nacional,0,Recursos del Tesoro Nacional,0,Recursos del Tesoro Nacional,999,Tesorería General de la Nación,11,Ingresos impositivos,2,Sobre el patrimonio,1,Activos,1,42.34% Activos Coparticipado,1.1,Tesoro Nacional,11112000,Sobre el patrimonio,0,GENERICO,0,0,0.01150248,2024-07-01 00:00:00
2023,5,2023,1,Sector Público Nacional no Financiero,1,Administración Nacional,1,Administración Central,92,Recursos del Tesoro Nacional,0,Recursos del Tesoro Nacional,0,Recursos del Tesoro Nacional,999,Tesorería General de la Nación,11,Ingresos impositivos,2,Sobre el patrimonio,3,Inmuebles,0,Inmuebles,1.1,Tesoro Nacional,11112000,Sobre el patrimonio,0,GENERICO,0,0,707.18846552,2024-07-01 00:00:00
2023,5,2023,1,Sector Público Nacional no Financiero,1,Administración Nacional,1,Administración Central,92,Recursos del Tesoro Nacional,0,Recursos del Tesoro Nacional,0,Recursos del Tesoro Nacional,999,Tesorería General de la Nación,11,Ingresos impositivos,2,Sobre el patrimonio,5,Bienes Personales,1,Bienes Personales Tesoro,1.1,Tesoro Nacional,11112000,Sobre el patrimonio,0,GENERICO,0,0,10471.30397988,2024-07-01 00:00:00
2023,5,2023,1,Sector Público Nacional no Financiero,1,Administración Nacional,1,Administración Central,92,Recursos del Tesoro Nacional,0,Recursos del Tesoro Nacional,0,Recursos del Tesoro Nacional,999,Tesorería General de la Nación,11,Ingresos impositivos,6,"Sobre la producción, el consumo y las transacciones",1,Valor agregado,1,42.34% IVA Coparticipado,1.1,Tesoro Nacional,11121000,"Sobre la producción, el consumo y las transacciones",0,GENERICO,0,0,334638.77426171,2024-07-01 00:00:00
2023,5,2023,1,Sector Público Nacional no Financiero,1,Administración Nacional,1,Administración Central,92,Recursos del Tesoro Nacional,0,Recursos del Tesoro Nacional,0,Recursos del Tesoro Nacional,999,Tesorería General de la Nación,11,Ingresos impositivos,6,"Sobre la producción, el consumo y las transacciones",2,Internos unificados,1,42.34% Internos Cigarrillos Coparticipado,1.1,Tesoro Nacional,11121000,"Sobre la producción, el consumo y las transacciones",0,GENERICO,0,0,14015.50215787,2024-07-01 00:00:00
2023,5,2023,1,Sector Público Nacional no Financiero,1,Administración Nacional,1,Administración Central,92,Recursos del Tesoro Nacional,0,Recursos del Tesoro Nacional,0,Recursos del Tesoro Nacional,999,Tesorería General de la Nación,11,Ingresos impositivos,6,"Sobre la producción, el consumo y las transacciones",2,Internos unificados,2,42.34% Resto Internos Coparticipado,1.1,Tesoro Nacional,11121000,"Sobre la producción, el consumo y las transacciones",0,GENERICO,0,0,12734.84549463,2024-07-01 00:00:00
2023,5,2023,1,Sector Público Nacional no Financiero,1,Administración Nacional,1,Administración Central,92,Recursos del Tesoro Nacional,0,Recursos del Tesoro Nacional,0,Recursos del Tesoro Nacional,999,Tesorería General de la Nación,11,Ingresos impositivos,6,"Sobre la producción, el consumo y las transacciones",3,Combustibles líquidos y al dióxido de carbono,1,Tesoro - 39% Combustibles,1.1,Tesoro Nacional,11121000,"Sobre la producción, el consumo y las transacciones",0,GENERICO,0,0,4041.35305696,2024-07-01 00:00:00
2023,5,2023,1,Sector Público Nacional no Financiero,1,Administración Nacional,1,Administración Central,92,Recursos del Tesoro Nacional,0,Recursos del Tesoro Nacional,0,Recursos del Tesoro Nacional,999,Tesorería General de la Nación,11,Ingresos impositivos,6,"Sobre la producción, el consumo y las transacciones",4,Intereses pagados y costo financiero del endeudamiento empresario,1,"42,34% Intereses Pagados y Cost. Fin. del Endeud. Empr.",1.1,Tesoro Nacional,11121000,"Sobre la producción, el consumo y las transacciones",0,GENERICO,0,0,116.31851482,2024-07-01 00:00:00
2023,5,2023,1,Sector Público Nacional no Financiero,1,Administración Nacional,1,Administración Central,92,Recursos del Tesoro Nacional,0,Recursos del Tesoro Nacional,0,Recursos del Tesoro Nacional,999,Tesorería General de la Nación,11,Ingresos impositivos,6,"Sobre la producción, el consumo y las transacciones",5,Sellos,0,Sellos,1.1,Tesoro Nacional,11121000,"Sobre la producción, el consumo y las transacciones",0,GENERICO,0,0,10.19660059,2024-07-01 00:00:00
2023,5,2023,1,Sector Público Nacional no Financiero,1,Administración Nacional,1,Administración Central,92,Recursos del Tesoro Nacional,0,Recursos del Tesoro Nacional,0,Recursos del Tesoro Nacional,999,Tesorería General de la Nación,11,Ingresos impositivos,7,Sobre el comercio y las transacciones internacionales,1,Derechos de importación,1,No Coparticipados Tesoro,1.1,Tesoro Nacional,11122000,Sobre el comercio y las transacciones internacionales,0,GENERICO,0,0,63757.458865,2024-07-01 00:00:00
2023,5,2023,1,Sector Público Nacional no Financiero,1,Administración Nacional,1,Administración Central,92,Recursos del Tesoro Nacional,0,Recursos del Tesoro Nacional,0,Recursos del Tesoro Nacional,999,Tesorería General de la Nación,11,Ingresos impositivos,7,Sobre el comercio y las transacciones internacionales,2,Derechos de exportación,1,No Coparticipados Tesoro,1.1,Tesoro Nacional,11122000,Sobre el comercio y las transacciones internacionales,0,GENERICO,0,0,130924.92788,2024-07-01 00:00:00
2023,5,2023,1,Sector Público Nacional no Financiero,1,Administración Nacional,1,Administración Central,92,Recursos del Tesoro Nacional,0,Recursos del Tesoro Nacional,0,Recursos del Tesoro Nacional,999,Tesorería General de la Nación,11,Ingresos impositivos,7,Sobre el comercio y las transacciones internacionales,3,Tasa de estadística,1,No Coparticipados Tesoro,1.1,Tesoro Nacional,11122000,Sobre el comercio y las transacciones internacionales,0,GENERICO,0,0,4105.00696362,2024-07-01 00:00:00
2023,5,2023,1,Sector Público Nacional no Financiero,1,Administración Nacional,1,Administración Central,92,Recursos del Tesoro Nacional,0,Recursos del Tesoro Nacional,0,Recursos del Tesoro Nacional,999,Tesorería General de la Nación,11,Ingresos impositivos,9,Otros impuestos,9,Otros,9,Otros Coparticipados,1.1,Tesoro Nacional,11123000,Otros impuestos,0,GENERICO,0,0,182.80001342,2024-07-01 00:00:00
2023,5,2023,1,Sector Público Nacional no Financiero,1,Administración Nacional,1,Administración Central,92,Recursos del Tesoro Nacional,0,Recursos del Tesoro Nacional,0,Recursos del Tesoro Nacional,999,Tesorería General de la Nación,11,Ingresos impositivos,9,Otros impuestos,9,Otros,15,Internos Sobre Segurros,1.1,Tesoro Nacional,11123000,Otros impuestos,0,GENERICO,0,0,129.332275,2024-07-01 00:00:00
2023,5,2023,1,Sector Público Nacional no Financiero,1,Administración Nacional,1,Administración Central,92,Recursos del Tesoro Nacional,0,Recursos del Tesoro Nacional,0,Recursos del Tesoro Nacional,999,Tesorería General de la Nación,12,Ingresos no impositivos,1,Tasas,2,Fiscalización del transporte,29,Otras,1.1,Tesoro Nacional,11310000,Tasas,0,GENERICO,0,0,1.449065,2024-07-01 00:00:00
2023,5,2023,1,Sector Público Nacional no Financiero,1,Administración Nacional,1,Administración Central,92,Recursos del Tesoro Nacional,0,Recursos del Tesoro Nacional,0,Recursos del Tesoro Nacional,999,Tesorería General de la Nación,12,Ingresos no impositivos,1,Tasas,9,Otras,8,Tasa de Actuación Judicial - Tribunal Fiscal de la Nación,1.1,Tesoro Nacional,11310000,Tasas,0,GENERICO,0,0,243.51019441,2024-07-01 00:00:00
2023,5,2023,1,Sector Público Nacional no Financiero,1,Administración Nacional,1,Administración Central,92,Recursos del Tesoro Nacional,0,Recursos del Tesoro Nacional,0,Recursos del Tesoro Nacional,999,Tesorería General de la Nación,12,Ingresos no impositivos,1,Tasas,9,Otras,29,Varios,1.1,Tesoro Nacional,11310000,Tasas,0,GENERICO,0,0,268.48829718,2024-07-01 00:00:00
2023,5,2023,1,Sector Público Nacional no Financiero,1,Administración Nacional,1,Administración Central,92,Recursos del Tesoro Nacional,0,Recursos del Tesoro Nacional,0,Recursos del Tesoro Nacional,999,Tesorería General de la Nación,12,Ingresos no impositivos,2,Derechos,1,"Derechos de uso de puertos, aeropuertos y aeródromos",2,Puertos y Canales,1.1,Tesoro Nacional,11320000,Derechos,0,GENERICO,0,0,36.02759325,2024-07-01 00:00:00
2023,5,2023,1,Sector Público Nacional no Financiero,1,Administración Nacional,1,Administración Central,92,Recursos del Tesoro Nacional,0,Recursos del Tesoro Nacional,0,Recursos del Tesoro Nacional,999,Tesorería General de la Nación,12,Ingresos no impositivos,2,Derechos,9,Otros derechos,29,Varios,1.1,Tesoro Nacional,11320000,Derechos,0,GENERICO,0,0,15.25184704,2024-07-01 00:00:00
2023,5,2023,1,Sector Público Nacional no Financiero,1,Administración Nacional,1,Administración Central,92,Recursos del Tesoro Nacional,0,Recursos del Tesoro Nacional,0,Recursos del Tesoro Nacional,999,Tesorería General de la Nación,12,Ingresos no impositivos,3,Primas,0,Primas,0,Primas,1.1,Tesoro Nacional,11330000,Otros ingresos no impositivos,0,GENERICO,0,0,1352.41513629,2024-07-01 00:00:00
2023,5,2023,1,Sector Público Nacional no Financiero,1,Administración Nacional,1,Administración Central,92,Recursos del Tesoro Nacional,0,Recursos del Tesoro Nacional,0,Recursos del Tesoro Nacional,999,Tesorería General de la Nación,12,Ingresos no impositivos,5,Alquileres,1,Alquileres de inmuebles,1,Decreto 1.382/12 - Artículo 15 - 30%,1.1,Tesoro Nacional,11330000,Otros ingresos no impositivos,0,GENERICO,0,0,29.4816061,2024-07-01 00:00:00
2023,5,2023,1,Sector Público Nacional no Financiero,1,Administración Nacional,1,Administración Central,92,Recursos del Tesoro Nacional,0,Recursos del Tesoro Nacional,0,Recursos del Tesoro Nacional,999,Tesorería General de la Nación,12,Ingresos no impositivos,5,Alquileres,1,Alquileres de inmuebles,29,Otros,1.1,Tesoro Nacional,11330000,Otros ingresos no impositivos,0,GENERICO,0,0,-0.00032798,2024-07-01 00:00:00
2023,5,2023,1,Sector Público Nacional no Financiero,1,Administración Nacional,1,Administración Central,92,Recursos del Tesoro Nacional,0,Recursos del Tesoro Nacional,0,Recursos del Tesoro Nacional,999,Tesorería General de la Nación,12,Ingresos no impositivos,6,Multas,1,Multas por infracciones,29,Otras,1.1,Tesoro Nacional,11330000,Otros ingresos no impositivos,0,GENERICO,0,0,960.59640738,2024-07-01 00:00:00
2023,5,2023,1,Sector Público Nacional no Financiero,1,Administración Nacional,1,Administración Central,92,Recursos del Tesoro Nacional,0,Recursos del Tesoro Nacional,0,Recursos del Tesoro Nacional,999,Tesorería General de la Nación,12,Ingresos no impositivos,9,Otros ingresos no impositivos,1,Afectaciones y devoluciones,1,Afectación a Favor del Tesoro,1.1,Tesoro Nacional,11330000,Otros ingresos no impositivos,0,GENERICO,0,0,1349.3229463,2024-07-01 00:00:00
2023,5,2023,1,Sector Público Nacional no Financiero,1,Administración Nacional,1,Administración Central,92,Recursos del Tesoro Nacional,0,Recursos del Tesoro Nacional,0,Recursos del Tesoro Nacional,999,Tesorería General de la Nación,12,Ingresos no impositivos,9,Otros ingresos no impositivos,1,Afectaciones y devoluciones,5,Recaudación 5% Entrada Predio Sociedad Rural,1.1,Tesoro Nacional,11330000,Otros ingresos no impositivos,0,GENERICO,0,0,2.02966494,2024-07-01 00:00:00
2023,5,2023,1,Sector Público Nacional no Financiero,1,Administración Nacional,1,Administración Central,92,Recursos del Tesoro Nacional,0,Recursos del Tesoro Nacional,0,Recursos del Tesoro Nacional,999,Tesorería General de la Nación,12,Ingresos no impositivos,9,Otros ingresos no impositivos,1,Afectaciones y devoluciones,29,Varios,1.1,Tesoro Nacional,11330000,Otros ingresos no impositivos,0,GENERICO,0,0,365.34609269,2024-07-01 00:00:00
2023,5,2023,1,Sector Público Nacional no Financiero,1,Administración Nacional,1,Administración Central,92,Recursos del Tesoro Nacional,0,Recursos del Tesoro Nacional,0,Recursos del Tesoro Nacional,999,Tesorería General de la Nación,12,Ingresos no impositivos,9,Otros ingresos no impositivos,2,Especificados,2,Juicios con Sentencia,1.1,Tesoro Nacional,11330000,Otros ingresos no impositivos,0,GENERICO,0,0,6.0525109,2024-07-01 00:00:00
2023,5,2023,1,Sector Público Nacional no Financiero,1,Administración Nacional,1,Administración Central,92,Recursos del Tesoro Nacional,0,Recursos del Tesoro Nacional,0,Recursos del Tesoro Nacional,999,Tesorería General de la Nación,12,Ingresos no impositivos,9,Otros ingresos no impositivos,9,Otros,29,Otros,1.1,Tesoro Nacional,11330000,Otros ingresos no impositivos,0,GENERICO,0,0,5.48254799,2024-07-01 00:00:00
2023,5,2023,1,Sector Público Nacional no Financiero,1,Administración Nacional,1,Administración Central,92,Recursos del Tesoro Nacional,0,Recursos del Tesoro Nacional,0,Recursos del Tesoro Nacional,999,Tesorería General de la Nación,14,Venta de bienes y servicios de administraciones públicas,2,Venta de servicios,1,Venta de servicios varios de la Administración Nacional,29,Otros,1.1,Tesoro Nacional,11400000,Ventas de bienes y serv. de las administraciones públicas,0,GENERICO,0,0,0.17670099,2024-07-01 00:00:00
2023,5,2023,1,Sector Público Nacional no Financiero,1,Administración Nacional,1,Administración Central,92,Recursos del Tesoro Nacional,0,Recursos del Tesoro Nacional,0,Recursos del Tesoro Nacional,999,Tesorería General de la Nación,16,Rentas de la propiedad,1,Intereses por préstamos,1,Intereses por préstamos en moneda nacional,4,Asistencia Financiera a Provincias,1.1,Tesoro Nacional,11611100,Intereses por préstamos,0,GENERICO,0,0,3.25558322,2024-07-01 00:00:00
2023,5,2023,1,Sector Público Nacional no Financiero,1,Administración Nacional,1,Administración Central,92,Recursos del Tesoro Nacional,0,Recursos del Tesoro Nacional,0,Recursos del Tesoro Nacional,999,Tesorería General de la Nación,16,Rentas de la propiedad,1,Intereses por préstamos,1,Intereses por préstamos en moneda nacional,5,Res. MEyFP N° 36/2013 Deudas de las Provincias,1.1,Tesoro Nacional,11611100,Intereses por préstamos,0,GENERICO,0,0,24.52495829,2024-07-01 00:00:00
2023,5,2023,1,Sector Público Nacional no Financiero,1,Administración Nacional,1,Administración Central,92,Recursos del Tesoro Nacional,0,Recursos del Tesoro Nacional,0,Recursos del Tesoro Nacional,999,Tesorería General de la Nación,16,Rentas de la propiedad,1,Intereses por préstamos,1,Intereses por préstamos en moneda nacional,6,Argenta FGS,1.1,Tesoro Nacional,11611100,Intereses por préstamos,0,GENERICO,0,0,82.63392923,2024-07-01 00:00:00
2023,5,2023,1,Sector Público Nacional no Financiero,1,Administración Nacional,1,Administración Central,92,Recursos del Tesoro Nacional,0,Recursos del Tesoro Nacional,0,Recursos del Tesoro Nacional,999,Tesorería General de la Nación,16,Rentas de la propiedad,1,Intereses por préstamos,1,Intereses por préstamos en moneda nacional,29,Otros,1.1,Tesoro Nacional,11611100,Intereses por préstamos,0,GENERICO,0,0,4099.29223805,2024-07-01 00:00:00
2023,5,2023,1,Sector Público Nacional no Financiero,1,Administración Nacional,1,Administración Central,92,Recursos del Tesoro Nacional,0,Recursos del Tesoro Nacional,0,Recursos del Tesoro Nacional,999,Tesorería General de la Nación,16,Rentas de la propiedad,2,Intereses por depósitos,1,Intereses por depósitos en moneda nacional,29,Otros,1.1,Tesoro Nacional,11611200,Intereses por depósitos,0,GENERICO,0,0,2561.03078676,2024-07-01 00:00:00
2023,5,2023,1,Sector Público Nacional no Financiero,1,Administración Nacional,1,Administración Central,92,Recursos del Tesoro Nacional,0,Recursos del Tesoro Nacional,0,Recursos del Tesoro Nacional,999,Tesorería General de la Nación,16,Rentas de la propiedad,3,Intereses por títulos y valores,1,Intereses por títulos y valores en moneda nacional,29,Otros,1.1,Tesoro Nacional,11611300,Intereses por títulos y valores,0,GENERICO,0,0,0.11154644,2024-07-01 00:00:00
2023,5,2023,1,Sector Público Nacional no Financiero,1,Administración Nacional,1,Administración Central,92,Recursos del Tesoro Nacional,0,Recursos del Tesoro Nacional,0,Recursos del Tesoro Nacional,999,Tesorería General de la Nación,17,Transferencias corrientes,5,Transferencias corrientes de instituciones provinciales y municipales,1,Transferencias corrientes de la Administración Pública Provincial,29,Otras,1.1,Tesoro Nacional,11723100,De la Administración Pública Provincial,0,GENERICO,0,0,707.51079202,2024-07-01 00:00:00
2023,5,2023,1,Sector Público Nacional no Financiero,1,Administración Nacional,2,Organismos Descentralizados,1,Poder Legislativo Nacional,0,Poder Legislativo Nacional,1,Auditoría General de la Nación,1,Auditoría General de la Nación,14,Venta de bienes y servicios de administraciones públicas,2,Venta de servicios,1,Venta de servicios varios de la Administración Nacional,29,Otros,1.2,Recursos Propios,11400000,Ventas de bienes y serv. de las administraciones públicas,0,GENERICO,0,0,37.297227,2024-07-01 00:00:00
2023,5,2023,1,Sector Público Nacional no Financiero,1,Administración Nacional,2,Organismos Descentralizados,20,Presidencia de la Nación,0,Presidencia de la Nación,109,Sindicatura General de la Nación,109,Sindicatura General de la Nación,14,Venta de bienes y servicios de administraciones públicas,2,Venta de servicios,1,Venta de servicios varios de la Administración Nacional,29,Otros,1.2,Recursos Propios,11400000,Ventas de bienes y serv. de las administraciones públicas,0,GENERICO,0,0,88.43181959,2024-07-01 00:00:00
2023,5,2023,1,Sector Público Nacional no Financiero,1,Administración Nacional,2,Organismos Descentralizados,20,Presidencia de la Nación,0,Presidencia de la Nación,109,Sindicatura General de la Nación,109,Sindicatura General de la Nación,16,Rentas de la propiedad,3,Intereses por títulos y valores,1,Intereses por títulos y valores en moneda nacional,29,Otros,1.2,Recursos Propios,11611300,Intereses por títulos y valores,0,GENERICO,0,0,0.08245842,2024-07-01 00:00:00
2023,5,2023,1,Sector Público Nacional no Financiero,1,Administración Nacional,2,Organismos Descentralizados,20,Presidencia de la Nación,0,Presidencia de la Nación,112,Autoridad Regulatoria Nuclear,112,Autoridad Regulatoria Nuclear,12,Ingresos no impositivos,1,Tasas,9,Otras,29,Varios,1.2,Recursos Propios,11310000,Tasas,0,GENERICO,0,229.592,132.42006244,2024-07-01 00:00:00
2023,5,2023,1,Sector Público Nacional no Financiero,1,Administración Nacional,2,Organismos Descentralizados,20,Presidencia de la Nación,0,Presidencia de la Nación,112,Autoridad Regulatoria Nuclear,112,Autoridad Regulatoria Nuclear,22,Transferencias de capital,6,Transferencias de capital del sector externo,2,Transferencias de capital de organismos internacionales,0,Transferencias de capital de organismos internacionales,2.1,Transferencias Externas,12232000,De organismos internacionales,90032500,CTBTO-PCA Mantenimiento operativas las estaciones de monitoreo y el laboratorio de radionucleidos - ARN,0,30,0,2024-07-01 00:00:00
2023,5,2023,1,Sector Público Nacional no Financiero,1,Administración Nacional,2,Organismos Descentralizados,20,Presidencia de la Nación,0,Presidencia de la Nación,112,Autoridad Regulatoria Nuclear,112,Autoridad Regulatoria Nuclear,22,Transferencias de capital,6,Transferencias de capital del sector externo,2,Transferencias de capital de organismos internacionales,0,Transferencias de capital de organismos internacionales,2.1,Transferencias Externas,12232000,De organismos internacionales,90032600,OIEA Programas de formación del Centro de Capacitación Regional (CCR),0,20.176018,0,2024-07-01 00:00:00
2023,5,2023,1,Sector Público Nacional no Financiero,1,Administración Nacional,2,Organismos Descentralizados,20,Presidencia de la Nación,0,Presidencia de la Nación,917,Agencia Nacional de Discapacidad,917,Agencia Nacional de Discapacidad,12,Ingresos no impositivos,6,Multas,1,Multas por infracciones,3,Infracciones Ley 25.730 - Sanciones libradores de cheques,1.2,Recursos Propios,11330000,Otros ingresos no impositivos,0,GENERICO,0,0,287.10662096,2024-07-01 00:00:00
2023,5,2023,1,Sector Público Nacional no Financiero,1,Administración Nacional,2,Organismos Descentralizados,25,Jefatura de Gabinete de Ministros,0,Jefatura de Gabinete de Ministros,114,Instituto Nacional de Asociativismo y Economía Social,114,Instituto Nacional de Asociativismo y Economía Social,11,Ingresos impositivos,2,Sobre el patrimonio,2,Capitales,0,Capitales,1.2,Recursos Propios,11112000,Sobre el patrimonio,0,GENERICO,0,0,1993.11067097,2024-07-01 00:00:00
2023,5,2023,1,Sector Público Nacional no Financiero,1,Administración Nacional,2,Organismos Descentralizados,25,Jefatura de Gabinete de Ministros,0,Jefatura de Gabinete de Ministros,114,Instituto Nacional de Asociativismo y Economía Social,114,Instituto Nacional de Asociativismo y Economía Social,12,Ingresos no impositivos,6,Multas,1,Multas por infracciones,29,Otras,1.2,Recursos Propios,11330000,Otros ingresos no impositivos,0,GENERICO,0,0,0.00002,2024-07-01 00:00:00
2023,5,2023,1,Sector Público Nacional no Financiero,1,Administración Nacional,2,Organismos Descentralizados,25,Jefatura de Gabinete de Ministros,0,Jefatura de Gabinete de Ministros,114,Instituto Nacional de Asociativismo y Economía Social,114,Instituto Nacional de Asociativismo y Economía Social,12,Ingresos no impositivos,9,Otros ingresos no impositivos,9,Otros,29,Otros,1.2,Recursos Propios,11330000,Otros ingresos no impositivos,0,GENERICO,0,0,67.29066756,2024-07-01 00:00:00
2023,5,2023,1,Sector Público Nacional no Financiero,1,Administración Nacional,2,Organismos Descentralizados,25,Jefatura de Gabinete de Ministros,0,Jefatura de Gabinete de Ministros,114,Instituto Nacional de Asociativismo y Economía Social,114,Instituto Nacional de Asociativismo y Economía Social,16,Rentas de la propiedad,1,Intereses por préstamos,1,Intereses por préstamos en moneda nacional,29,Otros,1.2,Recursos Propios,11611100,Intereses por préstamos,0,GENERICO,0,0,1.42347157,2024-07-01 00:00:00
2023,5,2023,1,Sector Público Nacional no Financiero,1,Administración Nacional,2,Organismos Descentralizados,25,Jefatura de Gabinete de Ministros,0,Jefatura de Gabinete de Ministros,114,Instituto Nacional de Asociativismo y Economía Social,114,Instituto Nacional de Asociativismo y Economía Social,34,Recuperación de préstamos de largo plazo,1,Recuperación de préstamos otorgados al sector privado a largo plazo,0,Recuperación de préstamos otorgados al sector privado a largo plazo,0,Recuperación de préstamos otorgados al sector privado a largo plazo,1.2,Recursos Propios,12361000,Del sector privado,0,GENERICO,0,0,5.16817796,2024-07-01 00:00:00
2023,5,2023,1,Sector Público Nacional no Financiero,1,Administración Nacional,2,Organismos Descentralizados,25,Jefatura de Gabinete de Ministros,0,Jefatura de Gabinete de Ministros,205,Agencia de Administración de Bienes del Estado,205,Agencia de Administración de Bienes del Estado,12,Ingresos no impositivos,5,Alquileres,1,Alquileres de inmuebles,29,Otros,1.2,Recursos Propios,11330000,Otros ingresos no impositivos,0,GENERICO,0,0,43.89017155,2024-07-01 00:00:00
2023,5,2023,1,Sector Público Nacional no Financiero,1,Administración Nacional,2,Organismos Descentralizados,25,Jefatura de Gabinete de Ministros,0,Jefatura de Gabinete de Ministros,205,Agencia de Administración de Bienes del Estado,205,Agencia de Administración de Bienes del Estado,12,Ingresos no impositivos,9,Otros ingresos no impositivos,9,Otros,29,Otros,1.2,Recursos Propios,11330000,Otros ingresos no impositivos,0,GENERICO,0,0,22.12763495,2024-07-01 00:00:00
2023,5,2023,1,Sector Público Nacional no Financiero,1,Administración Nacional,2,Organismos Descentralizados,25,Jefatura de Gabinete de Ministros,0,Jefatura de Gabinete de Ministros,205,Agencia de Administración de Bienes del Estado,205,Agencia de Administración de Bienes del Estado,21,Recursos propios de capital,1,Venta de activos,2,Venta de edificios e instalaciones,29,Otros,1.2,Recursos Propios,12111000,De activos fijos,0,GENERICO,0,0,0.06659105,2024-07-01 00:00:00
2023,5,2023,1,Sector Público Nacional no Financiero,1,Administración Nacional,2,Organismos Descentralizados,25,Jefatura de Gabinete de Ministros,0,Jefatura de Gabinete de Ministros,207,Ente Nacional de Comunicaciones,207,Ente Nacional de Comunicaciones,11,Ingresos impositivos,9,Otros impuestos,9,Otros,29,Varios,1.2,Recursos Propios,11123000,Otros impuestos,0,GENERICO,0,0,540.07129392,2024-07-01 00:00:00
2023,5,2023,1,Sector Público Nacional no Financiero,1,Administración Nacional,2,Organismos Descentralizados,25,Jefatura de Gabinete de Ministros,0,Jefatura de Gabinete de Ministros,207,Ente Nacional de Comunicaciones,207,Ente Nacional de Comunicaciones,12,Ingresos no impositivos,1,Tasas,9,Otras,29,Varios,1.2,Recursos Propios,11310000,Tasas,0,GENERICO,0,0,598.51232091,2024-07-01 00:00:00
2023,5,2023,1,Sector Público Nacional no Financiero,1,Administración Nacional,2,Organismos Descentralizados,25,Jefatura de Gabinete de Ministros,0,Jefatura de Gabinete de Ministros,207,Ente Nacional de Comunicaciones,207,Ente Nacional de Comunicaciones,12,Ingresos no impositivos,2,Derechos,9,Otros derechos,11,Derechos de Inscripción Varios,1.2,Recursos Propios,11320000,Derechos,0,GENERICO,0,0,8.7295,2024-07-01 00:00:00
2023,5,2023,1,Sector Público Nacional no Financiero,1,Administración Nacional,2,Organismos Descentralizados,25,Jefatura de Gabinete de Ministros,0,Jefatura de Gabinete de Ministros,207,Ente Nacional de Comunicaciones,207,Ente Nacional de Comunicaciones,12,Ingresos no impositivos,2,Derechos,9,Otros derechos,29,Varios,1.2,Recursos Propios,11320000,Derechos,0,GENERICO,0,0,1949.26093814,2024-07-01 00:00:00
2023,5,2023,1,Sector Público Nacional no Financiero,1,Administración Nacional,2,Organismos Descentralizados,25,Jefatura de Gabinete de Ministros,0,Jefatura de Gabinete de Ministros,207,Ente Nacional de Comunicaciones,207,Ente Nacional de Comunicaciones,12,Ingresos no impositivos,6,Multas,1,Multas por infracciones,6,Multas Varias Ley 26.522,1.2,Recursos Propios,11330000,Otros ingresos no impositivos,0,GENERICO,0,0,0.13761614,2024-07-01 00:00:00
2023,5,2023,1,Sector Público Nacional no Financiero,1,Administración Nacional,2,Organismos Descentralizados,25,Jefatura de Gabinete de Ministros,0,Jefatura de Gabinete de Ministros,207,Ente Nacional de Comunicaciones,207,Ente Nacional de Comunicaciones,12,Ingresos no impositivos,6,Multas,1,Multas por infracciones,29,Otras,1.2,Recursos Propios,11330000,Otros ingresos no impositivos,0,GENERICO,0,0,3.19509887,2024-07-01 00:00:00
2023,5,2023,1,Sector Público Nacional no Financiero,1,Administración Nacional,2,Organismos Descentralizados,25,Jefatura de Gabinete de Ministros,0,Jefatura de Gabinete de Ministros,207,Ente Nacional de Comunicaciones,207,Ente Nacional de Comunicaciones,12,Ingresos no impositivos,9,Otros ingresos no impositivos,9,Otros,29,Otros,1.2,Recursos Propios,11330000,Otros ingresos no impositivos,0,GENERICO,0,0,4.29488,2024-07-01 00:00:00
2023,5,2023,1,Sector Público Nacional no Financiero,1,Administración Nacional,2,Organismos Descentralizados,30,Ministerio del Interior,0,Ministerio del Interior,200,Registro Nacional de las Personas (RENAPER),200,Registro Nacional de las Personas (RENAPER),12,Ingresos no impositivos,1,Tasas,9,Otras,9,Expedición Pasaportes - Decreto 261/2011,1.2,Recursos Propios,11310000,Tasas,0,GENERICO,0,560.096369,569.18158293,2024-07-01 00:00:00
2023,5,2023,1,Sector Público Nacional no Financiero,1,Administración Nacional,2,Organismos Descentralizados,30,Ministerio del Interior,0,Ministerio del Interior,200,Registro Nacional de las Personas (RENAPER),200,Registro Nacional de las Personas (RENAPER),12,Ingresos no impositivos,1,Tasas,9,Otras,29,Varios,1.2,Recursos Propios,11310000,Tasas,0,GENERICO,0,350.711991,200.42014943,2024-07-01 00:00:00
2023,5,2023,1,Sector Público Nacional no Financiero,1,Administración Nacional,2,Organismos Descentralizados,30,Ministerio del Interior,0,Ministerio del Interior,200,Registro Nacional de las Personas (RENAPER),200,Registro Nacional de las Personas (RENAPER),14,Venta de bienes y servicios de administraciones públicas,2,Venta de servicios,1,Venta de servicios varios de la Administración Nacional,29,Otros,1.2,Recursos Propios,11400000,Ventas de bienes y serv. de las administraciones públicas,0,GENERICO,0,788.57535,80.82184762,2024-07-01 00:00:00
2023,5,2023,1,Sector Público Nacional no Financiero,1,Administración Nacional,2,Organismos Descentralizados,30,Ministerio del Interior,0,Ministerio del Interior,201,Dirección Nacional de Migraciones,201,Dirección Nacional de Migraciones,12,Ingresos no impositivos,1,Tasas,9,Otras,10,Tasas por Servicios de Control Migratorio,1.2,Recursos Propios,11310000,Tasas,0,GENERICO,0,2218.620645,1194.79250748,2024-07-01 00:00:00
2023,5,2023,1,Sector Público Nacional no Financiero,1,Administración Nacional,2,Organismos Descentralizados,30,Ministerio del Interior,0,Ministerio del Interior,201,Dirección Nacional de Migraciones,201,Dirección Nacional de Migraciones,12,Ingresos no impositivos,1,Tasas,9,Otras,29,Varios,1.2,Recursos Propios,11310000,Tasas,0,GENERICO,0,269.63006,132.2919442,2024-07-01 00:00:00
2023,5,2023,1,Sector Público Nacional no Financiero,1,Administración Nacional,2,Organismos Descentralizados,30,Ministerio del Interior,0,Ministerio del Interior,201,Dirección Nacional de Migraciones,201,Dirección Nacional de Migraciones,12,Ingresos no impositivos,6,Multas,1,Multas por infracciones,29,Otras,1.2,Recursos Propios,11330000,Otros ingresos no impositivos,0,GENERICO,0,-13.363155,19.49921869,2024-07-01 00:00:00
2023,5,2023,1,Sector Público Nacional no Financiero,1,Administración Nacional,2,Organismos Descentralizados,45,Ministerio de Defensa,0,Ministerio de Defensa,450,Instituto Geográfico Nacional,450,Instituto Geográfico Nacional,12,Ingresos no impositivos,2,Derechos,2,Derechos de autor y uso de activos intangibles,0,Derechos de autor y uso de activos intangibles,1.2,Recursos Propios,11320000,Derechos,0,GENERICO,0,0,0.25585,2024-07-01 00:00:00
2023,5,2023,1,Sector Público Nacional no Financiero,1,Administración Nacional,2,Organismos Descentralizados,45,Ministerio de Defensa,0,Ministerio de Defensa,450,Instituto Geográfico Nacional,450,Instituto Geográfico Nacional,12,Ingresos no impositivos,5,Alquileres,1,Alquileres de inmuebles,29,Otros,1.2,Recursos Propios,11330000,Otros ingresos no impositivos,0,GENERICO,0,0,0.03536,2024-07-01 00:00:00
2023,5,2023,1,Sector Público Nacional no Financiero,1,Administración Nacional,2,Organismos Descentralizados,45,Ministerio de Defensa,0,Ministerio de Defensa,450,Instituto Geográfico Nacional,450,Instituto Geográfico Nacional,12,Ingresos no impositivos,9,Otros ingresos no impositivos,9,Otros,29,Otros,1.2,Recursos Propios,11330000,Otros ingresos no impositivos,0,GENERICO,0,0,0.8565,2024-07-01 00:00:00
2023,5,2023,1,Sector Público Nacional no Financiero,1,Administración Nacional,2,Organismos Descentralizados,45,Ministerio de Defensa,0,Ministerio de Defensa,450,Instituto Geográfico Nacional,450,Instituto Geográfico Nacional,14,Venta de bienes y servicios de administraciones públicas,1,Venta de bienes,1,Venta de bienes varios de la Administración Nacional,29,Otros,1.2,Recursos Propios,11400000,Ventas de bienes y serv. de las administraciones públicas,0,GENERICO,0,0,1.47105,2024-07-01 00:00:00
2023,5,2023,1,Sector Público Nacional no Financiero,1,Administración Nacional,2,Organismos Descentralizados,45,Ministerio de Defensa,0,Ministerio de Defensa,450,Instituto Geográfico Nacional,450,Instituto Geográfico Nacional,14,Venta de bienes y servicios de administraciones públicas,2,Venta de servicios,1,Venta de servicios varios de la Administración Nacional,29,Otros,1.2,Recursos Propios,11400000,Ventas de bienes y serv. de las administraciones públicas,0,GENERICO,0,0,0.1301,2024-07-01 00:00:00
2023,5,2023,1,Sector Público Nacional no Financiero,1,Administración Nacional,2,Organismos Descentralizados,45,Ministerio de Defensa,0,Ministerio de Defensa,452,Servicio Meteorológico Nacional,452,Servicio Meteorológico Nacional,14,Venta de bienes y servicios de administraciones públicas,2,Venta de servicios,1,Venta de servicios varios de la Administración Nacional,29,Otros,1.2,Recursos Propios,11400000,Ventas de bienes y serv. de las administraciones públicas,0,GENERICO,0,0,133.147597,2024-07-01 00:00:00
2023,5,2023,1,Sector Público Nacional no Financiero,1,Administración Nacional,2,Organismos Descentralizados,50,Ministerio de Economía,0,Ministerio de Economía,105,Comisión Nacional de Energía Atómica,105,Comisión Nacional de Energía Atómica,12,Ingresos no impositivos,2,Derechos,9,Otros derechos,29,Varios,1.2,Recursos Propios,11320000,Derechos,0,GENERICO,0,0,0,2024-07-01 00:00:00
2023,5,2023,1,Sector Público Nacional no Financiero,1,Administración Nacional,2,Organismos Descentralizados,50,Ministerio de Economía,0,Ministerio de Economía,105,Comisión Nacional de Energía Atómica,105,Comisión Nacional de Energía Atómica,12,Ingresos no impositivos,9,Otros ingresos no impositivos,1,Afectaciones y devoluciones,29,Varios,1.2,Recursos Propios,11330000,Otros ingresos no impositivos,0,GENERICO,0,0,3.41913875,2024-07-01 00:00:00
2023,5,2023,1,Sector Público Nacional no Financiero,1,Administración Nacional,2,Organismos Descentralizados,50,Ministerio de Economía,0,Ministerio de Economía,105,Comisión Nacional de Energía Atómica,105,Comisión Nacional de Energía Atómica,14,Venta de bienes y servicios de administraciones públicas,1,Venta de bienes,1,Venta de bienes varios de la Administración Nacional,29,Otros,1.2,Recursos Propios,11400000,Ventas de bienes y serv. de las administraciones públicas,0,GENERICO,0,0,0,2024-07-01 00:00:00
2023,5,2023,1,Sector Público Nacional no Financiero,1,Administración Nacional,2,Organismos Descentralizados,50,Ministerio de Economía,0,Ministerio de Economía,105,Comisión Nacional de Energía Atómica,105,Comisión Nacional de Energía Atómica,14,Venta de bienes y servicios de administraciones públicas,2,Venta de servicios,1,Venta de servicios varios de la Administración Nacional,29,Otros,1.2,Recursos Propios,11400000,Ventas de bienes y serv. de las administraciones públicas,0,GENERICO,0,0,2.21995644,2024-07-01 00:00:00
2023,5,2023,1,Sector Público Nacional no Financiero,1,Administración Nacional,2,Organismos Descentralizados,50,Ministerio de Economía,0,Ministerio de Economía,602,Comisión Nacional de Valores,602,Comisión Nacional de Valores,12,Ingresos no impositivos,1,Tasas,9,Otras,29,Varios,1.2,Recursos Propios,11310000,Tasas,0,GENERICO,0,0,180.48195467,2024-07-01 00:00:00
2023,5,2023,1,Sector Público Nacional no Financiero,1,Administración Nacional,2,Organismos Descentralizados,50,Ministerio de Economía,0,Ministerio de Economía,603,Superintendencia de Seguros de la Nación,603,Superintendencia de Seguros de la Nación,12,Ingresos no impositivos,1,Tasas,9,Otras,29,Varios,1.2,Recursos Propios,11310000,Tasas,0,GENERICO,0,0,46.11855535,2024-07-01 00:00:00
2023,5,2023,1,Sector Público Nacional no Financiero,1,Administración Nacional,2,Organismos Descentralizados,50,Ministerio de Economía,0,Ministerio de Economía,603,Superintendencia de Seguros de la Nación,603,Superintendencia de Seguros de la Nación,12,Ingresos no impositivos,2,Derechos,3,Derechos de inscripción,29,Otros,1.2,Recursos Propios,11320000,Derechos,0,GENERICO,0,0,31.10135063,2024-07-01 00:00:00
2023,5,2023,1,Sector Público Nacional no Financiero,1,Administración Nacional,2,Organismos Descentralizados,50,Ministerio de Economía,0,Ministerio de Economía,603,Superintendencia de Seguros de la Nación,603,Superintendencia de Seguros de la Nación,12,Ingresos no impositivos,6,Multas,1,Multas por infracciones,29,Otras,1.2,Recursos Propios,11330000,Otros ingresos no impositivos,0,GENERICO,0,0,1.65837919,2024-07-01 00:00:00
2023,5,2023,1,Sector Público Nacional no Financiero,1,Administración Nacional,2,Organismos Descentralizados,50,Ministerio de Economía,0,Ministerio de Economía,603,Superintendencia de Seguros de la Nación,603,Superintendencia de Seguros de la Nación,12,Ingresos no impositivos,9,Otros ingresos no impositivos,9,Otros,29,Otros,1.2,Recursos Propios,11330000,Otros ingresos no impositivos,0,GENERICO,0,0,0.0033,2024-07-01 00:00:00
2023,5,2023,1,Sector Público Nacional no Financiero,1,Administración Nacional,2,Organismos Descentralizados,50,Ministerio de Economía,0,Ministerio de Economía,606,Instituto Nacional de Tecnología Agropecuaria,606,Instituto Nacional de Tecnología Agropecuaria,11,Ingresos impositivos,7,Sobre el comercio y las transacciones internacionales,1,Derechos de importación,3,INTA - Afectación s/Ley Nº 25.641,1.2,Recursos Propios,11122000,Sobre el comercio y las transacciones internacionales,0,GENERICO,0,0,6903.84396352,2024-07-01 00:00:00
2023,5,2023,1,Sector Público Nacional no Financiero,1,Administración Nacional,2,Organismos Descentralizados,50,Ministerio de Economía,0,Ministerio de Economía,606,Instituto Nacional de Tecnología Agropecuaria,606,Instituto Nacional de Tecnología Agropecuaria,11,Ingresos impositivos,7,Sobre el comercio y las transacciones internacionales,3,Tasa de estadística,2,INTA-1% de las Importaciones Sujetas a Estadística,1.2,Recursos Propios,11122000,Sobre el comercio y las transacciones internacionales,0,GENERICO,0,0,4457.550062,2024-07-01 00:00:00
2023,5,2023,1,Sector Público Nacional no Financiero,1,Administración Nacional,2,Organismos Descentralizados,50,Ministerio de Economía,0,Ministerio de Economía,606,Instituto Nacional de Tecnología Agropecuaria,606,Instituto Nacional de Tecnología Agropecuaria,12,Ingresos no impositivos,9,Otros ingresos no impositivos,9,Otros,29,Otros,1.2,Recursos Propios,11330000,Otros ingresos no impositivos,0,GENERICO,0,0,20.03941595,2024-07-01 00:00:00
2023,5,2023,1,Sector Público Nacional no Financiero,1,Administración Nacional,2,Organismos Descentralizados,50,Ministerio de Economía,0,Ministerio de Economía,608,Instituto Nacional de Tecnología Industrial,608,Instituto Nacional de Tecnología Industrial,11,Ingresos impositivos,7,Sobre el comercio y las transacciones internacionales,1,Derechos de importación,5,Afectación sobre Importaciones CIF,1.2,Recursos Propios,11122000,Sobre el comercio y las transacciones internacionales,0,GENERICO,0,0,727.52519008,2024-07-01 00:00:00
2023,5,2023,1,Sector Público Nacional no Financiero,1,Administración Nacional,2,Organismos Descentralizados,50,Ministerio de Economía,0,Ministerio de Economía,609,Instituto Nacional de Vitivinicultura,609,Instituto Nacional de Vitivinicultura,12,Ingresos no impositivos,6,Multas,1,Multas por infracciones,29,Otras,1.2,Recursos Propios,11330000,Otros ingresos no impositivos,0,GENERICO,0,0,2.29604749,2024-07-01 00:00:00
2023,5,2023,1,Sector Público Nacional no Financiero,1,Administración Nacional,2,Organismos Descentralizados,50,Ministerio de Economía,0,Ministerio de Economía,609,Instituto Nacional de Vitivinicultura,609,Instituto Nacional de Vitivinicultura,12,Ingresos no impositivos,9,Otros ingresos no impositivos,9,Otros,29,Otros,1.2,Recursos Propios,11330000,Otros ingresos no impositivos,0,GENERICO,0,0,2.27782598,2024-07-01 00:00:00
2023,5,2023,1,Sector Público Nacional no Financiero,1,Administración Nacional,2,Organismos Descentralizados,50,Ministerio de Economía,0,Ministerio de Economía,609,Instituto Nacional de Vitivinicultura,609,Instituto Nacional de Vitivinicultura,14,Venta de bienes y servicios de administraciones públicas,2,Venta de servicios,1,Venta de servicios varios de la Administración Nacional,29,Otros,1.2,Recursos Propios,11400000,Ventas de bienes y serv. de las administraciones públicas,0,GENERICO,0,0,144.08841035,2024-07-01 00:00:00
2023,5,2023,1,Sector Público Nacional no Financiero,1,Administración Nacional,2,Organismos Descentralizados,50,Ministerio de Economía,0,Ministerio de Economía,614,Instituto Nacional de Semillas,614,Instituto Nacional de Semillas,12,Ingresos no impositivos,1,Tasas,9,Otras,30,Programa de Promoción del Comercio y Producción de Semillas,1.2,Recursos Propios,11310000,Tasas,0,GENERICO,0,0,25.10166586,2024-07-01 00:00:00
2023,5,2023,1,Sector Público Nacional no Financiero,1,Administración Nacional,2,Organismos Descentralizados,50,Ministerio de Economía,0,Ministerio de Economía,614,Instituto Nacional de Semillas,614,Instituto Nacional de Semillas,12,Ingresos no impositivos,6,Multas,1,Multas por infracciones,29,Otras,1.2,Recursos Propios,11330000,Otros ingresos no impositivos,0,GENERICO,0,0,5.82501332,2024-07-01 00:00:00
2023,5,2023,1,Sector Público Nacional no Financiero,1,Administración Nacional,2,Organismos Descentralizados,50,Ministerio de Economía,0,Ministerio de Economía,614,Instituto Nacional de Semillas,614,Instituto Nacional de Semillas,14,Venta de bienes y servicios de administraciones públicas,2,Venta de servicios,1,Venta de servicios varios de la Administración Nacional,30,Programa de Promoción del Comercio y Producción de Semillas,1.2,Recursos Propios,11400000,Ventas de bienes y serv. de las administraciones públicas,0,GENERICO,0,0,488.62971883,2024-07-01 00:00:00
2023,5,2023,1,Sector Público Nacional no Financiero,1,Administración Nacional,2,Organismos Descentralizados,50,Ministerio de Economía,0,Ministerio de Economía,622,Instituto Nacional de la Propiedad Industrial,622,Instituto Nacional de la Propiedad Industrial,12,Ingresos no impositivos,2,Derechos,3,Derechos de inscripción,29,Otros,1.2,Recursos Propios,11320000,Derechos,0,GENERICO,0,0,261.03181446,2024-07-01 00:00:00
2023,5,2023,1,Sector Público Nacional no Financiero,1,Administración Nacional,2,Organismos Descentralizados,50,Ministerio de Economía,0,Ministerio de Economía,623,Servicio Nacional de Sanidad y Calidad Agroalimentaria,623,Servicio Nacional de Sanidad y Calidad Agroalimentaria,11,Ingresos impositivos,7,Sobre el comercio y las transacciones internacionales,1,Derechos de importación,4,SENASA - Afectación 1% sobre Importaciones CIF,1.2,Recursos Propios,11122000,Sobre el comercio y las transacciones internacionales,0,GENERICO,0,0,2235.95492154,2024-07-01 00:00:00
2023,5,2023,1,Sector Público Nacional no Financiero,1,Administración Nacional,2,Organismos Descentralizados,50,Ministerio de Economía,0,Ministerio de Economía,623,Servicio Nacional de Sanidad y Calidad Agroalimentaria,623,Servicio Nacional de Sanidad y Calidad Agroalimentaria,12,Ingresos no impositivos,1,Tasas,3,Inspección sanitaria,0,Inspección sanitaria,1.2,Recursos Propios,11310000,Tasas,0,GENERICO,0,0,1938.13668074,2024-07-01 00:00:00
2023,5,2023,1,Sector Público Nacional no Financiero,1,Administración Nacional,2,Organismos Descentralizados,50,Ministerio de Economía,0,Ministerio de Economía,623,Servicio Nacional de Sanidad y Calidad Agroalimentaria,623,Servicio Nacional de Sanidad y Calidad Agroalimentaria,12,Ingresos no impositivos,6,Multas,1,Multas por infracciones,29,Otras,1.2,Recursos Propios,11330000,Otros ingresos no impositivos,0,GENERICO,0,0,11.69209173,2024-07-01 00:00:00
2023,5,2023,1,Sector Público Nacional no Financiero,1,Administración Nacional,2,Organismos Descentralizados,50,Ministerio de Economía,0,Ministerio de Economía,623,Servicio Nacional de Sanidad y Calidad Agroalimentaria,623,Servicio Nacional de Sanidad y Calidad Agroalimentaria,12,Ingresos no impositivos,9,Otros ingresos no impositivos,9,Otros,29,Otros,1.2,Recursos Propios,11330000,Otros ingresos no impositivos,0,GENERICO,0,0,0.72064672,2024-07-01 00:00:00
2023,5,2023,1,Sector Público Nacional no Financiero,1,Administración Nacional,2,Organismos Descentralizados,50,Ministerio de Economía,0,Ministerio de Economía,623,Servicio Nacional de Sanidad y Calidad Agroalimentaria,623,Servicio Nacional de Sanidad y Calidad Agroalimentaria,14,Venta de bienes y servicios de administraciones públicas,2,Venta de servicios,1,Venta de servicios varios de la Administración Nacional,29,Otros,1.2,Recursos Propios,11400000,Ventas de bienes y serv. de las administraciones públicas,0,GENERICO,0,0,985.7333163,2024-07-01 00:00:00
2023,5,2023,1,Sector Público Nacional no Financiero,1,Administración Nacional,2,Organismos Descentralizados,50,Ministerio de Economía,0,Ministerio de Economía,624,Servicio Geológico Minero Argentino,624,Servicio Geológico Minero Argentino,14,Venta de bienes y servicios de administraciones públicas,2,Venta de servicios,1,Venta de servicios varios de la Administración Nacional,29,Otros,1.2,Recursos Propios,11400000,Ventas de bienes y serv. de las administraciones públicas,0,GENERICO,0,0,0.75807987,2024-07-01 00:00:00
2023,5,2023,1,Sector Público Nacional no Financiero,1,Administración Nacional,2,Organismos Descentralizados,50,Ministerio de Economía,0,Ministerio de Economía,651,Ente Nacional Regulador del Gas,651,Ente Nacional Regulador del Gas,12,Ingresos no impositivos,1,Tasas,9,Otras,29,Varios,1.2,Recursos Propios,11310000,Tasas,0,GENERICO,0,0,9.87886405,2024-07-01 00:00:00
2023,5,2023,1,Sector Público Nacional no Financiero,1,Administración Nacional,2,Organismos Descentralizados,50,Ministerio de Economía,0,Ministerio de Economía,651,Ente Nacional Regulador del Gas,651,Ente Nacional Regulador del Gas,14,Venta de bienes y servicios de administraciones públicas,1,Venta de bienes,1,Venta de bienes varios de la Administración Nacional,29,Otros,1.2,Recursos Propios,11400000,Ventas de bienes y serv. de las administraciones públicas,0,GENERICO,0,0,79.96525,2024-07-01 00:00:00
2023,5,2023,1,Sector Público Nacional no Financiero,1,Administración Nacional,2,Organismos Descentralizados,50,Ministerio de Economía,0,Ministerio de Economía,652,Ente Nacional Regulador de la Electricidad,652,Ente Nacional Regulador de la Electricidad,12,Ingresos no impositivos,1,Tasas,9,Otras,29,Varios,1.2,Recursos Propios,11310000,Tasas,0,GENERICO,0,0,22.73326024,2024-07-01 00:00:00
2023,5,2023,1,Sector Público Nacional no Financiero,1,Administración Nacional,2,Organismos Descentralizados,50,Ministerio de Economía,0,Ministerio de Economía,670,Unidad de Informacion Financiera,670,Unidad de Información Financiera,12,Ingresos no impositivos,6,Multas,1,Multas por infracciones,29,Otras,1.2,Recursos Propios,11330000,Otros ingresos no impositivos,0,GENERICO,0,0,4.72326784,2024-07-01 00:00:00
2023,5,2023,1,Sector Público Nacional no Financiero,1,Administración Nacional,2,Organismos Descentralizados,50,Ministerio de Economía,0,Ministerio de Economía,670,Unidad de Informacion Financiera,670,Unidad de Información Financiera,12,Ingresos no impositivos,9,Otros ingresos no impositivos,9,Otros,29,Otros,1.2,Recursos Propios,11330000,Otros ingresos no impositivos,0,GENERICO,0,76.04405,0,2024-07-01 00:00:00
2023,5,2023,1,Sector Público Nacional no Financiero,1,Administración Nacional,2,Organismos Descentralizados,57,Ministerio de Transporte,0,Ministerio de Transporte,203,Agencia Nacional de Seguridad Vial,203,Agencia Nacional de Seguridad Vial,12,Ingresos no impositivos,1,Tasas,9,Otras,29,Varios,1.2,Recursos Propios,11310000,Tasas,0,GENERICO,0,0,3079.91108429,2024-07-01 00:00:00
2023,5,2023,1,Sector Público Nacional no Financiero,1,Administración Nacional,2,Organismos Descentralizados,57,Ministerio de Transporte,0,Ministerio de Transporte,203,Agencia Nacional de Seguridad Vial,203,Agencia Nacional de Seguridad Vial,12,Ingresos no impositivos,6,Multas,1,Multas por infracciones,29,Otras,1.2,Recursos Propios,11330000,Otros ingresos no impositivos,0,GENERICO,0,0,0.007259,2024-07-01 00:00:00
2023,5,2023,1,Sector Público Nacional no Financiero,1,Administración Nacional,2,Organismos Descentralizados,57,Ministerio de Transporte,0,Ministerio de Transporte,661,Comisión Nacional de Regulación de Transporte,661,Comisión Nacional de Regulación del Transporte,12,Ingresos no impositivos,1,Tasas,2,Fiscalización del transporte,29,Otras,1.2,Recursos Propios,11310000,Tasas,0,GENERICO,0,0,105.68699161,2024-07-01 00:00:00
2023,5,2023,1,Sector Público Nacional no Financiero,1,Administración Nacional,2,Organismos Descentralizados,57,Ministerio de Transporte,0,Ministerio de Transporte,661,Comisión Nacional de Regulación de Transporte,661,Comisión Nacional de Regulación del Transporte,12,Ingresos no impositivos,2,Derechos,9,Otros derechos,29,Varios,1.2,Recursos Propios,11320000,Derechos,0,GENERICO,0,0,173.68804169,2024-07-01 00:00:00
2023,5,2023,1,Sector Público Nacional no Financiero,1,Administración Nacional,2,Organismos Descentralizados,57,Ministerio de Transporte,0,Ministerio de Transporte,669,Administración Nacional de Aviación Civil,669,Administración Nacional de Aviación Civil,12,Ingresos no impositivos,1,Tasas,9,Otras,29,Varios,1.2,Recursos Propios,11310000,Tasas,0,GENERICO,0,0,24.6835251,2024-07-01 00:00:00
2023,5,2023,1,Sector Público Nacional no Financiero,1,Administración Nacional,2,Organismos Descentralizados,57,Ministerio de Transporte,0,Ministerio de Transporte,669,Administración Nacional de Aviación Civil,669,Administración Nacional de Aviación Civil,12,Ingresos no impositivos,1,Tasas,9,Otras,53,Ley No 13041 - Explotación de Aeropuertos y Aeródromos,1.2,Recursos Propios,11310000,Tasas,0,GENERICO,0,0,417.27141367,2024-07-01 00:00:00
2023,5,2023,1,Sector Público Nacional no Financiero,1,Administración Nacional,2,Organismos Descentralizados,57,Ministerio de Transporte,0,Ministerio de Transporte,669,Administración Nacional de Aviación Civil,669,Administración Nacional de Aviación Civil,12,Ingresos no impositivos,5,Alquileres,9,Otros alquileres,29,Otros,1.2,Recursos Propios,11330000,Otros ingresos no impositivos,0,GENERICO,0,0,0.05848,2024-07-01 00:00:00
2023,5,2023,1,Sector Público Nacional no Financiero,1,Administración Nacional,2,Organismos Descentralizados,57,Ministerio de Transporte,0,Ministerio de Transporte,669,Administración Nacional de Aviación Civil,669,Administración Nacional de Aviación Civil,12,Ingresos no impositivos,6,Multas,1,Multas por infracciones,29,Otras,1.2,Recursos Propios,11330000,Otros ingresos no impositivos,0,GENERICO,0,0,0.30375,2024-07-01 00:00:00
2023,5,2023,1,Sector Público Nacional no Financiero,1,Administración Nacional,2,Organismos Descentralizados,57,Ministerio de Transporte,0,Ministerio de Transporte,669,Administración Nacional de Aviación Civil,669,Administración Nacional de Aviación Civil,17,Transferencias corrientes,4,Transferencias corrientes de instituciones públicas no financieras,9,Transferencias corrientes de fondos fiduciarios y otros entes del Sector Público Nacional no Financiero,11,Fondo de Infraestructura de Seguridad Aeroportuaria,1.4,Transferencias Internas,11722300,De los fondos fiduciarios y otros entes del Sector Público Nacional no Financiero,0,GENERICO,0,0,0,2024-07-01 00:00:00
2023,5,2023,1,Sector Público Nacional no Financiero,1,Administración Nacional,2,Organismos Descentralizados,57,Ministerio de Transporte,0,Ministerio de Transporte,669,Administración Nacional de Aviación Civil,669,Administración Nacional de Aviación Civil,22,Transferencias de capital,4,Transferencias de capital de instituciones públicas no financieras,9,Transferencias de capital de fondos fiduciarios y otros entes del Sector Público Nacional no Financiero,11,Fondo de Infraestructura de Seguridad Aeroportuaria,1.4,Transferencias Internas,12222300,De los fondos fiduciarios y otros entes del Sector Público Nacional no Financiero,0,GENERICO,0,0,0,2024-07-01 00:00:00
2023,5,2023,1,Sector Público Nacional no Financiero,1,Administración Nacional,2,Organismos Descentralizados,57,Ministerio de Transporte,0,Ministerio de Transporte,671,Junta de Seguridad en el Transporte,671,Junta de Seguridad en el Transporte,12,Ingresos no impositivos,9,Otros ingresos no impositivos,9,Otros,29,Otros,1.2,Recursos Propios,11330000,Otros ingresos no impositivos,0,GENERICO,0,0,0.2175,2024-07-01 00:00:00
2023,5,2023,1,Sector Público Nacional no Financiero,1,Administración Nacional,2,Organismos Descentralizados,64,Ministerio de Obras Públicas,0,Ministerio de Obras Públicas,604,Dirección Nacional de Vialidad,604,Dirección Nacional de Vialidad,12,Ingresos no impositivos,2,Derechos,4,Peajes,0,Peajes,1.2,Recursos Propios,11320000,Derechos,0,GENERICO,0,0,2.16174,2024-07-01 00:00:00
2023,5,2023,1,Sector Público Nacional no Financiero,1,Administración Nacional,2,Organismos Descentralizados,64,Ministerio de Obras Públicas,0,Ministerio de Obras Públicas,604,Dirección Nacional de Vialidad,604,Dirección Nacional de Vialidad,12,Ingresos no impositivos,2,Derechos,9,Otros derechos,29,Varios,1.2,Recursos Propios,11320000,Derechos,0,GENERICO,0,0,37.45088712,2024-07-01 00:00:00
2023,5,2023,1,Sector Público Nacional no Financiero,1,Administración Nacional,2,Organismos Descentralizados,64,Ministerio de Obras Públicas,0,Ministerio de Obras Públicas,604,Dirección Nacional de Vialidad,604,Dirección Nacional de Vialidad,12,Ingresos no impositivos,5,Alquileres,1,Alquileres de inmuebles,2,Decreto 1.382/12 - Artículo 15 - 70%,1.2,Recursos Propios,11330000,Otros ingresos no impositivos,0,GENERICO,0,0,1.39852812,2024-07-01 00:00:00
2023,5,2023,1,Sector Público Nacional no Financiero,1,Administración Nacional,2,Organismos Descentralizados,64,Ministerio de Obras Públicas,0,Ministerio de Obras Públicas,604,Dirección Nacional de Vialidad,604,Dirección Nacional de Vialidad,12,Ingresos no impositivos,9,Otros ingresos no impositivos,2,Especificados,5,"Ley 17.520: Artículo 8º inciso 2 - 0,5% peajes",1.2,Recursos Propios,11330000,Otros ingresos no impositivos,0,GENERICO,0,0,9.08035551,2024-07-01 00:00:00
2023,5,2023,1,Sector Público Nacional no Financiero,1,Administración Nacional,2,Organismos Descentralizados,64,Ministerio de Obras Públicas,0,Ministerio de Obras Públicas,604,Dirección Nacional de Vialidad,604,Dirección Nacional de Vialidad,12,Ingresos no impositivos,9,Otros ingresos no impositivos,2,Especificados,29,Otros,1.2,Recursos Propios,11330000,Otros ingresos no impositivos,0,GENERICO,0,0,2.60278108,2024-07-01 00:00:00
2023,5,2023,1,Sector Público Nacional no Financiero,1,Administración Nacional,2,Organismos Descentralizados,64,Ministerio de Obras Públicas,0,Ministerio de Obras Públicas,604,Dirección Nacional de Vialidad,604,Dirección Nacional de Vialidad,22,Transferencias de capital,4,Transferencias de capital de instituciones públicas no financieras,9,Transferencias de capital de fondos fiduciarios y otros entes del Sector Público Nacional no Financiero,1,Fondo Fiduciario del Sist. de Infraestructura de Transporte,1.4,Transferencias Internas,12222300,De los fondos fiduciarios y otros entes del Sector Público Nacional no Financiero,0,GENERICO,0,20000,16351.36608447,2024-07-01 00:00:00
2023,5,2023,1,Sector Público Nacional no Financiero,1,Administración Nacional,2,Organismos Descentralizados,64,Ministerio de Obras Públicas,0,Ministerio de Obras Públicas,604,Dirección Nacional de Vialidad,604,Dirección Nacional de Vialidad,22,Transferencias de capital,4,Transferencias de capital de instituciones públicas no financieras,9,Transferencias de capital de fondos fiduciarios y otros entes del Sector Público Nacional no Financiero,10,Fideicomiso Red de Autopistas y Rutas Seguras (RARS),1.4,Transferencias Internas,12222300,De los fondos fiduciarios y otros entes del Sector Público Nacional no Financiero,0,GENERICO,0,0,1715.8486597,2024-07-01 00:00:00
2023,5,2023,1,Sector Público Nacional no Financiero,1,Administración Nacional,2,Organismos Descentralizados,64,Ministerio de Obras Públicas,0,Ministerio de Obras Públicas,612,Tribunal de Tasaciones de la Nación,612,Tribunal de Tasaciones de la Nación,12,Ingresos no impositivos,2,Derechos,9,Otros derechos,29,Varios,1.2,Recursos Propios,11320000,Derechos,0,GENERICO,0,0,3.67630742,2024-07-01 00:00:00
2023,5,2023,1,Sector Público Nacional no Financiero,1,Administración Nacional,2,Organismos Descentralizados,64,Ministerio de Obras Públicas,0,Ministerio de Obras Públicas,613,Ente Nacional de Obras Hídricas de Saneamiento,613,Ente Nacional de Obras Hídricas de Saneamiento,16,Rentas de la propiedad,1,Intereses por préstamos,1,Intereses por préstamos en moneda nacional,29,Otros,1.2,Recursos Propios,11611100,Intereses por préstamos,0,GENERICO,0,0,7.82908687,2024-07-01 00:00:00
2023,5,2023,1,Sector Público Nacional no Financiero,1,Administración Nacional,2,Organismos Descentralizados,64,Ministerio de Obras Públicas,0,Ministerio de Obras Públicas,656,Organismo Regulador de Seguridad de Presas,656,Organismo Regulador de Seguridad de Presas,12,Ingresos no impositivos,2,Derechos,9,Otros derechos,29,Varios,1.2,Recursos Propios,11320000,Derechos,0,GENERICO,0,0,11.3262193,2024-07-01 00:00:00
2023,5,2023,1,Sector Público Nacional no Financiero,1,Administración Nacional,2,Organismos Descentralizados,70,Ministerio de Educación,0,Ministerio de Educación,101,Fundación Miguel Lillo,101,Fundación Miguel Lillo,14,Venta de bienes y servicios de administraciones públicas,1,Venta de bienes,1,Venta de bienes varios de la Administración Nacional,29,Otros,1.2,Recursos Propios,11400000,Ventas de bienes y serv. de las administraciones públicas,0,GENERICO,0,0,0.185725,2024-07-01 00:00:00
2023,5,2023,1,Sector Público Nacional no Financiero,1,Administración Nacional,2,Organismos Descentralizados,70,Ministerio de Educación,0,Ministerio de Educación,101,Fundación Miguel Lillo,101,Fundación Miguel Lillo,14,Venta de bienes y servicios de administraciones públicas,2,Venta de servicios,1,Venta de servicios varios de la Administración Nacional,29,Otros,1.2,Recursos Propios,11400000,Ventas de bienes y serv. de las administraciones públicas,0,GENERICO,0,0,0.431094,2024-07-01 00:00:00
2023,5,2023,1,Sector Público Nacional no Financiero,1,Administración Nacional,2,Organismos Descentralizados,70,Ministerio de Educación,0,Ministerio de Educación,804,Comisión Nacional de Evaluación y Acreditación Universitaria,804,Comisión Nacional de Evaluación y Acreditación Universitaria,12,Ingresos no impositivos,9,Otros ingresos no impositivos,1,Afectaciones y devoluciones,29,Varios,1.2,Recursos Propios,11330000,Otros ingresos no impositivos,0,GENERICO,0,0,0.786,2024-07-01 00:00:00
2023,5,2023,1,Sector Público Nacional no Financiero,1,Administración Nacional,2,Organismos Descentralizados,71,"Ministerio de Ciencia, Tecnología e Innovación",0,"Ministerio de Ciencia, Tecnología e Innovación",103,Consejo Nacional de Investigaciones Científicas y Técnicas,103,Consejo Nacional de Investigaciones Científicas y Técnicas,14,Venta de bienes y servicios de administraciones públicas,2,Venta de servicios,1,Venta de servicios varios de la Administración Nacional,29,Otros,1.2,Recursos Propios,11400000,Ventas de bienes y serv. de las administraciones públicas,0,GENERICO,0,0,3.528662,2024-07-01 00:00:00
2023,5,2023,1,Sector Público Nacional no Financiero,1,Administración Nacional,2,Organismos Descentralizados,72,Ministerio de Cultura,0,Ministerio de Cultura,113,Teatro Nacional Cervantes,113,Teatro Nacional Cervantes,14,Venta de bienes y servicios de administraciones públicas,1,Venta de bienes,1,Venta de bienes varios de la Administración Nacional,29,Otros,1.2,Recursos Propios,11400000,Ventas de bienes y serv. de las administraciones públicas,0,GENERICO,0,0,1.35177912,2024-07-01 00:00:00
2023,5,2023,1,Sector Público Nacional no Financiero,1,Administración Nacional,2,Organismos Descentralizados,72,Ministerio de Cultura,0,Ministerio de Cultura,117,Instituto Nacional del Teatro,117,Instituto Nacional del Teatro,11,Ingresos impositivos,1,Sobre los ingresos,3,Premios de juegos de azar y concursos deportivos,2,Juegos de Azar - Afect. Esp. Instituto Nacional del Teatro,1.2,Recursos Propios,11111000,Sobre los ingresos,0,GENERICO,0,0,0.49898316,2024-07-01 00:00:00
2023,5,2023,1,Sector Público Nacional no Financiero,1,Administración Nacional,2,Organismos Descentralizados,72,Ministerio de Cultura,0,Ministerio de Cultura,117,Instituto Nacional del Teatro,117,Instituto Nacional del Teatro,11,Ingresos impositivos,9,Otros impuestos,9,Otros,29,Varios,1.2,Recursos Propios,11123000,Otros impuestos,0,GENERICO,0,0,176.07401551,2024-07-01 00:00:00
2023,5,2023,1,Sector Público Nacional no Financiero,1,Administración Nacional,2,Organismos Descentralizados,72,Ministerio de Cultura,0,Ministerio de Cultura,802,Fondo Nacional de las Artes,802,Fondo Nacional de las Artes,12,Ingresos no impositivos,1,Tasas,9,Otras,29,Varios,1.2,Recursos Propios,11310000,Tasas,0,GENERICO,0,0,2.90777223,2024-07-01 00:00:00
2023,5,2023,1,Sector Público Nacional no Financiero,1,Administración Nacional,2,Organismos Descentralizados,72,Ministerio de Cultura,0,Ministerio de Cultura,802,Fondo Nacional de las Artes,802,Fondo Nacional de las Artes,12,Ingresos no impositivos,2,Derechos,2,Derechos de autor y uso de activos intangibles,0,Derechos de autor y uso de activos intangibles,1.2,Recursos Propios,11320000,Derechos,0,GENERICO,0,0,54.82132745,2024-07-01 00:00:00
2023,5,2023,1,Sector Público Nacional no Financiero,1,Administración Nacional,2,Organismos Descentralizados,72,Ministerio de Cultura,0,Ministerio de Cultura,802,Fondo Nacional de las Artes,802,Fondo Nacional de las Artes,16,Rentas de la propiedad,1,Intereses por préstamos,1,Intereses por préstamos en moneda nacional,29,Otros,1.2,Recursos Propios,11611100,Intereses por préstamos,0,GENERICO,0,0,1.14886823,2024-07-01 00:00:00
2023,5,2023,1,Sector Público Nacional no Financiero,1,Administración Nacional,2,Organismos Descentralizados,72,Ministerio de Cultura,0,Ministerio de Cultura,802,Fondo Nacional de las Artes,802,Fondo Nacional de las Artes,16,Rentas de la propiedad,1,Intereses por préstamos,1,Intereses por préstamos en moneda nacional,29,Otros,2.2,Crédito Externo,11611100,Intereses por préstamos,0,GENERICO,0,0,0.00266461,2024-07-01 00:00:00
2023,5,2023,1,Sector Público Nacional no Financiero,1,Administración Nacional,2,Organismos Descentralizados,72,Ministerio de Cultura,0,Ministerio de Cultura,802,Fondo Nacional de las Artes,802,Fondo Nacional de las Artes,33,Recuperación de préstamos de corto plazo,1,Recuperación de préstamos otorgados al sector privado a corto plazo,0,Recuperación de préstamos otorgados al sector privado a corto plazo,0,Recuperación de préstamos otorgados al sector privado a corto plazo,1.2,Recursos Propios,12321000,Del sector privado,0,GENERICO,0,0,2.43312022,2024-07-01 00:00:00
2023,5,2023,1,Sector Público Nacional no Financiero,1,Administración Nacional,2,Organismos Descentralizados,75,"Ministerio de Trabajo, Empleo y Seguridad Social",0,"Ministerio de Trabajo, Empleo y Seguridad Social",852,Superintendencia de Riesgos del Trabajo,852,Superintendencia de Riesgos del Trabajo,12,Ingresos no impositivos,1,Tasas,9,Otras,29,Varios,1.2,Recursos Propios,11310000,Tasas,0,GENERICO,0,0,662.82077551,2024-07-01 00:00:00
2023,5,2023,1,Sector Público Nacional no Financiero,1,Administración Nacional,2,Organismos Descentralizados,80,Ministerio de Salud,0,Ministerio de Salud,902,Hospital Nacional en Red Especializado en Salud Mental y Adicciones 'Licenciada Laura Bonaparte',902,Hospital Nacional en Red Especializado en Salud Mental y Adicciones 'Licenciada Laura Bonaparte',14,Venta de bienes y servicios de administraciones públicas,2,Venta de servicios,1,Venta de servicios varios de la Administración Nacional,29,Otros,1.2,Recursos Propios,11400000,Ventas de bienes y serv. de las administraciones públicas,0,GENERICO,0,0,0.070927,2024-07-01 00:00:00
2023,5,2023,1,Sector Público Nacional no Financiero,1,Administración Nacional,2,Organismos Descentralizados,80,Ministerio de Salud,0,Ministerio de Salud,903,Hospital Nacional Dr. Baldomero Sommer,903,Hospital Nacional Dr. Baldomero Sommer,14,Venta de bienes y servicios de administraciones públicas,2,Venta de servicios,1,Venta de servicios varios de la Administración Nacional,29,Otros,1.2,Recursos Propios,11400000,Ventas de bienes y serv. de las administraciones públicas,0,GENERICO,0,0,48.753714,2024-07-01 00:00:00
2023,5,2023,1,Sector Público Nacional no Financiero,1,Administración Nacional,2,Organismos Descentralizados,80,Ministerio de Salud,0,Ministerio de Salud,904,"Administración Nacional de Medicamentos, Alimentos y Tecnología Médica",904,"Administración Nacional de Medicamentos, Alimentos y Tecnología Médica",12,Ingresos no impositivos,1,Tasas,9,Otras,29,Varios,1.2,Recursos Propios,11310000,Tasas,0,GENERICO,0,0,988.1855809,2024-07-01 00:00:00
2023,5,2023,1,Sector Público Nacional no Financiero,1,Administración Nacional,2,Organismos Descentralizados,80,Ministerio de Salud,0,Ministerio de Salud,905,Instituto Nacional Central Único Coordinador de Ablación e Implante,905,Instituto Nacional Central Único Coordinador de Ablación e Implante,11,Ingresos impositivos,2,Sobre el patrimonio,5,Bienes Personales,29,Impuesto s/los Bienes Personales - Otros,1.2,Recursos Propios,11112000,Sobre el patrimonio,0,GENERICO,0,0,0.25,2024-07-01 00:00:00
2023,5,2023,1,Sector Público Nacional no Financiero,1,Administración Nacional,2,Organismos Descentralizados,80,Ministerio de Salud,0,Ministerio de Salud,905,Instituto Nacional Central Único Coordinador de Ablación e Implante,905,Instituto Nacional Central Único Coordinador de Ablación e Implante,14,Venta de bienes y servicios de administraciones públicas,2,Venta de servicios,1,Venta de servicios varios de la Administración Nacional,29,Otros,1.2,Recursos Propios,11400000,Ventas de bienes y serv. de las administraciones públicas,0,GENERICO,0,0,127.61441633,2024-07-01 00:00:00
2023,5,2023,1,Sector Público Nacional no Financiero,1,Administración Nacional,2,Organismos Descentralizados,80,Ministerio de Salud,0,Ministerio de Salud,906,Administración Nacional de Laboratorios e Institutos de Salud 'Dr. Carlos Malbrán',906,Administración Nacional de Laboratorios e Institutos de Salud Dr. Carlos G. Malbrán,14,Venta de bienes y servicios de administraciones públicas,2,Venta de servicios,1,Venta de servicios varios de la Administración Nacional,29,Otros,1.2,Recursos Propios,11400000,Ventas de bienes y serv. de las administraciones públicas,0,GENERICO,0,0,9.554331,2024-07-01 00:00:00
2023,5,2023,1,Sector Público Nacional no Financiero,1,Administración Nacional,2,Organismos Descentralizados,80,Ministerio de Salud,0,Ministerio de Salud,906,Administración Nacional de Laboratorios e Institutos de Salud 'Dr. Carlos Malbrán',906,Administración Nacional de Laboratorios e Institutos de Salud Dr. Carlos G. Malbrán,17,Transferencias corrientes,6,Transferencias corrientes del sector externo,2,Transferencias corrientes de organismos internacionales,0,Transferencias corrientes de organismos internacionales,2.1,Transferencias Externas,11732000,De organismos internacionales,90035900,OMS Coordinacion del Control de Calidad de la Red de Vigilancia de la Resistencia a los Antimicrobianos,0,4.35,0,2024-07-01 00:00:00
2023,5,2023,1,Sector Público Nacional no Financiero,1,Administración Nacional,2,Organismos Descentralizados,80,Ministerio de Salud,0,Ministerio de Salud,906,Administración Nacional de Laboratorios e Institutos de Salud 'Dr. Carlos Malbrán',906,Administración Nacional de Laboratorios e Institutos de Salud Dr. Carlos G. Malbrán,17,Transferencias corrientes,6,Transferencias corrientes del sector externo,2,Transferencias corrientes de organismos internacionales,0,Transferencias corrientes de organismos internacionales,2.1,Transferencias Externas,11732000,De organismos internacionales,90037800,EBI Evaluar el uso de genómica para el diagnóstico de tuberculosis en Argentina,0,-4.35,0,2024-07-01 00:00:00
2023,5,2023,1,Sector Público Nacional no Financiero,1,Administración Nacional,2,Organismos Descentralizados,80,Ministerio de Salud,0,Ministerio de Salud,908,Hospital Nacional 'Prof. Alejandro A. Posadas',908,Hospital Nacional Profesor Alejandro Posadas,14,Venta de bienes y servicios de administraciones públicas,2,Venta de servicios,1,Venta de servicios varios de la Administración Nacional,29,Otros,1.2,Recursos Propios,11400000,Ventas de bienes y serv. de las administraciones públicas,0,GENERICO,0,0,133.83351102,2024-07-01 00:00:00
2023,5,2023,1,Sector Público Nacional no Financiero,1,Administración Nacional,2,Organismos Descentralizados,80,Ministerio de Salud,0,Ministerio de Salud,909,Hospital Nacional y Comunidad 'Dr. Ramón Carrillo',909,Hospital Nacional y Comunidad 'Dr. Ramón Carrillo',14,Venta de bienes y servicios de administraciones públicas,2,Venta de servicios,1,Venta de servicios varios de la Administración Nacional,29,Otros,1.2,Recursos Propios,11400000,Ventas de bienes y serv. de las administraciones públicas,0,GENERICO,0,0,155.36889392,2024-07-01 00:00:00
2023,5,2023,1,Sector Público Nacional no Financiero,1,Administración Nacional,2,Organismos Descentralizados,80,Ministerio de Salud,0,Ministerio de Salud,910,Instituto Nacional de Rehabilitación Psicofísica del Sur 'Dr. Juan Otimio Tesone',910,Instituto Nacional de Rehabilitación Psicofísica del Sur Dr. Juan Otimio Tesone,14,Venta de bienes y servicios de administraciones públicas,2,Venta de servicios,1,Venta de servicios varios de la Administración Nacional,29,Otros,1.2,Recursos Propios,11400000,Ventas de bienes y serv. de las administraciones públicas,0,GENERICO,0,0,4.77820551,2024-07-01 00:00:00
2023,5,2023,1,Sector Público Nacional no Financiero,1,Administración Nacional,2,Organismos Descentralizados,80,Ministerio de Salud,0,Ministerio de Salud,910,Instituto Nacional de Rehabilitación Psicofísica del Sur 'Dr. Juan Otimio Tesone',910,Instituto Nacional de Rehabilitación Psicofísica del Sur Dr. Juan Otimio Tesone,17,Transferencias corrientes,1,Transferencias corrientes del sector privado,1,Transferencias corrientes de unidades familiares,0,Transferencias corrientes de unidades familiares,1.4,Transferencias Internas,11711000,De unidades familiares,0,GENERICO,0,0,0,2024-07-01 00:00:00
2023,5,2023,1,Sector Público Nacional no Financiero,1,Administración Nacional,2,Organismos Descentralizados,80,Ministerio de Salud,0,Ministerio de Salud,914,Superintendencia de Servicios de Salud,914,Superintendencia de Servicios de Salud,12,Ingresos no impositivos,6,Multas,1,Multas por infracciones,29,Otras,1.2,Recursos Propios,11330000,Otros ingresos no impositivos,0,GENERICO,0,0,1.67716888,2024-07-01 00:00:00
2023,5,2023,1,Sector Público Nacional no Financiero,1,Administración Nacional,2,Organismos Descentralizados,80,Ministerio de Salud,0,Ministerio de Salud,914,Superintendencia de Servicios de Salud,914,Superintendencia de Servicios de Salud,12,Ingresos no impositivos,9,Otros ingresos no impositivos,9,Otros,29,Otros,1.2,Recursos Propios,11330000,Otros ingresos no impositivos,0,GENERICO,0,0,3.90973589,2024-07-01 00:00:00
2023,5,2023,1,Sector Público Nacional no Financiero,1,Administración Nacional,2,Organismos Descentralizados,80,Ministerio de Salud,0,Ministerio de Salud,914,Superintendencia de Servicios de Salud,914,Superintendencia de Servicios de Salud,13,Aportes y contribuciones,2,Otras contribuciones,2,Otras entidades,0,Otras entidades,1.2,Recursos Propios,11200000,Aportes y contribuciones a la seguridad social,0,GENERICO,0,0,52.78681624,2024-07-01 00:00:00
2023,5,2023,1,Sector Público Nacional no Financiero,1,Administración Nacional,2,Organismos Descentralizados,80,Ministerio de Salud,0,Ministerio de Salud,914,Superintendencia de Servicios de Salud,914,Superintendencia de Servicios de Salud,16,Rentas de la propiedad,2,Intereses por depósitos,1,Intereses por depósitos en moneda nacional,29,Otros,1.2,Recursos Propios,11611200,Intereses por depósitos,0,GENERICO,0,0,1526.77589443,2024-07-01 00:00:00
2023,5,2023,1,Sector Público Nacional no Financiero,1,Administración Nacional,2,Organismos Descentralizados,81,Ministerio de Ambiente y Desarrollo Sostenible,0,Ministerio de Ambiente y Desarrollo Sostenible,107,Administración de Parques Nacionales,107,Administración de Parques Nacionales,12,Ingresos no impositivos,2,Derechos,9,Otros derechos,5,Permisos de Pesca - APN,1.2,Recursos Propios,11320000,Derechos,0,GENERICO,0,0,0.36335,2024-07-01 00:00:00
2023,5,2023,1,Sector Público Nacional no Financiero,1,Administración Nacional,2,Organismos Descentralizados,81,Ministerio de Ambiente y Desarrollo Sostenible,0,Ministerio de Ambiente y Desarrollo Sostenible,107,Administración de Parques Nacionales,107,Administración de Parques Nacionales,12,Ingresos no impositivos,2,Derechos,9,Otros derechos,6,Derechos de Navegación - APN,1.2,Recursos Propios,11320000,Derechos,0,GENERICO,0,0,193.16699288,2024-07-01 00:00:00
2023,5,2023,1,Sector Público Nacional no Financiero,1,Administración Nacional,2,Organismos Descentralizados,81,Ministerio de Ambiente y Desarrollo Sostenible,0,Ministerio de Ambiente y Desarrollo Sostenible,107,Administración de Parques Nacionales,107,Administración de Parques Nacionales,12,Ingresos no impositivos,2,Derechos,9,Otros derechos,8,Accesos a Parques Nacionales,1.2,Recursos Propios,11320000,Derechos,0,GENERICO,0,0,142.03624448,2024-07-01 00:00:00
2023,5,2023,1,Sector Público Nacional no Financiero,1,Administración Nacional,2,Organismos Descentralizados,81,Ministerio de Ambiente y Desarrollo Sostenible,0,Ministerio de Ambiente y Desarrollo Sostenible,107,Administración de Parques Nacionales,107,Administración de Parques Nacionales,12,Ingresos no impositivos,2,Derechos,9,Otros derechos,9,Derechos de Actividad Comercial - APN,1.2,Recursos Propios,11320000,Derechos,0,GENERICO,0,0,30.1464382,2024-07-01 00:00:00
2023,5,2023,1,Sector Público Nacional no Financiero,1,Administración Nacional,2,Organismos Descentralizados,81,Ministerio de Ambiente y Desarrollo Sostenible,0,Ministerio de Ambiente y Desarrollo Sostenible,107,Administración de Parques Nacionales,107,Administración de Parques Nacionales,12,Ingresos no impositivos,2,Derechos,9,Otros derechos,29,Varios,1.2,Recursos Propios,11320000,Derechos,0,GENERICO,0,0,223.59361566,2024-07-01 00:00:00
2023,5,2023,1,Sector Público Nacional no Financiero,1,Administración Nacional,2,Organismos Descentralizados,81,Ministerio de Ambiente y Desarrollo Sostenible,0,Ministerio de Ambiente y Desarrollo Sostenible,107,Administración de Parques Nacionales,107,Administración de Parques Nacionales,12,Ingresos no impositivos,5,Alquileres,1,Alquileres de inmuebles,29,Otros,1.2,Recursos Propios,11330000,Otros ingresos no impositivos,0,GENERICO,0,0,0.48053418,2024-07-01 00:00:00
2023,5,2023,1,Sector Público Nacional no Financiero,1,Administración Nacional,2,Organismos Descentralizados,81,Ministerio de Ambiente y Desarrollo Sostenible,0,Ministerio de Ambiente y Desarrollo Sostenible,107,Administración de Parques Nacionales,107,Administración de Parques Nacionales,12,Ingresos no impositivos,6,Multas,1,Multas por infracciones,29,Otras,1.2,Recursos Propios,11330000,Otros ingresos no impositivos,0,GENERICO,0,0,11.22300658,2024-07-01 00:00:00
2023,5,2023,1,Sector Público Nacional no Financiero,1,Administración Nacional,2,Organismos Descentralizados,81,Ministerio de Ambiente y Desarrollo Sostenible,0,Ministerio de Ambiente y Desarrollo Sostenible,107,Administración de Parques Nacionales,107,Administración de Parques Nacionales,12,Ingresos no impositivos,9,Otros ingresos no impositivos,9,Otros,29,Otros,1.2,Recursos Propios,11330000,Otros ingresos no impositivos,0,GENERICO,0,0,0.42365852,2024-07-01 00:00:00
2023,5,2023,1,Sector Público Nacional no Financiero,1,Administración Nacional,2,Organismos Descentralizados,81,Ministerio de Ambiente y Desarrollo Sostenible,0,Ministerio de Ambiente y Desarrollo Sostenible,107,Administración de Parques Nacionales,107,Administración de Parques Nacionales,13,Aportes y contribuciones,1,Aportes y contribuciones a la seguridad social,1,Aportes personales,29,Otros,1.2,Recursos Propios,11200000,Aportes y contribuciones a la seguridad social,0,GENERICO,0,0,64.67408307,2024-07-01 00:00:00
2023,5,2023,1,Sector Público Nacional no Financiero,1,Administración Nacional,2,Organismos Descentralizados,81,Ministerio de Ambiente y Desarrollo Sostenible,0,Ministerio de Ambiente y Desarrollo Sostenible,107,Administración de Parques Nacionales,107,Administración de Parques Nacionales,16,Rentas de la propiedad,5,Arrendamiento de tierras y terrenos,1,Arrendamiento de tierras,29,Otras,1.2,Recursos Propios,11630000,Arrendamiento de tierras y terrenos,0,GENERICO,0,0,0.00012755,2024-07-01 00:00:00
2023,5,2023,1,Sector Público Nacional no Financiero,1,Administración Nacional,2,Organismos Descentralizados,81,Ministerio de Ambiente y Desarrollo Sostenible,0,Ministerio de Ambiente y Desarrollo Sostenible,107,Administración de Parques Nacionales,107,Administración de Parques Nacionales,17,Transferencias corrientes,6,Transferencias corrientes del sector externo,2,Transferencias corrientes de organismos internacionales,0,Transferencias corrientes de organismos internacionales,2.1,Transferencias Externas,11732000,De organismos internacionales,90058301,BIRF TF0B7681 Proyecto de Recuperación Sustentable de Paisajes y Medios de Vida en Argentina,0,0,0,2024-07-01 00:00:00
2023,5,2023,1,Sector Público Nacional no Financiero,1,Administración Nacional,3,Instituciones de Seguridad Social,41,Ministerio de Seguridad,0,Ministerio de Seguridad,250,"Caja de Retiros, Jubilaciones y Pensiones de la Policía Federal Argentina",250,"Caja de Retiros, Jubilaciones y Pensiones de la Policía Federal Argentina",12,Ingresos no impositivos,9,Otros ingresos no impositivos,1,Afectaciones y devoluciones,29,Varios,1.2,Recursos Propios,11330000,Otros ingresos no impositivos,0,GENERICO,0,0,11.02824685,2024-07-01 00:00:00
2023,5,2023,1,Sector Público Nacional no Financiero,1,Administración Nacional,3,Instituciones de Seguridad Social,41,Ministerio de Seguridad,0,Ministerio de Seguridad,250,"Caja de Retiros, Jubilaciones y Pensiones de la Policía Federal Argentina",250,"Caja de Retiros, Jubilaciones y Pensiones de la Policía Federal Argentina",13,Aportes y contribuciones,1,Aportes y contribuciones a la seguridad social,1,Aportes personales,29,Otros,1.2,Recursos Propios,11200000,Aportes y contribuciones a la seguridad social,0,GENERICO,0,0,8773.10130454,2024-07-01 00:00:00
2023,5,2023,1,Sector Público Nacional no Financiero,1,Administración Nacional,3,Instituciones de Seguridad Social,41,Ministerio de Seguridad,0,Ministerio de Seguridad,250,"Caja de Retiros, Jubilaciones y Pensiones de la Policía Federal Argentina",250,"Caja de Retiros, Jubilaciones y Pensiones de la Policía Federal Argentina",13,Aportes y contribuciones,1,Aportes y contribuciones a la seguridad social,2,Contribuciones patronales,29,Otras,1.2,Recursos Propios,11200000,Aportes y contribuciones a la seguridad social,0,GENERICO,0,0,7784.71096318,2024-07-01 00:00:00
2023,5,2023,1,Sector Público Nacional no Financiero,1,Administración Nacional,3,Instituciones de Seguridad Social,45,Ministerio de Defensa,0,Ministerio de Defensa,470,Instituto de Ayuda Financiera para pago de Retiros y Pensiones Militares,470,Instituto de Ayuda Financiera para Pago de Retiros y Pensiones Militares,13,Aportes y contribuciones,1,Aportes y contribuciones a la seguridad social,1,Aportes personales,29,Otros,1.2,Recursos Propios,11200000,Aportes y contribuciones a la seguridad social,0,GENERICO,0,0,6800.92338399,2024-07-01 00:00:00
2023,5,2023,1,Sector Público Nacional no Financiero,1,Administración Nacional,3,Instituciones de Seguridad Social,45,Ministerio de Defensa,0,Ministerio de Defensa,470,Instituto de Ayuda Financiera para pago de Retiros y Pensiones Militares,470,Instituto de Ayuda Financiera para Pago de Retiros y Pensiones Militares,13,Aportes y contribuciones,1,Aportes y contribuciones a la seguridad social,2,Contribuciones patronales,29,Otras,1.2,Recursos Propios,11200000,Aportes y contribuciones a la seguridad social,0,GENERICO,0,0,5474.80134216,2024-07-01 00:00:00
2023,5,2023,1,Sector Público Nacional no Financiero,1,Administración Nacional,3,Instituciones de Seguridad Social,75,"Ministerio de Trabajo, Empleo y Seguridad Social",0,"Ministerio de Trabajo, Empleo y Seguridad Social",850,Administración Nacional de la Seguridad Social,850,Administración Nacional de la Seguridad Social,11,Ingresos impositivos,6,"Sobre la producción, el consumo y las transacciones",1,Valor agregado,2,11% IVA Asignación Específica ANSeS,1.2,Recursos Propios,11121000,"Sobre la producción, el consumo y las transacciones",0,GENERICO,0,0,100654.78381273,2024-07-01 00:00:00
2023,5,2023,1,Sector Público Nacional no Financiero,1,Administración Nacional,3,Instituciones de Seguridad Social,75,"Ministerio de Trabajo, Empleo y Seguridad Social",0,"Ministerio de Trabajo, Empleo y Seguridad Social",850,Administración Nacional de la Seguridad Social,850,Administración Nacional de la Seguridad Social,11,Ingresos impositivos,6,"Sobre la producción, el consumo y las transacciones",3,Combustibles líquidos y al dióxido de carbono,2,ANSES - Gasoil y Gas Natural Comprimido,1.2,Recursos Propios,11121000,"Sobre la producción, el consumo y las transacciones",0,GENERICO,0,0,11611.6136134,2024-07-01 00:00:00
2023,5,2023,1,Sector Público Nacional no Financiero,1,Administración Nacional,3,Instituciones de Seguridad Social,75,"Ministerio de Trabajo, Empleo y Seguridad Social",0,"Ministerio de Trabajo, Empleo y Seguridad Social",850,Administración Nacional de la Seguridad Social,850,Administración Nacional de la Seguridad Social,11,Ingresos impositivos,6,"Sobre la producción, el consumo y las transacciones",8,Débitos y créditos en cuentas bancarias y otras operatorias,2,70% Créditos y Débitos s/CC Bancarias,1.2,Recursos Propios,11121000,"Sobre la producción, el consumo y las transacciones",0,GENERICO,0,0,218206.66005141,2024-07-01 00:00:00
2023,5,2023,1,Sector Público Nacional no Financiero,1,Administración Nacional,3,Instituciones de Seguridad Social,75,"Ministerio de Trabajo, Empleo y Seguridad Social",0,"Ministerio de Trabajo, Empleo y Seguridad Social",850,Administración Nacional de la Seguridad Social,850,Administración Nacional de la Seguridad Social,11,Ingresos impositivos,7,Sobre el comercio y las transacciones internacionales,5,Impuesto para una Argentina Inclusiva y Solidaria (PAÍS),1,Decreto 184/20 Artículo 1 Inciso a. ANSES (60% del 70%),1.2,Recursos Propios,11122000,Sobre el comercio y las transacciones internacionales,0,GENERICO,0,0,18210.11052,2024-07-01 00:00:00
2023,5,2023,1,Sector Público Nacional no Financiero,1,Administración Nacional,3,Instituciones de Seguridad Social,75,"Ministerio de Trabajo, Empleo y Seguridad Social",0,"Ministerio de Trabajo, Empleo y Seguridad Social",850,Administración Nacional de la Seguridad Social,850,Administración Nacional de la Seguridad Social,11,Ingresos impositivos,9,Otros impuestos,9,Otros,20,Monotributo Impositivo - ANSeS,1.2,Recursos Propios,11123000,Otros impuestos,0,GENERICO,0,0,4276.0739,2024-07-01 00:00:00
2023,5,2023,1,Sector Público Nacional no Financiero,1,Administración Nacional,3,Instituciones de Seguridad Social,75,"Ministerio de Trabajo, Empleo y Seguridad Social",0,"Ministerio de Trabajo, Empleo y Seguridad Social",850,Administración Nacional de la Seguridad Social,850,Administración Nacional de la Seguridad Social,11,Ingresos impositivos,9,Otros impuestos,9,Otros,26,ANSeS - Adicional Cigarrillos,1.2,Recursos Propios,11123000,Otros impuestos,0,GENERICO,0,0,3747.392,2024-07-01 00:00:00
2023,5,2023,1,Sector Público Nacional no Financiero,1,Administración Nacional,3,Instituciones de Seguridad Social,75,"Ministerio de Trabajo, Empleo y Seguridad Social",0,"Ministerio de Trabajo, Empleo y Seguridad Social",850,Administración Nacional de la Seguridad Social,850,Administración Nacional de la Seguridad Social,12,Ingresos no impositivos,9,Otros ingresos no impositivos,1,Afectaciones y devoluciones,29,Varios,1.2,Recursos Propios,11330000,Otros ingresos no impositivos,0,GENERICO,0,0,71.38868039,2024-07-01 00:00:00
2023,5,2023,1,Sector Público Nacional no Financiero,1,Administración Nacional,3,Instituciones de Seguridad Social,75,"Ministerio de Trabajo, Empleo y Seguridad Social",0,"Ministerio de Trabajo, Empleo y Seguridad Social",850,Administración Nacional de la Seguridad Social,850,Administración Nacional de la Seguridad Social,12,Ingresos no impositivos,9,Otros ingresos no impositivos,9,Otros,29,Otros,1.2,Recursos Propios,11330000,Otros ingresos no impositivos,0,GENERICO,0,0,769.43209552,2024-07-01 00:00:00
2023,5,2023,1,Sector Público Nacional no Financiero,1,Administración Nacional,3,Instituciones de Seguridad Social,75,"Ministerio de Trabajo, Empleo y Seguridad Social",0,"Ministerio de Trabajo, Empleo y Seguridad Social",850,Administración Nacional de la Seguridad Social,850,Administración Nacional de la Seguridad Social,13,Aportes y contribuciones,1,Aportes y contribuciones a la seguridad social,1,Aportes personales,1,ADMINISTRACION NACIONAL DE LA SEGURIDAD SOCIAL - ANSES,1.2,Recursos Propios,11200000,Aportes y contribuciones a la seguridad social,0,GENERICO,0,0,193941.37076817,2024-07-01 00:00:00
2023,5,2023,1,Sector Público Nacional no Financiero,1,Administración Nacional,3,Instituciones de Seguridad Social,75,"Ministerio de Trabajo, Empleo y Seguridad Social",0,"Ministerio de Trabajo, Empleo y Seguridad Social",850,Administración Nacional de la Seguridad Social,850,Administración Nacional de la Seguridad Social,13,Aportes y contribuciones,1,Aportes y contribuciones a la seguridad social,1,Aportes personales,2,FONDO NACIONAL DE EMPLEO,1.2,Recursos Propios,11200000,Aportes y contribuciones a la seguridad social,0,GENERICO,0,0,1510.09628186,2024-07-01 00:00:00
2023,5,2023,1,Sector Público Nacional no Financiero,1,Administración Nacional,3,Instituciones de Seguridad Social,75,"Ministerio de Trabajo, Empleo y Seguridad Social",0,"Ministerio de Trabajo, Empleo y Seguridad Social",850,Administración Nacional de la Seguridad Social,850,Administración Nacional de la Seguridad Social,13,Aportes y contribuciones,1,Aportes y contribuciones a la seguridad social,1,Aportes personales,7,Moratoria Previsional,1.2,Recursos Propios,11200000,Aportes y contribuciones a la seguridad social,0,GENERICO,0,0,1191.28321331,2024-07-01 00:00:00
2023,5,2023,1,Sector Público Nacional no Financiero,1,Administración Nacional,3,Instituciones de Seguridad Social,75,"Ministerio de Trabajo, Empleo y Seguridad Social",0,"Ministerio de Trabajo, Empleo y Seguridad Social",850,Administración Nacional de la Seguridad Social,850,Administración Nacional de la Seguridad Social,13,Aportes y contribuciones,1,Aportes y contribuciones a la seguridad social,2,Contribuciones patronales,1,ADMINISTRACION NACIONAL DE LA SEGURIDAD SOCIAL - ANSES,1.2,Recursos Propios,11200000,Aportes y contribuciones a la seguridad social,0,GENERICO,0,0,344282.58030887,2024-07-01 00:00:00
2023,5,2023,1,Sector Público Nacional no Financiero,1,Administración Nacional,3,Instituciones de Seguridad Social,75,"Ministerio de Trabajo, Empleo y Seguridad Social",0,"Ministerio de Trabajo, Empleo y Seguridad Social",850,Administración Nacional de la Seguridad Social,850,Administración Nacional de la Seguridad Social,13,Aportes y contribuciones,1,Aportes y contribuciones a la seguridad social,2,Contribuciones patronales,2,FONDO NACIONAL DE EMPLEO,1.2,Recursos Propios,11200000,Aportes y contribuciones a la seguridad social,0,GENERICO,0,0,11824.50768001,2024-07-01 00:00:00
2023,5,2023,1,Sector Público Nacional no Financiero,1,Administración Nacional,3,Instituciones de Seguridad Social,75,"Ministerio de Trabajo, Empleo y Seguridad Social",0,"Ministerio de Trabajo, Empleo y Seguridad Social",850,Administración Nacional de la Seguridad Social,850,Administración Nacional de la Seguridad Social,13,Aportes y contribuciones,1,Aportes y contribuciones a la seguridad social,2,Contribuciones patronales,3,ASIGNACIONES FAMILIARES,1.2,Recursos Propios,11200000,Aportes y contribuciones a la seguridad social,0,GENERICO,0,0,0.0455488,2024-07-01 00:00:00
2023,5,2023,1,Sector Público Nacional no Financiero,1,Administración Nacional,3,Instituciones de Seguridad Social,75,"Ministerio de Trabajo, Empleo y Seguridad Social",0,"Ministerio de Trabajo, Empleo y Seguridad Social",850,Administración Nacional de la Seguridad Social,850,Administración Nacional de la Seguridad Social,13,Aportes y contribuciones,1,Aportes y contribuciones a la seguridad social,2,Contribuciones patronales,29,Otras,1.2,Recursos Propios,11200000,Aportes y contribuciones a la seguridad social,0,GENERICO,0,0,1.63282287,2024-07-01 00:00:00
2023,5,2023,1,Sector Público Nacional no Financiero,1,Administración Nacional,3,Instituciones de Seguridad Social,75,"Ministerio de Trabajo, Empleo y Seguridad Social",0,"Ministerio de Trabajo, Empleo y Seguridad Social",850,Administración Nacional de la Seguridad Social,850,Administración Nacional de la Seguridad Social,13,Aportes y contribuciones,2,Otras contribuciones,1,Instituto Nacional de Servicios Sociales para Jubilados y Pensionados,0,Instituto Nacional de Servicios Sociales para Jubilados y Pensionados,1.2,Recursos Propios,11200000,Aportes y contribuciones a la seguridad social,0,GENERICO,0,0,0.52259141,2024-07-01 00:00:00
2023,5,2023,1,Sector Público Nacional no Financiero,1,Administración Nacional,3,Instituciones de Seguridad Social,75,"Ministerio de Trabajo, Empleo y Seguridad Social",0,"Ministerio de Trabajo, Empleo y Seguridad Social",850,Administración Nacional de la Seguridad Social,850,Administración Nacional de la Seguridad Social,16,Rentas de la propiedad,1,Intereses por préstamos,1,Intereses por préstamos en moneda nacional,6,Argenta FGS,1.2,Recursos Propios,11611100,Intereses por préstamos,0,GENERICO,0,0,15527.48973399,2024-07-01 00:00:00
2023,5,2023,1,Sector Público Nacional no Financiero,1,Administración Nacional,3,Instituciones de Seguridad Social,75,"Ministerio de Trabajo, Empleo y Seguridad Social",0,"Ministerio de Trabajo, Empleo y Seguridad Social",850,Administración Nacional de la Seguridad Social,850,Administración Nacional de la Seguridad Social,16,Rentas de la propiedad,2,Intereses por depósitos,1,Intereses por depósitos en moneda nacional,1,FONDO DE GARANTIA DE LA SEGURIDAD SOCIAL,1.2,Recursos Propios,11611200,Intereses por depósitos,0,GENERICO,0,0,17616.71089326,2024-07-01 00:00:00
2023,5,2023,1,Sector Público Nacional no Financiero,1,Administración Nacional,3,Instituciones de Seguridad Social,75,"Ministerio de Trabajo, Empleo y Seguridad Social",0,"Ministerio de Trabajo, Empleo y Seguridad Social",850,Administración Nacional de la Seguridad Social,850,Administración Nacional de la Seguridad Social,16,Rentas de la propiedad,2,Intereses por depósitos,1,Intereses por depósitos en moneda nacional,29,Otros,1.2,Recursos Propios,11611200,Intereses por depósitos,0,GENERICO,0,0,1027.05252179,2024-07-01 00:00:00
2023,5,2023,1,Sector Público Nacional no Financiero,1,Administración Nacional,3,Instituciones de Seguridad Social,75,"Ministerio de Trabajo, Empleo y Seguridad Social",0,"Ministerio de Trabajo, Empleo y Seguridad Social",850,Administración Nacional de la Seguridad Social,850,Administración Nacional de la Seguridad Social,16,Rentas de la propiedad,3,Intereses por títulos y valores,1,Intereses por títulos y valores en moneda nacional,1,FONDO DE GARANTIA DE LA SEGURIDAD SOCIAL,1.2,Recursos Propios,11611300,Intereses por títulos y valores,0,GENERICO,0,0,23833.92504131,2024-07-01 00:00:00
2023,5,2023,1,Sector Público Nacional no Financiero,1,Administración Nacional,3,Instituciones de Seguridad Social,75,"Ministerio de Trabajo, Empleo y Seguridad Social",0,"Ministerio de Trabajo, Empleo y Seguridad Social",850,Administración Nacional de la Seguridad Social,850,Administración Nacional de la Seguridad Social,16,Rentas de la propiedad,3,Intereses por títulos y valores,2,Intereses por títulos y valores en moneda extranjera,1,FONDO DE GARANTIA DE LA SEGURIDAD SOCIAL,1.2,Recursos Propios,11612300,Intereses por títulos y valores,0,GENERICO,0,0,1270.75544635,2024-07-01 00:00:00
2023,5,2023,1,Sector Público Nacional no Financiero,1,Administración Nacional,3,Instituciones de Seguridad Social,75,"Ministerio de Trabajo, Empleo y Seguridad Social",0,"Ministerio de Trabajo, Empleo y Seguridad Social",850,Administración Nacional de la Seguridad Social,850,Administración Nacional de la Seguridad Social,17,Transferencias corrientes,6,Transferencias corrientes del sector externo,2,Transferencias corrientes de organismos internacionales,0,Transferencias corrientes de organismos internacionales,2.1,Transferencias Externas,11732000,De organismos internacionales,90050700,UNICEF-ANSES - Abordaje en Comunidades Indígenas y zonas rurales de extrema vulnerabilidad,0,10.24,2.6953501,2024-07-01 00:00:00
