ejercicio_presupuestario,servicio_id,programa_id,programa_desc,subprograma_id,subprograma_desc,proyecto_id,proyecto_desc,actividad_id,actividad_desc,obra_id,obra_desc,ultima_actualizacion_fecha
2023,1,16,Control Externo del Sector Publico Nacional,0,Control Externo del Sector Publico Nacional,0,Control Externo del Sector Publico Nacional,1,Control Externo de Gestion del Sector Publico No Financiero,0,Control Externo del Sector Publico Nacional,2024-07-01 00:00:00
2023,1,16,Control Externo del Sector Publico Nacional,0,Control Externo del Sector Publico Nacional,0,Control Externo del Sector Publico Nacional,2,Control Externo Entes Reguladores y Empresas Prestadoras de Servicios Publicos,0,Control Externo del Sector Publico Nacional,2024-07-01 00:00:00
2023,1,16,Control Externo del Sector Publico Nacional,0,Control Externo del Sector Publico Nacional,0,Control Externo del Sector Publico Nacional,3,Control Externo del Sector Financiero y Recursos,0,Control Externo del Sector Publico Nacional,2024-07-01 00:00:00
2023,1,16,Control Externo del Sector Publico Nacional,0,Control Externo del Sector Publico Nacional,0,Control Externo del Sector Publico Nacional,4,Control Externo de la Deuda Publica,0,Control Externo del Sector Publico Nacional,2024-07-01 00:00:00
2023,1,16,Control Externo del Sector Publico Nacional,0,Control Externo del Sector Publico Nacional,0,Control Externo del Sector Publico Nacional,5,Apoyo Administrativo Logistico,0,Control Externo del Sector Publico Nacional,2024-07-01 00:00:00
2023,1,16,Control Externo del Sector Publico Nacional,0,Control Externo del Sector Publico Nacional,0,Control Externo del Sector Publico Nacional,6,Direccion Superior,0,Control Externo del Sector Publico Nacional,2024-07-01 00:00:00
2023,1,16,Control Externo del Sector Publico Nacional,0,Control Externo del Sector Publico Nacional,0,Control Externo del Sector Publico Nacional,8,Control Externo de la Cuenta de Inversion,0,Control Externo del Sector Publico Nacional,2024-07-01 00:00:00
2023,1,16,Control Externo del Sector Publico Nacional,0,Control Externo del Sector Publico Nacional,0,Control Externo del Sector Publico Nacional,9,Planificacion y Asistencia Legal y Tecnica,0,Control Externo del Sector Publico Nacional,2024-07-01 00:00:00
2023,1,16,Control Externo del Sector Publico Nacional,0,Control Externo del Sector Publico Nacional,0,Control Externo del Sector Publico Nacional,12,Control de Transferencias de Fondos Nacionales,0,Control Externo del Sector Publico Nacional,2024-07-01 00:00:00
2023,1,16,Control Externo del Sector Publico Nacional,0,Control Externo del Sector Publico Nacional,0,Control Externo del Sector Publico Nacional,13,Control Externo Financiero del Sector Publico No Financiero,0,Control Externo del Sector Publico Nacional,2024-07-01 00:00:00
2023,1,16,Control Externo del Sector Publico Nacional,0,Control Externo del Sector Publico Nacional,0,Control Externo del Sector Publico Nacional,15,"Acciones de Capacitacion, Formacion y Entrenamiento Tecnico-Profesional",0,Control Externo del Sector Publico Nacional,2024-07-01 00:00:00
2023,101,16,"Investigacion de la Flora, Fauna y Gea",0,"Investigacion de la Flora, Fauna y Gea",0,"Investigacion de la Flora, Fauna y Gea",1,"Investigacion de la Flora, Fauna y Gea",0,"Investigacion de la Flora, Fauna y Gea",2024-07-01 00:00:00
2023,101,16,"Investigacion de la Flora, Fauna y Gea",0,"Investigacion de la Flora, Fauna y Gea",13,Adecuacion de Instalacion Electrica del Edificio de Zoologia (6 pisos),0,Adecuacion de Instalacion Electrica del Edificio de Zoologia (6 pisos),51,Adecuacion de Instalacion Electrica del Edificio de Zoologia (6 pisos),2024-07-01 00:00:00
2023,101,16,"Investigacion de la Flora, Fauna y Gea",0,"Investigacion de la Flora, Fauna y Gea",14,Instalacion de un Sistema de Control de Incendio en Colecciones de Alcohol,0,Instalacion de un Sistema de Control de Incendio en Colecciones de Alcohol,51,Instalacion de un Sistema de Control de Incendio en Colecciones de Alcohol,2024-07-01 00:00:00
2023,101,16,"Investigacion de la Flora, Fauna y Gea",0,"Investigacion de la Flora, Fauna y Gea",15,Desarrollo de Infraestructura y Automatizacion de acceso a edificios y areas de Investigacion,0,Desarrollo de Infraestructura y Automatizacion de acceso a edificios y areas de Investigacion,51,Desarrollo de Infraestructura y Automatizacion de acceso a edificios y areas de Investigacion,2024-07-01 00:00:00
2023,101,16,"Investigacion de la Flora, Fauna y Gea",0,"Investigacion de la Flora, Fauna y Gea",16,Ampliacion del Museo de Ciencias Naturales,0,Ampliacion del Museo de Ciencias Naturales,51,Ampliacion del Museo de Ciencias Naturales,2024-07-01 00:00:00
2023,103,1,Actividades Centrales,0,Actividades Centrales,0,Actividades Centrales,1,Conduccion y Administracion,0,Actividades Centrales,2024-07-01 00:00:00
2023,103,16,Formacion de Recursos Humanos,0,Formacion de Recursos Humanos,0,Formacion de Recursos Humanos,1,Formacion de Recursos Humanos,0,Formacion de Recursos Humanos,2024-07-01 00:00:00
2023,103,18,"Promocion, Investigacion, Financiamiento, Innovacion y Divulgacion en Ciencia y Tecnica",0,"Promocion, Investigacion, Financiamiento, Innovacion y Divulgacion en Ciencia y Tecnica",0,"Promocion, Investigacion, Financiamiento, Innovacion y Divulgacion en Ciencia y Tecnica",1,Conduccion y Administracion,0,"Promocion, Investigacion, Financiamiento, Innovacion y Divulgacion en Ciencia y Tecnica",2024-07-01 00:00:00
2023,103,18,"Promocion, Investigacion, Financiamiento, Innovacion y Divulgacion en Ciencia y Tecnica",0,"Promocion, Investigacion, Financiamiento, Innovacion y Divulgacion en Ciencia y Tecnica",0,"Promocion, Investigacion, Financiamiento, Innovacion y Divulgacion en Ciencia y Tecnica",2,Promocion e Investigacion,0,"Promocion, Investigacion, Financiamiento, Innovacion y Divulgacion en Ciencia y Tecnica",2024-07-01 00:00:00
2023,103,18,"Promocion, Investigacion, Financiamiento, Innovacion y Divulgacion en Ciencia y Tecnica",0,"Promocion, Investigacion, Financiamiento, Innovacion y Divulgacion en Ciencia y Tecnica",0,"Promocion, Investigacion, Financiamiento, Innovacion y Divulgacion en Ciencia y Tecnica",3,Financiamiento y Divulgacion en Ciencia y Tecnica,0,"Promocion, Investigacion, Financiamiento, Innovacion y Divulgacion en Ciencia y Tecnica",2024-07-01 00:00:00
2023,103,19,Investigaciones en Ciencia y Tecnica en el Atlantico Sur: Pampa Azul,0,Investigaciones en Ciencia y Tecnica en el Atlantico Sur: Pampa Azul,0,Investigaciones en Ciencia y Tecnica en el Atlantico Sur: Pampa Azul,41,Acciones de Conservacion del Area Maritima Protegida Namuncura - Banco Burdwood,0,Investigaciones en Ciencia y Tecnica en el Atlantico Sur: Pampa Azul,2024-07-01 00:00:00
2023,103,20,Desarrollo de Politicas de Vinculacion Tecnologica y Social,0,Desarrollo de Politicas de Vinculacion Tecnologica y Social,0,Desarrollo de Politicas de Vinculacion Tecnologica y Social,1,Conduccion y Adminitracion,0,Desarrollo de Politicas de Vinculacion Tecnologica y Social,2024-07-01 00:00:00
2023,105,1,Actividades Centrales,0,Actividades Centrales,0,Actividades Centrales,1,Direccion y Administracion Central,0,Actividades Centrales,2024-07-01 00:00:00
2023,105,1,Actividades Centrales,0,Actividades Centrales,0,Actividades Centrales,2,Servicios Operativos de Apoyo,0,Actividades Centrales,2024-07-01 00:00:00
2023,105,1,Actividades Centrales,0,Actividades Centrales,0,Actividades Centrales,3,Cooperacion Institucional,0,Actividades Centrales,2024-07-01 00:00:00
2023,105,1,Actividades Centrales,0,Actividades Centrales,0,Actividades Centrales,4,Institutos Academicos y Formacion de Becarios,0,Actividades Centrales,2024-07-01 00:00:00
2023,105,1,Actividades Centrales,0,Actividades Centrales,0,Actividades Centrales,5,Coordinacion y Administracion de Grandes Proyectos,0,Actividades Centrales,2024-07-01 00:00:00
2023,105,1,Actividades Centrales,0,Actividades Centrales,0,Actividades Centrales,6,Coordinacion Proyecto de Ingenieria en Telecomunicaciones,0,Actividades Centrales,2024-07-01 00:00:00
2023,105,1,Actividades Centrales,0,Actividades Centrales,5,Construccion de Reactor de Baja Potencia CAREM - Fase II,0,Construccion de Reactor de Baja Potencia CAREM - Fase II,51,Construccion de Reactor de Baja Potencia CAREM - Fase II,2024-07-01 00:00:00
2023,105,1,Actividades Centrales,0,Actividades Centrales,6,Puesta en Marcha del Modulo de Enriquecimiento de Uranio,0,Puesta en Marcha del Modulo de Enriquecimiento de Uranio,51,Puesta en Marcha del Modulo de Enriquecimiento de Uranio,2024-07-01 00:00:00
2023,105,1,Actividades Centrales,0,Actividades Centrales,10,Modernizacion Infraestructura Informatica de la Red Local de Voz y Datos,0,Modernizacion Infraestructura Informatica de la Red Local de Voz y Datos,51,Modernizacion Infraestructura Informatica de la Red Local de Voz y Datos,2024-07-01 00:00:00
2023,105,1,Actividades Centrales,0,Actividades Centrales,14,"Desarrollo de Tecnologia de Laseres para Enriquecimiento de Uranio en el Centro Atomico Bariloche, Pcia. de Rio Negro",0,"Desarrollo de Tecnologia de Laseres para Enriquecimiento de Uranio en el Centro Atomico Bariloche, Pcia. de Rio Negro",51,"Desarrollo de Tecnologia de Laseres para Enriquecimiento de Uranio en el Centro Atomico Bariloche, Pcia. de Rio Negro",2024-07-01 00:00:00
2023,105,20,Desarrollos y Suministros para la Energia Nuclear,0,Desarrollos y Suministros para la Energia Nuclear,0,Desarrollos y Suministros para la Energia Nuclear,1,Coordinacion y Administracion,0,Desarrollos y Suministros para la Energia Nuclear,2024-07-01 00:00:00
2023,105,20,Desarrollos y Suministros para la Energia Nuclear,0,Desarrollos y Suministros para la Energia Nuclear,0,Desarrollos y Suministros para la Energia Nuclear,3,Ingenieria de Centrales Nucleares de Potencia,0,Desarrollos y Suministros para la Energia Nuclear,2024-07-01 00:00:00
2023,105,20,Desarrollos y Suministros para la Energia Nuclear,0,Desarrollos y Suministros para la Energia Nuclear,0,Desarrollos y Suministros para la Energia Nuclear,4,Desarrollo de Reactores Nucleares de Experimentacion y Produccion,0,Desarrollos y Suministros para la Energia Nuclear,2024-07-01 00:00:00
2023,105,20,Desarrollos y Suministros para la Energia Nuclear,0,Desarrollos y Suministros para la Energia Nuclear,20,Equipamiento de Centro de Investigacio y Desarrollo en el Centro Atomico Consituyentes,0,Equipamiento de Centro de Investigacio y Desarrollo en el Centro Atomico Consituyentes,51,Equipamiento de Centro de Investigacion y Desarrollo en el Centro Atomico Consituyentes,2024-07-01 00:00:00
2023,105,20,Desarrollos y Suministros para la Energia Nuclear,0,Desarrollos y Suministros para la Energia Nuclear,22,Construccion de  Reactor RA-10,0,Construccion de  Reactor RA-10,51,Construccion de  Reactor RA-10,2024-07-01 00:00:00
2023,105,20,Desarrollos y Suministros para la Energia Nuclear,0,Desarrollos y Suministros para la Energia Nuclear,28,"Modernizacion y Equipamiento de Laboratorios en Materiales Avanzados, Recubiertos y Tribologia",0,"Modernizacion y Equipamiento de Laboratorios en Materiales Avanzados, Recubiertos y Tribologia",51,"Modernizacion y Equipamiento de Laboratorios en Materiales Avanzados, Recubiertos y Tribologia",2024-07-01 00:00:00
2023,105,20,Desarrollos y Suministros para la Energia Nuclear,0,Desarrollos y Suministros para la Energia Nuclear,30,"Readecuacion de Servicios para la Sostenibilidad Econ. y Ambiental del Centro Atomico Bariloche (CAB), Provincia de Rio Negro",0,"Readecuacion de Servicios para la Sostenibilidad Econ. y Ambiental del Centro Atomico Bariloche (CAB), Provincia de Rio Negro",51,"Readecuacion de Servicios para la Sostenibilidad Econ. y Ambiental del Centro Atomico Bariloche (CAB), Provincia de Rio Negro",2024-07-01 00:00:00
2023,105,20,Desarrollos y Suministros para la Energia Nuclear,0,Desarrollos y Suministros para la Energia Nuclear,31,"Readecuacion de Infraestructura del Centro Atomico Bariloche (CAB), Provincia de Rio Negro",0,"Readecuacion de Infraestructura del Centro Atomico Bariloche (CAB), Provincia de Rio Negro",51,"Readecuacion de Infraestructura del Centro Atomico Bariloche (CAB), Provincia de Rio Negro",2024-07-01 00:00:00
2023,105,21,Aplicaciones de la Tecnologia Nuclear,0,Aplicaciones de la Tecnologia Nuclear,0,Aplicaciones de la Tecnologia Nuclear,1,Coordinacion y Administracion,0,Aplicaciones de la Tecnologia Nuclear,2024-07-01 00:00:00
2023,105,21,Aplicaciones de la Tecnologia Nuclear,0,Aplicaciones de la Tecnologia Nuclear,0,Aplicaciones de la Tecnologia Nuclear,2,Produccion y Usos de Radioisotopos y Radiaciones,0,Aplicaciones de la Tecnologia Nuclear,2024-07-01 00:00:00
2023,105,21,Aplicaciones de la Tecnologia Nuclear,0,Aplicaciones de la Tecnologia Nuclear,0,Aplicaciones de la Tecnologia Nuclear,4,Aplicacion en Medicina Nuclear,0,Aplicaciones de la Tecnologia Nuclear,2024-07-01 00:00:00
2023,105,21,Aplicaciones de la Tecnologia Nuclear,0,Aplicaciones de la Tecnologia Nuclear,6,Adecuacion de la Planta de Produccion de Radiofarmacos,0,Adecuacion de la Planta de Produccion de Radiofarmacos,51,Adecuacion de la Planta de Produccion de Radiofarmacos,2024-07-01 00:00:00
2023,105,21,Aplicaciones de la Tecnologia Nuclear,0,Aplicaciones de la Tecnologia Nuclear,7,Desarrollo en Radioterapia por Captura Neutronica (BNCT),0,Desarrollo en Radioterapia por Captura Neutronica (BNCT),51,Desarrollo en Radioterapia por Captura Neutronica (BNCT),2024-07-01 00:00:00
2023,105,21,Aplicaciones de la Tecnologia Nuclear,0,Aplicaciones de la Tecnologia Nuclear,17,Renovacion Equipamiento e Instalaciones de Seguridad para Emergencias,0,Renovacion Equipamiento e Instalaciones de Seguridad para Emergencias,51,Renovacion Equipamiento e Instalaciones de Seguridad para Emergencias,2024-07-01 00:00:00
2023,105,21,Aplicaciones de la Tecnologia Nuclear,0,Aplicaciones de la Tecnologia Nuclear,23,"Creacion Centro de Radioterapia y Medicina Nuclear en San Carlos de Bariloche, Rio Negro",0,"Creacion Centro de Radioterapia y Medicina Nuclear en San Carlos de Bariloche, Rio Negro",51,"Creacion Centro de Radioterapia y Medicina Nuclear en San Carlos de Bariloche, Rio Negro",2024-07-01 00:00:00
2023,105,21,Aplicaciones de la Tecnologia Nuclear,0,Aplicaciones de la Tecnologia Nuclear,27,Mejoramiento y Ampliacion de la Infraestructura del Centro Atomico Ezeiza - Fase II,0,Mejoramiento y Ampliacion de la Infraestructura del Centro Atomico Ezeiza - Fase II,51,Mejoramiento y Ampliacion de la Infraestructura del Centro Atomico Ezeiza - Fase II,2024-07-01 00:00:00
2023,105,21,Aplicaciones de la Tecnologia Nuclear,0,Aplicaciones de la Tecnologia Nuclear,31,Extension del Ciclo de Vida y Capacidad del Ciclotron de Produccion del Centro Atomico Ezeiza. Provincia de Buenos Aires,0,Extension del Ciclo de Vida y Capacidad del Ciclotron de Produccion del Centro Atomico Ezeiza. Provincia de Buenos Aires,51,Extension del Ciclo de Vida y Capacidad del Ciclotron de Produccion del Centro Atomico Ezeiza. Provincia de Buenos Aires,2024-07-01 00:00:00
2023,105,21,Aplicaciones de la Tecnologia Nuclear,0,Aplicaciones de la Tecnologia Nuclear,32,"Adecuacion de Instalaciones del Centro Atomico Ezeiza, Provincia de Buenos Aires",0,"Adecuacion de Instalaciones del Centro Atomico Ezeiza, Provincia de Buenos Aires",51,"Adecuacion de Instalaciones del Centro Atomico Ezeiza, Provincia de Buenos Aires",2024-07-01 00:00:00
2023,105,22,Acciones para la Seguridad Nuclear y Proteccion Ambiental,0,Acciones para la Seguridad Nuclear y Proteccion Ambiental,0,Acciones para la Seguridad Nuclear y Proteccion Ambiental,1,Coordinacion y Administracion,0,Acciones para la Seguridad Nuclear y Proteccion Ambiental,2024-07-01 00:00:00
2023,105,22,Acciones para la Seguridad Nuclear y Proteccion Ambiental,0,Acciones para la Seguridad Nuclear y Proteccion Ambiental,0,Acciones para la Seguridad Nuclear y Proteccion Ambiental,2,Gestion Ambiental y Seguridad Nuclear,0,Acciones para la Seguridad Nuclear y Proteccion Ambiental,2024-07-01 00:00:00
2023,105,22,Acciones para la Seguridad Nuclear y Proteccion Ambiental,0,Acciones para la Seguridad Nuclear y Proteccion Ambiental,0,Acciones para la Seguridad Nuclear y Proteccion Ambiental,3,Gestion de Residuos Radiactivos,0,Acciones para la Seguridad Nuclear y Proteccion Ambiental,2024-07-01 00:00:00
2023,105,22,Acciones para la Seguridad Nuclear y Proteccion Ambiental,0,Acciones para la Seguridad Nuclear y Proteccion Ambiental,0,Acciones para la Seguridad Nuclear y Proteccion Ambiental,4,Restitucion Ambiental de Mineria de Uranio,0,Acciones para la Seguridad Nuclear y Proteccion Ambiental,2024-07-01 00:00:00
2023,105,22,Acciones para la Seguridad Nuclear y Proteccion Ambiental,0,Acciones para la Seguridad Nuclear y Proteccion Ambiental,4,Tratamiento Residuos Radiactivos de Baja Actividad,0,Tratamiento Residuos Radiactivos de Baja Actividad,51,Tratamiento Colas de Mineral de Uranio Malargue,2024-07-01 00:00:00
2023,105,22,Acciones para la Seguridad Nuclear y Proteccion Ambiental,0,Acciones para la Seguridad Nuclear y Proteccion Ambiental,4,Tratamiento Residuos Radiactivos de Baja Actividad,0,Tratamiento Residuos Radiactivos de Baja Actividad,52,Tratamiento Colas de Mineral de Uranio Los Gigantes,2024-07-01 00:00:00
2023,105,22,Acciones para la Seguridad Nuclear y Proteccion Ambiental,0,Acciones para la Seguridad Nuclear y Proteccion Ambiental,4,Tratamiento Residuos Radiactivos de Baja Actividad,0,Tratamiento Residuos Radiactivos de Baja Actividad,53,Tratamiento Colas de Mineral de Uranio Complejo Cordoba,2024-07-01 00:00:00
2023,105,22,Acciones para la Seguridad Nuclear y Proteccion Ambiental,0,Acciones para la Seguridad Nuclear y Proteccion Ambiental,9,Equipamiento de Laboratorios de Quimica de Reactores y Ciclo del Combustible,0,Equipamiento de Laboratorios de Quimica de Reactores y Ciclo del Combustible,51,Equipamiento de Laboratorios de Quimica de Reactores y Ciclo del Combustible,2024-07-01 00:00:00
2023,105,22,Acciones para la Seguridad Nuclear y Proteccion Ambiental,0,Acciones para la Seguridad Nuclear y Proteccion Ambiental,10,Mejora de la Capacidad de Servicios Internos del Centro Atomico Constituyentes - Construccion y Remodelacion de la Infraestructu,0,Mejora de la Capacidad de Servicios Internos del Centro Atomico Constituyentes - Construccion y Remodelacion de la Infraestructu,51,Mejora de la Capacidad de Servicios Internos del Centro Atomico Constituyentes - Construccion y Remodelacion de la Infraestructu,2024-07-01 00:00:00
2023,105,23,Investigacion y Aplicaciones no Nucleares,0,Investigacion y Aplicaciones no Nucleares,0,Investigacion y Aplicaciones no Nucleares,1,Coordinacion y Administracion,0,Investigacion y Aplicaciones no Nucleares,2024-07-01 00:00:00
2023,105,23,Investigacion y Aplicaciones no Nucleares,0,Investigacion y Aplicaciones no Nucleares,0,Investigacion y Aplicaciones no Nucleares,2,Acciones para la Investigacion,0,Investigacion y Aplicaciones no Nucleares,2024-07-01 00:00:00
2023,105,23,Investigacion y Aplicaciones no Nucleares,0,Investigacion y Aplicaciones no Nucleares,0,Investigacion y Aplicaciones no Nucleares,3,Proyectos de Tecnologia e Investigacion en Sistemas de Deteccion y Ciencias del Universo,0,Investigacion y Aplicaciones no Nucleares,2024-07-01 00:00:00
2023,105,23,Investigacion y Aplicaciones no Nucleares,0,Investigacion y Aplicaciones no Nucleares,0,Investigacion y Aplicaciones no Nucleares,4,Coordinacion y Administracion Proyecto International Center for Sciences (ICES),0,Investigacion y Aplicaciones no Nucleares,2024-07-01 00:00:00
2023,105,23,Investigacion y Aplicaciones no Nucleares,0,Investigacion y Aplicaciones no Nucleares,16,Desarrollo y Fabricacion de Instrumentos de Caracterizacion de Materiales Utilizando Haces de Neutrones del RA - 10,0,Desarrollo y Fabricacion de Instrumentos de Caracterizacion de Materiales Utilizando Haces de Neutrones del RA - 10,51,Desarrollo y Fabricacion de Instrumentos de Caracterizacion de Materiales Utilizando Haces de Neutrones del RA - 10,2024-07-01 00:00:00
2023,105,23,Investigacion y Aplicaciones no Nucleares,0,Investigacion y Aplicaciones no Nucleares,17,Modernizacion de la Planta de Produccion Criogenica del Centro Atomico Bariloche - Fase II,0,Modernizacion de la Planta de Produccion Criogenica del Centro Atomico Bariloche - Fase II,51,Modernizacion de la Planta de Produccion Criogenica del Centro Atomico Bariloche - Fase II,2024-07-01 00:00:00
2023,105,23,Investigacion y Aplicaciones no Nucleares,0,Investigacion y Aplicaciones no Nucleares,19,Desarrollo Tecnol. Cuanticas en Sensores de Ultra-alta Sensibilidad e Imagenes Medicas con Resol.Micrometrica- Centro Atom Bche,0,Desarrollo Tecnol. Cuanticas en Sensores de Ultra-alta Sensibilidad e Imagenes Medicas con Resol.Micrometrica- Centro Atom Bche,51,Desarrollo Tecnol. Cuanticas en Sensores de Ultra-alta Sensibilidad e Imagenes Medicas con Resol.Micrometrica- Centro Atom Bche,2024-07-01 00:00:00
2023,105,24,Suministros y Tecnologia del Ciclo de Combustible Nuclear,0,Suministros y Tecnologia del Ciclo de Combustible Nuclear,0,Suministros y Tecnologia del Ciclo de Combustible Nuclear,1,Geologia y Exploracion de Uranio,0,Suministros y Tecnologia del Ciclo de Combustible Nuclear,2024-07-01 00:00:00
2023,105,24,Suministros y Tecnologia del Ciclo de Combustible Nuclear,0,Suministros y Tecnologia del Ciclo de Combustible Nuclear,0,Suministros y Tecnologia del Ciclo de Combustible Nuclear,2,Produccion de Materias Primas Nucleares,0,Suministros y Tecnologia del Ciclo de Combustible Nuclear,2024-07-01 00:00:00
2023,105,24,Suministros y Tecnologia del Ciclo de Combustible Nuclear,0,Suministros y Tecnologia del Ciclo de Combustible Nuclear,0,Suministros y Tecnologia del Ciclo de Combustible Nuclear,3,Tecnologia de Combustibles Nucleares,0,Suministros y Tecnologia del Ciclo de Combustible Nuclear,2024-07-01 00:00:00
2023,105,24,Suministros y Tecnologia del Ciclo de Combustible Nuclear,0,Suministros y Tecnologia del Ciclo de Combustible Nuclear,1,Perforacion Yacimiento de Uranio Cerro Solo,0,Perforacion Yacimiento de Uranio Cerro Solo,51,Perforacion Yacimiento de Uranio Cerro Solo,2024-07-01 00:00:00
2023,105,24,Suministros y Tecnologia del Ciclo de Combustible Nuclear,0,Suministros y Tecnologia del Ciclo de Combustible Nuclear,2,Perforacion Yacimiento de Uranio Noroeste Argentino,0,Perforacion Yacimiento de Uranio Noroeste Argentino,51,Perforacion Yacimiento de Uranio Noroeste Argentino,2024-07-01 00:00:00
2023,105,24,Suministros y Tecnologia del Ciclo de Combustible Nuclear,0,Suministros y Tecnologia del Ciclo de Combustible Nuclear,3,Recuperacion del Yacimiento Don Otto para la Extraccion de Uranio - Salta,0,Recuperacion del Yacimiento Don Otto para la Extraccion de Uranio - Salta,51,Recuperacion del Yacimiento Don Otto para la Extraccion de Uranio - Salta,2024-07-01 00:00:00
2023,105,24,Suministros y Tecnologia del Ciclo de Combustible Nuclear,0,Suministros y Tecnologia del Ciclo de Combustible Nuclear,6,Remediacion de Pasivos Complejo Minero Fabril San Rafael - Mendoza,0,Remediacion de Pasivos Complejo Minero Fabril San Rafael - Mendoza,51,Remediacion de Pasivos Complejo Minero Fabril San Rafael - Mendoza,2024-07-01 00:00:00
2023,105,24,Suministros y Tecnologia del Ciclo de Combustible Nuclear,0,Suministros y Tecnologia del Ciclo de Combustible Nuclear,11,Exploracion de Uranio Cuenca Neuquina - Atlantica y Cuenca Cuyana,0,Exploracion de Uranio Cuenca Neuquina - Atlantica y Cuenca Cuyana,51,Exploracion de Uranio Cuenca Neuquina - Atlantica y Cuenca Cuyana,2024-07-01 00:00:00
2023,105,24,Suministros y Tecnologia del Ciclo de Combustible Nuclear,0,Suministros y Tecnologia del Ciclo de Combustible Nuclear,12,Implementacion del Equipamiento en Celdas Blindadas y Cajas de Guantes para la Recuperacion de Material Nuclear de Blancos de Ir,0,Implementacion del Equipamiento en Celdas Blindadas y Cajas de Guantes para la Recuperacion de Material Nuclear de Blancos de Ir,51,Implementacion del Equipamiento en Celdas Blindadas y Cajas de Guantes para la Recuperacion de Material Nuclear de Blancos de Ir,2024-07-01 00:00:00
2023,105,24,Suministros y Tecnologia del Ciclo de Combustible Nuclear,0,Suministros y Tecnologia del Ciclo de Combustible Nuclear,17,Evaluacion de Recursos Uraniferos en la Provincia de la Rioja,0,Evaluacion de Recursos Uraniferos en la Provincia de la Rioja,51,Evaluacion de Recursos Uraniferos en la Provincia de la Rioja,2024-07-01 00:00:00
2023,105,24,Suministros y Tecnologia del Ciclo de Combustible Nuclear,0,Suministros y Tecnologia del Ciclo de Combustible Nuclear,19,Reparacion y Modernizacion del Edificio Ingenieria de Plantas Quimicas (IPQ) y Anexos del Centro Atomico Ezeiza,0,Reparacion y Modernizacion del Edificio Ingenieria de Plantas Quimicas (IPQ) y Anexos del Centro Atomico Ezeiza,51,Reparacion y Modernizacion del Edificio Ingenieria de Plantas Quimicas (IPQ) y Anexos del Centro Atomico Ezeiza,2024-07-01 00:00:00
2023,105,24,Suministros y Tecnologia del Ciclo de Combustible Nuclear,0,Suministros y Tecnologia del Ciclo de Combustible Nuclear,24,Gestion de Pasivos en Disposicion Transitoria del Complejo Minero Fabril San Rafael,0,Gestion de Pasivos en Disposicion Transitoria del Complejo Minero Fabril San Rafael,51,Gestion de Pasivos en Disposicion Transitoria del Complejo Minero Fabril San Rafael,2024-07-01 00:00:00
2023,105,24,Suministros y Tecnologia del Ciclo de Combustible Nuclear,0,Suministros y Tecnologia del Ciclo de Combustible Nuclear,25,Exploracion Integral y Evaluacion de Recursos en la Cuenca Cañadon Asfalto  Y El Macizo del Deseado y Sus Areas de Influencia,0,Exploracion Integral y Evaluacion de Recursos en la Cuenca Cañadon Asfalto  Y El Macizo del Deseado y Sus Areas de Influencia,51,Exploracion Integral y Evaluacion de Recursos en la Cuenca Cañadon Asfalto  Y El Macizo del Deseado y Sus Areas de Influencia,2024-07-01 00:00:00
2023,105,25,Coordinacion del Plan Nacional de Medicina,0,Coordinacion del Plan Nacional de Medicina,0,Coordinacion del Plan Nacional de Medicina,1,Coordinacion Tecnica y Administrativa,0,Coordinacion del Plan Nacional de Medicina,2024-07-01 00:00:00
2023,106,1,Actividades Centrales,0,Actividades Centrales,0,Actividades Centrales,1,Actividades Centrales,0,Actividades Centrales,2024-07-01 00:00:00
2023,106,16,Generacion de Ciclos de Informacion Espacial Completos,0,Generacion de Ciclos de Informacion Espacial Completos,0,Generacion de Ciclos de Informacion Espacial Completos,1,Generacion y Uso de la Informacion de Origen Espacial,0,Generacion de Ciclos de Informacion Espacial Completos,2024-07-01 00:00:00
2023,106,16,Generacion de Ciclos de Informacion Espacial Completos,0,Generacion de Ciclos de Informacion Espacial Completos,0,Generacion de Ciclos de Informacion Espacial Completos,2,Operacion de Estaciones Terrenas y Prestaciones de Servicios Tecnologicos,0,Generacion de Ciclos de Informacion Espacial Completos,2024-07-01 00:00:00
2023,106,16,Generacion de Ciclos de Informacion Espacial Completos,0,Generacion de Ciclos de Informacion Espacial Completos,0,Generacion de Ciclos de Informacion Espacial Completos,3,"Investigacion, Desarrollo y Docencia en el Instituto Gulich",0,Generacion de Ciclos de Informacion Espacial Completos,2024-07-01 00:00:00
2023,106,16,Generacion de Ciclos de Informacion Espacial Completos,0,Generacion de Ciclos de Informacion Espacial Completos,2,Misiones Satelitales,0,Misiones Satelitales,52,Mision SAOCOM (BID N° 1777/ OC-AR) / (BID N° 4840/ OC-AR),2024-07-01 00:00:00
2023,106,16,Generacion de Ciclos de Informacion Espacial Completos,0,Generacion de Ciclos de Informacion Espacial Completos,9,Misiones Satelitales - Etapa III (CAF N° 8700),0,Misiones Satelitales - Etapa III (CAF N° 8700),51,Misiones SABIAMAR (CAF N° 8700),2024-07-01 00:00:00
2023,106,16,Generacion de Ciclos de Informacion Espacial Completos,0,Generacion de Ciclos de Informacion Espacial Completos,12,Construccion del Satelite SAOCOM 2 A/B,0,Construccion del Satelite SAOCOM 2 A/B,51,Construccion del Satelite SAOCOM 2 A/B,2024-07-01 00:00:00
2023,106,17,Investigacion y Desarrollo de Medios de Acceso al Espacio,0,Investigacion y Desarrollo de Medios de Acceso al Espacio,5,"Construccion de Vehiculos Lanzadores Tronador II A, B y C",0,"Construccion de Vehiculos Lanzadores Tronador II A, B y C",51,"Construccion de Vehiculos Lanzadores Tronador II A, B y C",2024-07-01 00:00:00
2023,106,17,Investigacion y Desarrollo de Medios de Acceso al Espacio,0,Investigacion y Desarrollo de Medios de Acceso al Espacio,5,"Construccion de Vehiculos Lanzadores Tronador II A, B y C",1,Direccion y Conduccion del Proyecto,0,"Construccion de Vehiculos Lanzadores Tronador II A, B y C",2024-07-01 00:00:00
2023,107,1,Actividades Centrales,0,Actividades Centrales,0,Actividades Centrales,1,"Gestion, Manejo y Fiscalizacion de Areas Naturales Protegida",0,Actividades Centrales,2024-07-01 00:00:00
2023,107,1,Actividades Centrales,0,Actividades Centrales,0,Actividades Centrales,3,Gestion y Control de Uso Publico,0,Actividades Centrales,2024-07-01 00:00:00
2023,107,1,Actividades Centrales,0,Actividades Centrales,0,Actividades Centrales,4,Gestion e Implementacion de Recursos Informaticos,0,Actividades Centrales,2024-07-01 00:00:00
2023,107,1,Actividades Centrales,0,Actividades Centrales,0,Actividades Centrales,5,"Administracion, Mantenimiento y Conservacion de Inmuebles",0,Actividades Centrales,2024-07-01 00:00:00
2023,107,17,Conservacion y Administracion de Areas Naturales Protegidas,0,Conservacion y Administracion de Areas Naturales Protegidas,0,Conservacion y Administracion de Areas Naturales Protegidas,1,Manejo del Fuego,0,Conservacion y Administracion de Areas Naturales Protegidas,2024-07-01 00:00:00
2023,107,17,Conservacion y Administracion de Areas Naturales Protegidas,0,Conservacion y Administracion de Areas Naturales Protegidas,0,Conservacion y Administracion de Areas Naturales Protegidas,9,Gestion Operativa de Areas Naturales Protegidas,0,Conservacion y Administracion de Areas Naturales Protegidas,2024-07-01 00:00:00
2023,107,17,Conservacion y Administracion de Areas Naturales Protegidas,1,Parque Nacional Iguazu,0,Parque Nacional Iguazu,1,Gestion Parque Nacional Iguazu,0,Parque Nacional Iguazu,2024-07-01 00:00:00
2023,107,17,Conservacion y Administracion de Areas Naturales Protegidas,2,Parque Nacional Lanin,0,Parque Nacional Lanin,1,Gestion Parque Nacional Lanin,0,Parque Nacional Lanin,2024-07-01 00:00:00
2023,107,17,Conservacion y Administracion de Areas Naturales Protegidas,3,Parque Nacional Nahuel Huapi,0,Parque Nacional Nahuel Huapi,1,Gestion Parque Nacional Nahuel Huapi,0,Parque Nacional Nahuel Huapi,2024-07-01 00:00:00
2023,107,17,Conservacion y Administracion de Areas Naturales Protegidas,4,Parque Nacional Los Alerces,0,Parque Nacional Los Alerces,1,Gestion Parque Nacional Los Alerces,0,Parque Nacional Los Alerces,2024-07-01 00:00:00
2023,107,17,Conservacion y Administracion de Areas Naturales Protegidas,5,Parque Nacional Los Glaciares,0,Parque Nacional Los Glaciares,1,Gestion Parque Nacional Los Glaciares,0,Parque Nacional Los Glaciares,2024-07-01 00:00:00
2023,107,17,Conservacion y Administracion de Areas Naturales Protegidas,6,Parque Nacional Tierra del Fuego,0,Parque Nacional Tierra del Fuego,1,Gestion Parque Nacional Tierra del Fuego,0,Parque Nacional Tierra del Fuego,2024-07-01 00:00:00
2023,107,17,Conservacion y Administracion de Areas Naturales Protegidas,7,Parque Nacional Lago Puelo,0,Parque Nacional Lago Puelo,1,Gestion Parque Nacional Lago Puelo,0,Parque Nacional Lago Puelo,2024-07-01 00:00:00
2023,107,17,Conservacion y Administracion de Areas Naturales Protegidas,8,Parque Nacional El Palmar,0,Parque Nacional El Palmar,1,Gestion Parque Nacional El Palmar,0,Parque Nacional El Palmar,2024-07-01 00:00:00
2023,107,17,Conservacion y Administracion de Areas Naturales Protegidas,9,Parque Nacional Chaco,0,Parque Nacional Chaco,1,Gestion Parque Nacional Chaco,0,Parque Nacional Chaco,2024-07-01 00:00:00
2023,107,17,Conservacion y Administracion de Areas Naturales Protegidas,10,Parque Nacional Rio Pilcomayo,0,Parque Nacional Rio Pilcomayo,1,Gestion Parque Nacional Rio Pilcomayo,0,Parque Nacional Rio Pilcomayo,2024-07-01 00:00:00
2023,107,17,Conservacion y Administracion de Areas Naturales Protegidas,11,Parque Nacional Calilegua,0,Parque Nacional Calilegua,1,Gestion Parque Nacional Calilegua,0,Parque Nacional Calilegua,2024-07-01 00:00:00
2023,107,17,Conservacion y Administracion de Areas Naturales Protegidas,12,Parque Nacional Lihue Calel,0,Parque Nacional Lihue Calel,1,Gestion Parque Nacional Lihue Calel,0,Parque Nacional Lihue Calel,2024-07-01 00:00:00
2023,107,17,Conservacion y Administracion de Areas Naturales Protegidas,13,Parque Nacional Talampaya,0,Parque Nacional Talampaya,1,Gestion Parque Nacional Talampaya,0,Parque Nacional Talampaya,2024-07-01 00:00:00
2023,107,17,Conservacion y Administracion de Areas Naturales Protegidas,14,Parque Nacional Laguna Blanca,0,Parque Nacional Laguna Blanca,1,Gestion Parque Nacional Laguna Blanca,0,Parque Nacional Laguna Blanca,2024-07-01 00:00:00
2023,107,17,Conservacion y Administracion de Areas Naturales Protegidas,15,Monumento Natural Bosques Petrificados,0,Monumento Natural Bosques Petrificados,1,Gestion Monumento Natural Bosques Petrificados,0,Monumento Natural Bosques Petrificados,2024-07-01 00:00:00
2023,107,17,Conservacion y Administracion de Areas Naturales Protegidas,16,Parque Nacional Perito Moreno,0,Parque Nacional Perito Moreno,1,Gestion Parque Nacional Perito Moreno,0,Parque Nacional Perito Moreno,2024-07-01 00:00:00
2023,107,17,Conservacion y Administracion de Areas Naturales Protegidas,18,Parque Nacional Pre-Delta,0,Parque Nacional Pre-Delta,1,Gestion Parque Nacional Pre-Delta,0,Parque Nacional Pre-Delta,2024-07-01 00:00:00
2023,107,17,Conservacion y Administracion de Areas Naturales Protegidas,19,Parque Nacional Sierra de las Quijadas,0,Parque Nacional Sierra de las Quijadas,1,Gestion Parque Nacional Sierra de las Quijadas,0,Parque Nacional Sierra de las Quijadas,2024-07-01 00:00:00
2023,107,17,Conservacion y Administracion de Areas Naturales Protegidas,20,Parque Nacional El Leoncito,0,Parque Nacional El Leoncito,1,Gestion Parque Nacional El Leoncito,0,Parque Nacional El Leoncito,2024-07-01 00:00:00
2023,107,17,Conservacion y Administracion de Areas Naturales Protegidas,21,Parque Nacional San Guillermo,0,Parque Nacional San Guillermo,1,Gestion Parque Nacional San Guillermo,0,Parque Nacional San Guillermo,2024-07-01 00:00:00
2023,107,17,Conservacion y Administracion de Areas Naturales Protegidas,22,Parque Nacional Quebrada del Condorito,0,Parque Nacional Quebrada del Condorito,1,Gestion Parque Nacional Quebrada del Condorito,0,Parque Nacional Quebrada del Condorito,2024-07-01 00:00:00
2023,107,17,Conservacion y Administracion de Areas Naturales Protegidas,24,Parque Nacional Los Cardones,0,Parque Nacional Los Cardones,1,Gestion Parque Nacional Los Cardones,0,Parque Nacional Los Cardones,2024-07-01 00:00:00
2023,107,17,Conservacion y Administracion de Areas Naturales Protegidas,25,Monumento Natural Laguna de los Pozuelos,0,Monumento Natural Laguna de los Pozuelos,1,Gestion Monumento Natural Laguna de los Pozuelos,0,Monumento Natural Laguna de los Pozuelos,2024-07-01 00:00:00
2023,107,17,Conservacion y Administracion de Areas Naturales Protegidas,26,Parque Nacional Baritu,0,Parque Nacional Baritu,1,Gestion Parque Nacional Baritu,0,Parque Nacional Baritu,2024-07-01 00:00:00
2023,107,17,Conservacion y Administracion de Areas Naturales Protegidas,27,Reserva Natural Formosa,0,Reserva Natural Formosa,1,Gestion Reserva Natural Formosa,0,Reserva Natural Formosa,2024-07-01 00:00:00
2023,107,17,Conservacion y Administracion de Areas Naturales Protegidas,28,Parque Nacional Mburucuya,0,Parque Nacional Mburucuya,1,Gestion Parque Nacional Mburucuya,0,Parque Nacional Mburucuya,2024-07-01 00:00:00
2023,107,17,Conservacion y Administracion de Areas Naturales Protegidas,29,Reserva Natural Estricta San Antonio,0,Reserva Natural Estricta San Antonio,1,Gestion Reserva Natural Estricta San Antonio,0,Reserva Natural Estricta San Antonio,2024-07-01 00:00:00
2023,107,17,Conservacion y Administracion de Areas Naturales Protegidas,30,Parque Nacional Campos del Tuyu,0,Parque Nacional Campos del Tuyu,1,Gestion Parque Nacional Campos del Tuyu,0,Parque Nacional Campos del Tuyu,2024-07-01 00:00:00
2023,107,17,Conservacion y Administracion de Areas Naturales Protegidas,31,Parque Nacional Monte Leon,0,Parque Nacional Monte Leon,1,Gestion Parque Nacional Monte Leon,0,Parque Nacional Monte Leon,2024-07-01 00:00:00
2023,107,17,Conservacion y Administracion de Areas Naturales Protegidas,32,Parque  Interjurisdiccional Marino Costero Patagonia Austral,0,Parque  Interjurisdiccional Marino Costero Patagonia Austral,40,Gestion Parque  Interjurisdiccional Marino Patagonia Austral,0,Parque  Interjurisdiccional Marino Costero Patagonia Austral,2024-07-01 00:00:00
2023,107,17,Conservacion y Administracion de Areas Naturales Protegidas,34,Parque Nacional El Rey,0,Parque Nacional El Rey,1,Gestion Parque Nacional El Rey,0,Parque Nacional El Rey,2024-07-01 00:00:00
2023,107,17,Conservacion y Administracion de Areas Naturales Protegidas,35,Parque Nacional Islas de Santa Fe,0,Parque Nacional Islas de Santa Fe,1,Parque Nacional Islas de Santa Fe,0,Parque Nacional Islas de Santa Fe,2024-07-01 00:00:00
2023,107,17,Conservacion y Administracion de Areas Naturales Protegidas,36,Parque Nacional Islote Lobos,0,Parque Nacional Islote Lobos,40,Gestion Parque Nacional Islote Lobos,0,Parque Nacional Islote Lobos,2024-07-01 00:00:00
2023,107,17,Conservacion y Administracion de Areas Naturales Protegidas,38,Parque Nacional Copo,0,Parque Nacional Copo,1,Gestion Parque Nacional Copo,0,Parque Nacional Copo,2024-07-01 00:00:00
2023,107,17,Conservacion y Administracion de Areas Naturales Protegidas,41,Reserva Natural Nacional General Pizarro,0,Reserva Natural Nacional General Pizarro,1,Gestion Reserva Natural Nacional General Pizarro,0,Reserva Natural Nacional General Pizarro,2024-07-01 00:00:00
2023,107,17,Conservacion y Administracion de Areas Naturales Protegidas,42,Parque Interjurisdiccional Marino Makenke,0,Parque Interjurisdiccional Marino Makenke,40,Parque Interjurisdiccional Marino Makenke,0,Parque Interjurisdiccional Marino Makenke,2024-07-01 00:00:00
2023,107,17,Conservacion y Administracion de Areas Naturales Protegidas,43,Parque  Interjurisdiccional Isla Pinguino,0,Parque  Interjurisdiccional Isla Pinguino,1,Gestion Parque  Interjurisdiccional Isla Pinguino,0,Parque  Interjurisdiccional Isla Pinguino,2024-07-01 00:00:00
2023,107,17,Conservacion y Administracion de Areas Naturales Protegidas,44,Parque Nacional Patagonia,0,Parque Nacional Patagonia,40,Parque Nacional Patagonia,0,Parque Nacional Patagonia,2024-07-01 00:00:00
2023,107,17,Conservacion y Administracion de Areas Naturales Protegidas,45,Parque Nacional El Impenetrable,0,Parque Nacional El Impenetrable,40,Parque Nacional El Impenetrable,0,Parque Nacional El Impenetrable,2024-07-01 00:00:00
2023,107,17,Conservacion y Administracion de Areas Naturales Protegidas,48,Reserva Natural Silvestre Parque Federal Campo San Juan,0,Reserva Natural Silvestre Parque Federal Campo San Juan,1,Gestion Reserva Natural Silvestre Parque Federal Campo San Juan,0,Reserva Natural Silvestre Parque Federal Campo San Juan,2024-07-01 00:00:00
2023,107,17,Conservacion y Administracion de Areas Naturales Protegidas,49,Parque Nacional Ibera,0,Parque Nacional Ibera,40,Gestion Parque Nacional Ibera,0,Parque Nacional Ibera,2024-07-01 00:00:00
2023,107,17,Conservacion y Administracion de Areas Naturales Protegidas,50,Parque Nacional Ciervo de los Pantanos,0,Parque Nacional Ciervo de los Pantanos,40,Gestion Parque Nacional Ciervo de los Pantanos,0,Parque Nacional Ciervo de los Pantanos,2024-07-01 00:00:00
2023,107,17,Conservacion y Administracion de Areas Naturales Protegidas,51,Parque Nacional Aconquija,0,Parque Nacional Aconquija,40,Gestion Parque Nacional Aconquija,0,Parque Nacional Aconquija,2024-07-01 00:00:00
2023,107,17,Conservacion y Administracion de Areas Naturales Protegidas,52,Parque Nacional Ansenuza,0,Parque Nacional Ansenuza,40,Gestion Parque Nacional Ansenuza,0,Parque Nacional Ansenuza,2024-07-01 00:00:00
2023,107,17,Conservacion y Administracion de Areas Naturales Protegidas,53,Parque Nacional Traslasierra,0,Parque Nacional Traslasierra,40,Gestion Parque Nacional Traslasierra,0,Parque Nacional Traslasierra,2024-07-01 00:00:00
2023,107,18,Atencion a Pasividades de Guardaparques,0,Atencion a Pasividades de Guardaparques,0,Atencion a Pasividades de Guardaparques,1,Atencion a Pasividades de Guardaparques,0,Atencion a Pasividades de Guardaparques,2024-07-01 00:00:00
2023,107,19,Formacion y Capacitacion,0,Formacion y Capacitacion,0,Formacion y Capacitacion,1,Formacion y Capacitacion de Agentes de la Administracion de Parques Nacionales,0,Formacion y Capacitacion,2024-07-01 00:00:00
2023,107,23,Programa de Desarrollo de Corredores Turisticos (BID Nº 2606/OC-AR),0,Programa de Desarrollo de Corredores Turisticos (BID Nº 2606/OC-AR),26,Construccion de Ciclovia Senda Catitre en el Parque Nacional Lanin (BID Nº 2606/OC-AR),0,Construccion de Ciclovia Senda Catitre en el Parque Nacional Lanin (BID Nº 2606/OC-AR),51,Construccion de Ciclovia Senda Catitre en el Parque Nacional Lanin (BID Nº 2606/OC-AR),2024-07-01 00:00:00
2023,107,23,Programa de Desarrollo de Corredores Turisticos (BID Nº 2606/OC-AR),0,Programa de Desarrollo de Corredores Turisticos (BID Nº 2606/OC-AR),33,"Construccion de Sendero Peatonal en el Cañadon del Toro, Valle Rio Pipo-Parque Nacional Tierra del Fuego-(BID N°2606/OC-AR)",0,"Construccion de Sendero Peatonal en el Cañadon del Toro, Valle Rio Pipo-Parque Nacional Tierra del Fuego-(BID N°2606/OC-AR)",51,"Construccion de Sendero Peatonal en el Cañadon del Toro, Valle Rio Pipo-Parque Nacional Tierra del Fuego-(BID N°2606/OC-AR)",2024-07-01 00:00:00
2023,107,24,Infraestructura en Areas Naturales Protegidas,0,Infraestructura en Areas Naturales Protegidas,0,Infraestructura en Areas Naturales Protegidas,41,Direccion y Administracion,0,Infraestructura en Areas Naturales Protegidas,2024-07-01 00:00:00
2023,107,24,Infraestructura en Areas Naturales Protegidas,0,Infraestructura en Areas Naturales Protegidas,0,Infraestructura en Areas Naturales Protegidas,43,Asistencia y Supervision Tecnica Zona Norte,0,Infraestructura en Areas Naturales Protegidas,2024-07-01 00:00:00
2023,107,24,Infraestructura en Areas Naturales Protegidas,0,Infraestructura en Areas Naturales Protegidas,0,Infraestructura en Areas Naturales Protegidas,45,Asistencia y Supervision Tecnica Zona Sur,0,Infraestructura en Areas Naturales Protegidas,2024-07-01 00:00:00
2023,107,24,Infraestructura en Areas Naturales Protegidas,0,Infraestructura en Areas Naturales Protegidas,3,"Refaccion Centro de Visitantes - PN El Palmar, Prov. de Entre Rios",0,"Refaccion Centro de Visitantes - PN El Palmar, Prov. de Entre Rios",51,"Refaccion Centro de Visitantes - PN El Palmar, Prov. de Entre Rios",2024-07-01 00:00:00
2023,107,24,Infraestructura en Areas Naturales Protegidas,0,Infraestructura en Areas Naturales Protegidas,34,Construccion de Sede Administrativa en El Calafate,0,Construccion de Sede Administrativa en El Calafate,51,Construccion de Sede Administrativa en El Calafate,2024-07-01 00:00:00
2023,107,24,Infraestructura en Areas Naturales Protegidas,0,Infraestructura en Areas Naturales Protegidas,36,Construccion de Galpon de Servicios Auxiliares en el Parque Nacional Los Cardones - Provincia de Salta,0,Construccion de Galpon de Servicios Auxiliares en el Parque Nacional Los Cardones - Provincia de Salta,51,Construccion de Galpon de Servicios Auxiliares en el Parque Nacional Los Cardones - Provincia de Salta,2024-07-01 00:00:00
2023,107,24,Infraestructura en Areas Naturales Protegidas,0,Infraestructura en Areas Naturales Protegidas,42,"Demolicion de un Tanque Existente, Construccion de 2 Tanques Cisterna, Sistema de Potabilizacion e Instalacion de Distribucion e",0,"Demolicion de un Tanque Existente, Construccion de 2 Tanques Cisterna, Sistema de Potabilizacion e Instalacion de Distribucion e",51,"Demolicion de un Tanque Existente, Construccion de 2 Tanques Cisterna, Sistema de Potabilizacion e Instalacion de Distribucion e",2024-07-01 00:00:00
2023,107,24,Infraestructura en Areas Naturales Protegidas,0,Infraestructura en Areas Naturales Protegidas,76,"Completamiento de construccion de edificios, Intendencia, Taller y Viviendas en la localidad de Jaramillo - PN Bosques Petrifica",0,"Completamiento de construccion de edificios, Intendencia, Taller y Viviendas en la localidad de Jaramillo - PN Bosques Petrifica",51,"Completamiento de construccion de edificios, Intendencia, Taller y Viviendas en la localidad de Jaramillo - PN Bosques Petrifica",2024-07-01 00:00:00
2023,107,24,Infraestructura en Areas Naturales Protegidas,0,Infraestructura en Areas Naturales Protegidas,83,Construccion de Muelle en el P.N. Campos del Tuyu - Prov. de Bs. As,0,Construccion de Muelle en el P.N. Campos del Tuyu - Prov. de Bs. As,51,Construccion de Muelle en el P.N. Campos del Tuyu - Prov. de Bs. As,2024-07-01 00:00:00
2023,107,24,Infraestructura en Areas Naturales Protegidas,0,Infraestructura en Areas Naturales Protegidas,84,"Construccion de Taller-Galpon de incendios, emergencias y comunicaciones (ICE) en el PN Ciervos de los Pantanos",0,"Construccion de Taller-Galpon de incendios, emergencias y comunicaciones (ICE) en el PN Ciervos de los Pantanos",51,"Construccion de Taller-Galpon de incendios, emergencias y comunicaciones (ICE) en el PN Ciervos de los Pantanos",2024-07-01 00:00:00
2023,107,24,Infraestructura en Areas Naturales Protegidas,0,Infraestructura en Areas Naturales Protegidas,89,Construccion de Subcentral de Incendios en el Parque Nacional Predelta,0,Construccion de Subcentral de Incendios en el Parque Nacional Predelta,51,Construccion de Subcentral de Incendios en el Parque Nacional Predelta,2024-07-01 00:00:00
2023,107,24,Infraestructura en Areas Naturales Protegidas,0,Infraestructura en Areas Naturales Protegidas,90,Construccion de Sistema Cloacal en el Parque Nacional Campos del Tuyu,0,Construccion de Sistema Cloacal en el Parque Nacional Campos del Tuyu,51,Construccion de Sistema Cloacal en el Parque Nacional Campos del Tuyu,2024-07-01 00:00:00
2023,107,24,Infraestructura en Areas Naturales Protegidas,0,Infraestructura en Areas Naturales Protegidas,95,Construccion de Centro de Visitantes y Mirador en el Parque Nacional Aconquija,0,Construccion de Centro de Visitantes y Mirador en el Parque Nacional Aconquija,51,Construccion de Centro de Visitantes y Mirador en el Parque Nacional Aconquija,2024-07-01 00:00:00
2023,107,25,Sistema de Areas Marinas Protegidas,0,Sistema de Areas Marinas Protegidas,0,Sistema de Areas Marinas Protegidas,1,Direccion y Administracion,0,Sistema de Areas Marinas Protegidas,2024-07-01 00:00:00
2023,107,26,"Planificacion, Formulacion y Ejecucion de Politicas de Conservacion en Areas Naturales Protegidas",0,"Planificacion, Formulacion y Ejecucion de Politicas de Conservacion en Areas Naturales Protegidas",0,"Planificacion, Formulacion y Ejecucion de Politicas de Conservacion en Areas Naturales Protegidas",1,Direccion y Administracion,0,"Planificacion, Formulacion y Ejecucion de Politicas de Conservacion en Areas Naturales Protegidas",2024-07-01 00:00:00
2023,107,26,"Planificacion, Formulacion y Ejecucion de Politicas de Conservacion en Areas Naturales Protegidas",0,"Planificacion, Formulacion y Ejecucion de Politicas de Conservacion en Areas Naturales Protegidas",0,"Planificacion, Formulacion y Ejecucion de Politicas de Conservacion en Areas Naturales Protegidas",2,Direccion Regional Patagonia Norte,0,"Planificacion, Formulacion y Ejecucion de Politicas de Conservacion en Areas Naturales Protegidas",2024-07-01 00:00:00
2023,107,26,"Planificacion, Formulacion y Ejecucion de Politicas de Conservacion en Areas Naturales Protegidas",0,"Planificacion, Formulacion y Ejecucion de Politicas de Conservacion en Areas Naturales Protegidas",0,"Planificacion, Formulacion y Ejecucion de Politicas de Conservacion en Areas Naturales Protegidas",3,Direccion Regional Patagonia Austral,0,"Planificacion, Formulacion y Ejecucion de Politicas de Conservacion en Areas Naturales Protegidas",2024-07-01 00:00:00
2023,107,26,"Planificacion, Formulacion y Ejecucion de Politicas de Conservacion en Areas Naturales Protegidas",0,"Planificacion, Formulacion y Ejecucion de Politicas de Conservacion en Areas Naturales Protegidas",0,"Planificacion, Formulacion y Ejecucion de Politicas de Conservacion en Areas Naturales Protegidas",4,Direccion Regional Centro,0,"Planificacion, Formulacion y Ejecucion de Politicas de Conservacion en Areas Naturales Protegidas",2024-07-01 00:00:00
2023,107,26,"Planificacion, Formulacion y Ejecucion de Politicas de Conservacion en Areas Naturales Protegidas",0,"Planificacion, Formulacion y Ejecucion de Politicas de Conservacion en Areas Naturales Protegidas",0,"Planificacion, Formulacion y Ejecucion de Politicas de Conservacion en Areas Naturales Protegidas",5,Direccion Regional NOA,0,"Planificacion, Formulacion y Ejecucion de Politicas de Conservacion en Areas Naturales Protegidas",2024-07-01 00:00:00
2023,107,26,"Planificacion, Formulacion y Ejecucion de Politicas de Conservacion en Areas Naturales Protegidas",0,"Planificacion, Formulacion y Ejecucion de Politicas de Conservacion en Areas Naturales Protegidas",0,"Planificacion, Formulacion y Ejecucion de Politicas de Conservacion en Areas Naturales Protegidas",6,Direccion Regional NEA,0,"Planificacion, Formulacion y Ejecucion de Politicas de Conservacion en Areas Naturales Protegidas",2024-07-01 00:00:00
2023,107,27,Recuperacion Sustentable de Paisajes y Medios de Vida en Argentina (BIRF N° 9335-AR y PROGREEN Nº TF0B7681),0,Recuperacion Sustentable de Paisajes y Medios de Vida en Argentina (BIRF N° 9335-AR y PROGREEN Nº TF0B7681),0,Recuperacion Sustentable de Paisajes y Medios de Vida en Argentina (BIRF N° 9335-AR y PROGREEN Nº TF0B7681),1,Coordinacion y Administracion (BIRF N° 9335-AR y PROGREEN Nº TF0B7681),0,Recuperacion Sustentable de Paisajes y Medios de Vida en Argentina (BIRF N° 9335-AR y PROGREEN Nº TF0B7681),2024-07-01 00:00:00
2023,107,27,Recuperacion Sustentable de Paisajes y Medios de Vida en Argentina (BIRF N° 9335-AR y PROGREEN Nº TF0B7681),0,Recuperacion Sustentable de Paisajes y Medios de Vida en Argentina (BIRF N° 9335-AR y PROGREEN Nº TF0B7681),0,Recuperacion Sustentable de Paisajes y Medios de Vida en Argentina (BIRF N° 9335-AR y PROGREEN Nº TF0B7681),2,Mejor Gestion y Resiliencia de Paisajes Terrestres y Marinos Seleccionados de Conservacion y Produccion  (BIRF N° 9335-AR y PROG,0,Recuperacion Sustentable de Paisajes y Medios de Vida en Argentina (BIRF N° 9335-AR y PROGREEN Nº TF0B7681),2024-07-01 00:00:00
2023,107,27,Recuperacion Sustentable de Paisajes y Medios de Vida en Argentina (BIRF N° 9335-AR y PROGREEN Nº TF0B7681),0,Recuperacion Sustentable de Paisajes y Medios de Vida en Argentina (BIRF N° 9335-AR y PROGREEN Nº TF0B7681),0,Recuperacion Sustentable de Paisajes y Medios de Vida en Argentina (BIRF N° 9335-AR y PROGREEN Nº TF0B7681),3,Desarrollo Sustentable de Comunidades y Poblaciones Vulnerables  (BIRF N° 9335-AR y PROGREEN Nº TF0B7681),0,Recuperacion Sustentable de Paisajes y Medios de Vida en Argentina (BIRF N° 9335-AR y PROGREEN Nº TF0B7681),2024-07-01 00:00:00
2023,107,27,Recuperacion Sustentable de Paisajes y Medios de Vida en Argentina (BIRF N° 9335-AR y PROGREEN Nº TF0B7681),0,Recuperacion Sustentable de Paisajes y Medios de Vida en Argentina (BIRF N° 9335-AR y PROGREEN Nº TF0B7681),0,Recuperacion Sustentable de Paisajes y Medios de Vida en Argentina (BIRF N° 9335-AR y PROGREEN Nº TF0B7681),4,Monitoreo y Evaluacion  (BIRF N° 9335-AR y PROGREEN Nº TF0B7681),0,Recuperacion Sustentable de Paisajes y Medios de Vida en Argentina (BIRF N° 9335-AR y PROGREEN Nº TF0B7681),2024-07-01 00:00:00
2023,108,16,Desarrollo de la Ciencia y Tecnica del Agua,0,Desarrollo de la Ciencia y Tecnica del Agua,0,Desarrollo de la Ciencia y Tecnica del Agua,1,Conduccion y Administracion,0,Desarrollo de la Ciencia y Tecnica del Agua,2024-07-01 00:00:00
2023,108,16,Desarrollo de la Ciencia y Tecnica del Agua,0,Desarrollo de la Ciencia y Tecnica del Agua,0,Desarrollo de la Ciencia y Tecnica del Agua,2,"Investigacion,  Desarrollo y Prestacion de Servicios en Recursos Hidricos",0,Desarrollo de la Ciencia y Tecnica del Agua,2024-07-01 00:00:00
2023,108,16,Desarrollo de la Ciencia y Tecnica del Agua,0,Desarrollo de la Ciencia y Tecnica del Agua,11,"Restauracion de  Talleres y Edificios (Etapa 2) - I.N.A. - Ezeiza, Pcia. de Buenos Aires",0,"Restauracion de  Talleres y Edificios (Etapa 2) - I.N.A. - Ezeiza, Pcia. de Buenos Aires",51,"Restauracion de  Talleres y Edificios (Etapa 2) - I.N.A. - Ezeiza, Pcia. de Buenos Aires",2024-07-01 00:00:00
2023,108,16,Desarrollo de la Ciencia y Tecnica del Agua,0,Desarrollo de la Ciencia y Tecnica del Agua,15,"Remodelacion y Modernizacion de Laboratorios Varios (Etapa 2) - Ezeiza, Provincia de Buenos Aires",0,"Remodelacion y Modernizacion de Laboratorios Varios (Etapa 2) - Ezeiza, Provincia de Buenos Aires",51,"Remodelacion y Modernizacion de Laboratorios Varios (Etapa 2) - Ezeiza, Provincia de Buenos Aires",2024-07-01 00:00:00
2023,109,16,Control Interno del Poder Ejecutivo Nacional,0,Control Interno del Poder Ejecutivo Nacional,0,Control Interno del Poder Ejecutivo Nacional,1,Administracion y Servicios de Apoyo,0,Control Interno del Poder Ejecutivo Nacional,2024-07-01 00:00:00
2023,109,16,Control Interno del Poder Ejecutivo Nacional,0,Control Interno del Poder Ejecutivo Nacional,0,Control Interno del Poder Ejecutivo Nacional,3,Asistencia Tecnica,0,Control Interno del Poder Ejecutivo Nacional,2024-07-01 00:00:00
2023,109,16,Control Interno del Poder Ejecutivo Nacional,0,Control Interno del Poder Ejecutivo Nacional,0,Control Interno del Poder Ejecutivo Nacional,5,Acciones del Instituto Superior de Control de la Gestion Publica,0,Control Interno del Poder Ejecutivo Nacional,2024-07-01 00:00:00
2023,109,16,Control Interno del Poder Ejecutivo Nacional,0,Control Interno del Poder Ejecutivo Nacional,0,Control Interno del Poder Ejecutivo Nacional,42,Control Interno,0,Control Interno del Poder Ejecutivo Nacional,2024-07-01 00:00:00
2023,112,16,Regulacion y Fiscalizacion de las Actividades Nucleares,0,Regulacion y Fiscalizacion de las Actividades Nucleares,0,Regulacion y Fiscalizacion de las Actividades Nucleares,1,Regulacion y Fiscalizacion de las Actividades Nucleares,0,Regulacion y Fiscalizacion de las Actividades Nucleares,2024-07-01 00:00:00
2023,112,16,Regulacion y Fiscalizacion de las Actividades Nucleares,0,Regulacion y Fiscalizacion de las Actividades Nucleares,0,Regulacion y Fiscalizacion de las Actividades Nucleares,2,Convenio para la Aplicacion de Salvaguardias Nucleares (OIEA-CTBTO),0,Regulacion y Fiscalizacion de las Actividades Nucleares,2024-07-01 00:00:00
2023,113,16,Acciones Artisticas del Teatro Nacional Cervantes,0,Acciones Artisticas del Teatro Nacional Cervantes,0,Acciones Artisticas del Teatro Nacional Cervantes,1,Acciones Artisticas del Teatro Nacional Cervantes,0,Acciones Artisticas del Teatro Nacional Cervantes,2024-07-01 00:00:00
2023,113,16,Acciones Artisticas del Teatro Nacional Cervantes,0,Acciones Artisticas del Teatro Nacional Cervantes,0,Acciones Artisticas del Teatro Nacional Cervantes,2,Produccion de Espectaculos,0,Acciones Artisticas del Teatro Nacional Cervantes,2024-07-01 00:00:00
2023,113,16,Acciones Artisticas del Teatro Nacional Cervantes,0,Acciones Artisticas del Teatro Nacional Cervantes,42,Puesta en Valor Oficinas Administrativas 10° piso Av. Cordoba 1155,0,Puesta en Valor Oficinas Administrativas 10° piso Av. Cordoba 1155,51,Puesta en Valor Oficinas Administrativas 10° piso Av. Cordoba 1155,2024-07-01 00:00:00
2023,113,16,Acciones Artisticas del Teatro Nacional Cervantes,0,Acciones Artisticas del Teatro Nacional Cervantes,43,"Puesta en Valor y Readecuacion de Oficinas Recursos Humanos, Area de Acceso en 1° Subsuelo y Sector Seguridad Av. Cordoba 1155",0,"Puesta en Valor y Readecuacion de Oficinas Recursos Humanos, Area de Acceso en 1° Subsuelo y Sector Seguridad Av. Cordoba 1155",51,"Puesta en Valor y Readecuacion de Oficinas Recursos Humanos, Area de Acceso en 1° Subsuelo y Sector Seguridad Av. Cordoba 1155",2024-07-01 00:00:00
2023,114,16,Asistencia a la Actividad Cooperativa y Mutual,0,Asistencia a la Actividad Cooperativa y Mutual,0,Asistencia a la Actividad Cooperativa y Mutual,1,Conduccion y Administracion,0,Asistencia a la Actividad Cooperativa y Mutual,2024-07-01 00:00:00
2023,114,16,Asistencia a la Actividad Cooperativa y Mutual,0,Asistencia a la Actividad Cooperativa y Mutual,0,Asistencia a la Actividad Cooperativa y Mutual,2,"Promocion, Capacitacion y Fomento Cooperativo Mutual",0,Asistencia a la Actividad Cooperativa y Mutual,2024-07-01 00:00:00
2023,114,16,Asistencia a la Actividad Cooperativa y Mutual,0,Asistencia a la Actividad Cooperativa y Mutual,0,Asistencia a la Actividad Cooperativa y Mutual,3,Registro Cooperativo y Mutual,0,Asistencia a la Actividad Cooperativa y Mutual,2024-07-01 00:00:00
2023,114,16,Asistencia a la Actividad Cooperativa y Mutual,0,Asistencia a la Actividad Cooperativa y Mutual,0,Asistencia a la Actividad Cooperativa y Mutual,4,Contralor Cooperativo y Mutual,0,Asistencia a la Actividad Cooperativa y Mutual,2024-07-01 00:00:00
2023,116,25,Servicios de la Biblioteca Nacional,0,Servicios de la Biblioteca Nacional,0,Servicios de la Biblioteca Nacional,1,Direccion y Administracion,0,Servicios de la Biblioteca Nacional,2024-07-01 00:00:00
2023,116,25,Servicios de la Biblioteca Nacional,0,Servicios de la Biblioteca Nacional,0,Servicios de la Biblioteca Nacional,3,"Desarrollo, Conservacion, Procesamiento de las Colecciones y Servicios al Lector",0,Servicios de la Biblioteca Nacional,2024-07-01 00:00:00
2023,116,25,Servicios de la Biblioteca Nacional,0,Servicios de la Biblioteca Nacional,0,Servicios de la Biblioteca Nacional,4,"Desarrollo, Cooperacion, Difusion, Investigacion y Produccion Cultural",0,Servicios de la Biblioteca Nacional,2024-07-01 00:00:00
2023,116,25,Servicios de la Biblioteca Nacional,0,Servicios de la Biblioteca Nacional,0,Servicios de la Biblioteca Nacional,5,Formacion de Bibliotecarios,0,Servicios de la Biblioteca Nacional,2024-07-01 00:00:00
2023,116,25,Servicios de la Biblioteca Nacional,0,Servicios de la Biblioteca Nacional,0,Servicios de la Biblioteca Nacional,7,Direccion del Museo del Libro,0,Servicios de la Biblioteca Nacional,2024-07-01 00:00:00
2023,116,25,Servicios de la Biblioteca Nacional,0,Servicios de la Biblioteca Nacional,0,Servicios de la Biblioteca Nacional,8,Apoyo Tecnologico y Administracion del Proyecto de Digitalizacion del Acervo de la Biblioteca Nacional Mariano Moreno (FONPLATA),0,Servicios de la Biblioteca Nacional,2024-07-01 00:00:00
2023,117,16,"Fomento, Produccion y Difusion del Teatro",0,"Fomento, Produccion y Difusion del Teatro",0,"Fomento, Produccion y Difusion del Teatro",1,"Fomento, Produccion y Difusion del Teatro",0,"Fomento, Produccion y Difusion del Teatro",2024-07-01 00:00:00
2023,117,16,"Fomento, Produccion y Difusion del Teatro",0,"Fomento, Produccion y Difusion del Teatro",0,"Fomento, Produccion y Difusion del Teatro",2,Administracion y Gestion Operativa,0,"Fomento, Produccion y Difusion del Teatro",2024-07-01 00:00:00
2023,118,16,Atencion y Desarrollo de Poblaciones Indigenas,0,Atencion y Desarrollo de Poblaciones Indigenas,0,Atencion y Desarrollo de Poblaciones Indigenas,1,Conduccion,0,Atencion y Desarrollo de Poblaciones Indigenas,2024-07-01 00:00:00
2023,118,16,Atencion y Desarrollo de Poblaciones Indigenas,0,Atencion y Desarrollo de Poblaciones Indigenas,0,Atencion y Desarrollo de Poblaciones Indigenas,3,Relevamiento Territorial en Comunidades Indigenas,0,Atencion y Desarrollo de Poblaciones Indigenas,2024-07-01 00:00:00
2023,119,16,Promocion del Turismo Receptivo Internacional,0,Promocion del Turismo Receptivo Internacional,0,Promocion del Turismo Receptivo Internacional,1,Gestion y Administracion,0,Promocion del Turismo Receptivo Internacional,2024-07-01 00:00:00
2023,119,16,Promocion del Turismo Receptivo Internacional,0,Promocion del Turismo Receptivo Internacional,0,Promocion del Turismo Receptivo Internacional,42,Marketing y Promocion del Turismo Receptivo Internacional,0,Promocion del Turismo Receptivo Internacional,2024-07-01 00:00:00
2023,121,16,Acciones del Banco Nacional de Datos Geneticos,0,Acciones del Banco Nacional de Datos Geneticos,0,Acciones del Banco Nacional de Datos Geneticos,1,Conduccion y Administracion,0,Acciones del Banco Nacional de Datos Geneticos,2024-07-01 00:00:00
2023,121,16,Acciones del Banco Nacional de Datos Geneticos,0,Acciones del Banco Nacional de Datos Geneticos,0,Acciones del Banco Nacional de Datos Geneticos,2,Acciones del Banco Nacional de Datos Geneticos,0,Acciones del Banco Nacional de Datos Geneticos,2024-07-01 00:00:00
2023,173,44,"Promocion  y  Financiamiento  de  Actividades  de  Ciencia, Tecnologia e Innovacion",0,"Promocion  y  Financiamiento  de  Actividades  de  Ciencia, Tecnologia e Innovacion",0,"Promocion  y  Financiamiento  de  Actividades  de  Ciencia, Tecnologia e Innovacion",1,Conduccion y Administracion,0,"Promocion  y  Financiamiento  de  Actividades  de  Ciencia, Tecnologia e Innovacion",2024-07-01 00:00:00
2023,173,44,"Promocion  y  Financiamiento  de  Actividades  de  Ciencia, Tecnologia e Innovacion",0,"Promocion  y  Financiamiento  de  Actividades  de  Ciencia, Tecnologia e Innovacion",0,"Promocion  y  Financiamiento  de  Actividades  de  Ciencia, Tecnologia e Innovacion",4,Promocion y Fomento de la Innovacion Tecnologica  ( Ley Nº 23.877),0,"Promocion  y  Financiamiento  de  Actividades  de  Ciencia, Tecnologia e Innovacion",2024-07-01 00:00:00
2023,173,44,"Promocion  y  Financiamiento  de  Actividades  de  Ciencia, Tecnologia e Innovacion",0,"Promocion  y  Financiamiento  de  Actividades  de  Ciencia, Tecnologia e Innovacion",0,"Promocion  y  Financiamiento  de  Actividades  de  Ciencia, Tecnologia e Innovacion",6,Fondos de Tecnologia Informatica,0,"Promocion  y  Financiamiento  de  Actividades  de  Ciencia, Tecnologia e Innovacion",2024-07-01 00:00:00
2023,173,44,"Promocion  y  Financiamiento  de  Actividades  de  Ciencia, Tecnologia e Innovacion",0,"Promocion  y  Financiamiento  de  Actividades  de  Ciencia, Tecnologia e Innovacion",0,"Promocion  y  Financiamiento  de  Actividades  de  Ciencia, Tecnologia e Innovacion",15,Programa de Fortalecimiento de las Capacidades de Investigacion y Desarrollo (BCIE 2161),0,"Promocion  y  Financiamiento  de  Actividades  de  Ciencia, Tecnologia e Innovacion",2024-07-01 00:00:00
2023,173,44,"Promocion  y  Financiamiento  de  Actividades  de  Ciencia, Tecnologia e Innovacion",0,"Promocion  y  Financiamiento  de  Actividades  de  Ciencia, Tecnologia e Innovacion",0,"Promocion  y  Financiamiento  de  Actividades  de  Ciencia, Tecnologia e Innovacion",16,Innovacion Tecnologica V (BID N° 4025),0,"Promocion  y  Financiamiento  de  Actividades  de  Ciencia, Tecnologia e Innovacion",2024-07-01 00:00:00
2023,173,44,"Promocion  y  Financiamiento  de  Actividades  de  Ciencia, Tecnologia e Innovacion",0,"Promocion  y  Financiamiento  de  Actividades  de  Ciencia, Tecnologia e Innovacion",0,"Promocion  y  Financiamiento  de  Actividades  de  Ciencia, Tecnologia e Innovacion",18,Innovacion Federal (BID 5293),0,"Promocion  y  Financiamiento  de  Actividades  de  Ciencia, Tecnologia e Innovacion",2024-07-01 00:00:00
2023,200,16,"Identificacion, Registro y Clasificacion del Potencial Humano Nacional",0,"Identificacion, Registro y Clasificacion del Potencial Humano Nacional",0,"Identificacion, Registro y Clasificacion del Potencial Humano Nacional",1,Emision del Documento Nacional de Identidad,0,"Identificacion, Registro y Clasificacion del Potencial Humano Nacional",2024-07-01 00:00:00
2023,201,16,"Control de Ingresos y Egresos, Admision y Permanencia de Personas dentro del Territorio Nacional",0,"Control de Ingresos y Egresos, Admision y Permanencia de Personas dentro del Territorio Nacional",0,"Control de Ingresos y Egresos, Admision y Permanencia de Personas dentro del Territorio Nacional",1,"Control de Ingresos y Egresos, Admision y Permanencia de Personas dentro del Territorio Nacional",0,"Control de Ingresos y Egresos, Admision y Permanencia de Personas dentro del Territorio Nacional",2024-07-01 00:00:00
2023,201,16,"Control de Ingresos y Egresos, Admision y Permanencia de Personas dentro del Territorio Nacional",0,"Control de Ingresos y Egresos, Admision y Permanencia de Personas dentro del Territorio Nacional",40,Readecuacion de Espacios para Construccion de Jardin de Infantes en el predio de la Sede Central,0,Readecuacion de Espacios para Construccion de Jardin de Infantes en el predio de la Sede Central,51,Readecuacion de Espacios para Construccion de Jardin de Infantes en el predio de la Sede Central,2024-07-01 00:00:00
2023,202,16,"Acciones contra la Discriminacion, la Xenofobia y el Racismo",0,"Acciones contra la Discriminacion, la Xenofobia y el Racismo",0,"Acciones contra la Discriminacion, la Xenofobia y el Racismo",1,"Acciones contra la Discriminacion, la Xenofobia y el Racismo",0,"Acciones contra la Discriminacion, la Xenofobia y el Racismo",2024-07-01 00:00:00
2023,203,16,Acciones de Seguridad Vial,0,Acciones de Seguridad Vial,0,Acciones de Seguridad Vial,1,"Conduccion, Supervision y Control Interno",0,Acciones de Seguridad Vial,2024-07-01 00:00:00
2023,203,16,Acciones de Seguridad Vial,0,Acciones de Seguridad Vial,0,Acciones de Seguridad Vial,2,Concientizacion en Seguridad Vial,0,Acciones de Seguridad Vial,2024-07-01 00:00:00
2023,203,16,Acciones de Seguridad Vial,0,Acciones de Seguridad Vial,0,Acciones de Seguridad Vial,3,"Sistema Nacional de Licencia de Conducir, de Infractores y Antecedentes de Transito",0,Acciones de Seguridad Vial,2024-07-01 00:00:00
2023,203,16,Acciones de Seguridad Vial,0,Acciones de Seguridad Vial,0,Acciones de Seguridad Vial,4,"Coordinacion de Control y Fiscalizacion Vial, Interjurisdiccional y Normalizacion Normativa",0,Acciones de Seguridad Vial,2024-07-01 00:00:00
2023,203,16,Acciones de Seguridad Vial,0,Acciones de Seguridad Vial,0,Acciones de Seguridad Vial,5,Sistema Nacional de Estadisticas e Informacion en Seguridad Vial,0,Acciones de Seguridad Vial,2024-07-01 00:00:00
2023,203,16,Acciones de Seguridad Vial,0,Acciones de Seguridad Vial,0,Acciones de Seguridad Vial,6,Gestion Administrativa e Informatica,0,Acciones de Seguridad Vial,2024-07-01 00:00:00
2023,205,34,Administracion de Bienes del Estado,0,Administracion de Bienes del Estado,0,Administracion de Bienes del Estado,1,Conduccion y Administracion,0,Administracion de Bienes del Estado,2024-07-01 00:00:00
2023,206,16,Promocion Internacional de los Derechos Humanos,0,Promocion Internacional de los Derechos Humanos,0,Promocion Internacional de los Derechos Humanos,1,Promocion Internacional de los Derechos Humanos,0,Promocion Internacional de los Derechos Humanos,2024-07-01 00:00:00
2023,207,1,Actividades Centrales,0,Actividades Centrales,0,Actividades Centrales,1,Conduccion y Administracion,0,Actividades Centrales,2024-07-01 00:00:00
2023,207,1,Actividades Centrales,0,Actividades Centrales,0,Actividades Centrales,3,Desarrollo de la Competencia,0,Actividades Centrales,2024-07-01 00:00:00
2023,207,1,Actividades Centrales,0,Actividades Centrales,0,Actividades Centrales,4,Relaciones Institucionales e Internacionales,0,Actividades Centrales,2024-07-01 00:00:00
2023,207,16,Control y Fiscalizacion de Servicios de Tecnologias de la Informacion y las Comunicaciones,0,Control y Fiscalizacion de Servicios de Tecnologias de la Informacion y las Comunicaciones,0,Control y Fiscalizacion de Servicios de Tecnologias de la Informacion y las Comunicaciones,1,Control y Fiscalizacion de Servicios de Tecnologias de la Informacion y las Comunicaciones,0,Control y Fiscalizacion de Servicios de Tecnologias de la Informacion y las Comunicaciones,2024-07-01 00:00:00
2023,207,17,Atencion de Usuarios,0,Atencion de Usuarios,0,Atencion de Usuarios,1,Atencion de Usuarios,0,Atencion de Usuarios,2024-07-01 00:00:00
2023,207,18,Administracion de Servicios de Tecnologias de la Informacion y las Comunicaciones,0,Administracion de Servicios de Tecnologias de la Informacion y las Comunicaciones,0,Administracion de Servicios de Tecnologias de la Informacion y las Comunicaciones,2,Administracion de Autorizaciones de Prestacion de Servicios de Tecnologia de la Informacion y las Comunicaciones,0,Administracion de Servicios de Tecnologias de la Informacion y las Comunicaciones,2024-07-01 00:00:00
2023,207,18,Administracion de Servicios de Tecnologias de la Informacion y las Comunicaciones,0,Administracion de Servicios de Tecnologias de la Informacion y las Comunicaciones,0,Administracion de Servicios de Tecnologias de la Informacion y las Comunicaciones,3,Planificacion y Convergencia de Servicios de Tecnologia de la Informacion y las Comunicaciones,0,Administracion de Servicios de Tecnologias de la Informacion y las Comunicaciones,2024-07-01 00:00:00
2023,207,20,Control de Servicios Postales,0,Control de Servicios Postales,0,Control de Servicios Postales,1,Control de Servicios Postales,0,Control de Servicios Postales,2024-07-01 00:00:00
2023,207,22,Control y Fiscalizacion de los Servicios de Comunicacion Audiovisual,0,Control y Fiscalizacion de los Servicios de Comunicacion Audiovisual,0,Control y Fiscalizacion de los Servicios de Comunicacion Audiovisual,1,Control y Fiscalizacion de los Servicios de Comunicacion Audiovisual,0,Control y Fiscalizacion de los Servicios de Comunicacion Audiovisual,2024-07-01 00:00:00
2023,207,23,"Enseñanza, Capacitacion y Habilitacion",0,"Enseñanza, Capacitacion y Habilitacion",0,"Enseñanza, Capacitacion y Habilitacion",1,Instruccion Profesionales de Radiodifusion y Conexos,0,"Enseñanza, Capacitacion y Habilitacion",2024-07-01 00:00:00
2023,207,24,Administracion y Gestion de Proyecto de Fomento y Desarrollo,0,Administracion y Gestion de Proyecto de Fomento y Desarrollo,0,Administracion y Gestion de Proyecto de Fomento y Desarrollo,1,Administracion y Gestion de Proyecto de Fomento y Desarrollo,0,Administracion y Gestion de Proyecto de Fomento y Desarrollo,2024-07-01 00:00:00
2023,208,16,Formulacion y Ejecucion de Politicas para Restringir el Circulante de Armas de Fuego en la Sociedad Civil,0,Formulacion y Ejecucion de Politicas para Restringir el Circulante de Armas de Fuego en la Sociedad Civil,0,Formulacion y Ejecucion de Politicas para Restringir el Circulante de Armas de Fuego en la Sociedad Civil,1,Conduccion Superior,0,Formulacion y Ejecucion de Politicas para Restringir el Circulante de Armas de Fuego en la Sociedad Civil,2024-07-01 00:00:00
2023,209,16,Acceso a la Informacion Publica y Proteccion de Datos Personales,0,Acceso a la Informacion Publica y Proteccion de Datos Personales,0,Acceso a la Informacion Publica y Proteccion de Datos Personales,1,Acceso a la Informacion Publica y Proteccion de Datos Personales,0,Acceso a la Informacion Publica y Proteccion de Datos Personales,2024-07-01 00:00:00
2023,250,1,Actividades Centrales,0,Actividades Centrales,0,Actividades Centrales,1,Conduccion y Administracion,0,Actividades Centrales,2024-07-01 00:00:00
2023,250,18,"Administracion de Beneficios Previsionales Policia Federal, Policia de Seguridad Aeroportuaria y otros",0,"Administracion de Beneficios Previsionales Policia Federal, Policia de Seguridad Aeroportuaria y otros",0,"Administracion de Beneficios Previsionales Policia Federal, Policia de Seguridad Aeroportuaria y otros",2,Administracion  Pasividades,0,"Administracion de Beneficios Previsionales Policia Federal, Policia de Seguridad Aeroportuaria y otros",2024-07-01 00:00:00
2023,250,19,Administracion de Beneficios Previsionales Gendarmeria Nacional,0,Administracion de Beneficios Previsionales Gendarmeria Nacional,0,Administracion de Beneficios Previsionales Gendarmeria Nacional,1,Administracion  Pasividades,0,Administracion de Beneficios Previsionales Gendarmeria Nacional,2024-07-01 00:00:00
2023,250,20,Administracion de Beneficios Previsionales Prefectura Naval Argentina,0,Administracion de Beneficios Previsionales Prefectura Naval Argentina,0,Administracion de Beneficios Previsionales Prefectura Naval Argentina,1,Administracion  Pasividades,0,Administracion de Beneficios Previsionales Prefectura Naval Argentina,2024-07-01 00:00:00
2023,250,21,Administracion de Beneficios Previsionales Servicio Penitenciario Federal,0,Administracion de Beneficios Previsionales Servicio Penitenciario Federal,0,Administracion de Beneficios Previsionales Servicio Penitenciario Federal,1,Administracion Pasividades,0,Administracion de Beneficios Previsionales Servicio Penitenciario Federal,2024-07-01 00:00:00
2023,301,16,Conduccion del Poder Ejecutivo Nacional,0,Conduccion del Poder Ejecutivo Nacional,0,Conduccion del Poder Ejecutivo Nacional,2,Coordinacion Tecnica Administrativa,0,Conduccion del Poder Ejecutivo Nacional,2024-07-01 00:00:00
2023,301,16,Conduccion del Poder Ejecutivo Nacional,0,Conduccion del Poder Ejecutivo Nacional,0,Conduccion del Poder Ejecutivo Nacional,4,"Seguridad, Logistica y Comunicaciones",0,Conduccion del Poder Ejecutivo Nacional,2024-07-01 00:00:00
2023,301,16,Conduccion del Poder Ejecutivo Nacional,0,Conduccion del Poder Ejecutivo Nacional,0,Conduccion del Poder Ejecutivo Nacional,8,Obispado Castrense,0,Conduccion del Poder Ejecutivo Nacional,2024-07-01 00:00:00
2023,301,16,Conduccion del Poder Ejecutivo Nacional,0,Conduccion del Poder Ejecutivo Nacional,12,Remodelacion Casa de Gobierno - Etapa VIII,0,Remodelacion Casa de Gobierno - Etapa VIII,51,Remodelacion Casa de Gobierno,2024-07-01 00:00:00
2023,301,16,Conduccion del Poder Ejecutivo Nacional,0,Conduccion del Poder Ejecutivo Nacional,14,Restauracion y Puesta en Valor de Fachadas Casa de Gobierno,0,Restauracion y Puesta en Valor de Fachadas Casa de Gobierno,51,Restauracion y Puesta en Valor de Fachadas Casa de Gobierno,2024-07-01 00:00:00
2023,301,18,Asuntos Estrategicos,0,Asuntos Estrategicos,0,Asuntos Estrategicos,3,Fortalecimiento del Cuerpo de Administradores Gubernamentales,0,Asuntos Estrategicos,2024-07-01 00:00:00
2023,301,18,Asuntos Estrategicos,0,Asuntos Estrategicos,0,Asuntos Estrategicos,4,Asuntos Estrategicos,0,Asuntos Estrategicos,2024-07-01 00:00:00
2023,301,18,Asuntos Estrategicos,0,Asuntos Estrategicos,0,Asuntos Estrategicos,19,Programa de Innovacion para Respuesta a Situaciones de Crisis y Gestion de Prioridades Estrategicas (BID N° 5084/OC-AR),0,Asuntos Estrategicos,2024-07-01 00:00:00
2023,301,18,Asuntos Estrategicos,0,Asuntos Estrategicos,0,Asuntos Estrategicos,40,Apoyo Integral a la Institucionalizacion del Dialogo y la Participacion Ciudadana,0,Asuntos Estrategicos,2024-07-01 00:00:00
2023,302,16,Informacion e Inteligencia,0,Informacion e Inteligencia,0,Informacion e Inteligencia,1,Informacion e Inteligencia,0,Informacion e Inteligencia,2024-07-01 00:00:00
2023,303,1,Actividades Centrales,0,Actividades Centrales,0,Actividades Centrales,1,Coordinacion y Supervision,0,Actividades Centrales,2024-07-01 00:00:00
2023,303,16,"Prevencion, Estadisticas e Investigacion sobre Consumos Problematicos",0,"Prevencion, Estadisticas e Investigacion sobre Consumos Problematicos",0,"Prevencion, Estadisticas e Investigacion sobre Consumos Problematicos",1,Direccion Superior,0,"Prevencion, Estadisticas e Investigacion sobre Consumos Problematicos",2024-07-01 00:00:00
2023,303,16,"Prevencion, Estadisticas e Investigacion sobre Consumos Problematicos",0,"Prevencion, Estadisticas e Investigacion sobre Consumos Problematicos",0,"Prevencion, Estadisticas e Investigacion sobre Consumos Problematicos",8,Prevencion en Materia de Consumos Problematicos,0,"Prevencion, Estadisticas e Investigacion sobre Consumos Problematicos",2024-07-01 00:00:00
2023,303,17,Atencion y Acompañamiento a Personas con Consumos Problematicos,0,Atencion y Acompañamiento a Personas con Consumos Problematicos,0,Atencion y Acompañamiento a Personas con Consumos Problematicos,3,Direccion Superior,0,Atencion y Acompañamiento a Personas con Consumos Problematicos,2024-07-01 00:00:00
2023,303,17,Atencion y Acompañamiento a Personas con Consumos Problematicos,0,Atencion y Acompañamiento a Personas con Consumos Problematicos,0,Atencion y Acompañamiento a Personas con Consumos Problematicos,6,Funcionamiento de Dispositivos Territoriales Comunitarios,0,Atencion y Acompañamiento a Personas con Consumos Problematicos,2024-07-01 00:00:00
2023,303,17,Atencion y Acompañamiento a Personas con Consumos Problematicos,0,Atencion y Acompañamiento a Personas con Consumos Problematicos,0,Atencion y Acompañamiento a Personas con Consumos Problematicos,7,Funcionamiento del Programa Casas de Atencion y Acompañamiento Comunitario (CAAC),0,Atencion y Acompañamiento a Personas con Consumos Problematicos,2024-07-01 00:00:00
2023,303,17,Atencion y Acompañamiento a Personas con Consumos Problematicos,0,Atencion y Acompañamiento a Personas con Consumos Problematicos,0,Atencion y Acompañamiento a Personas con Consumos Problematicos,8,Funcionamiento del Programa Casas Comunitarias Convivenciales,0,Atencion y Acompañamiento a Personas con Consumos Problematicos,2024-07-01 00:00:00
2023,303,17,Atencion y Acompañamiento a Personas con Consumos Problematicos,0,Atencion y Acompañamiento a Personas con Consumos Problematicos,0,Atencion y Acompañamiento a Personas con Consumos Problematicos,9,"Funcionamiento del Programa Integral de Atencion, Asistencia e Integracion de Personas",0,Atencion y Acompañamiento a Personas con Consumos Problematicos,2024-07-01 00:00:00
2023,305,1,Actividades Centrales,0,Actividades Centrales,0,Actividades Centrales,1,Conduccion y Control de la Administracion General del Pais,0,Actividades Centrales,2024-07-01 00:00:00
2023,305,1,Actividades Centrales,0,Actividades Centrales,0,Actividades Centrales,3,Administracion,0,Actividades Centrales,2024-07-01 00:00:00
2023,305,9,"Actividades Comunes a los Programas 24, 25, 26 y 58",0,"Actividades Comunes a los Programas 24, 25, 26 y 58",0,"Actividades Comunes a los Programas 24, 25, 26 y 58",10,Inclusion Digital e Innovacion de los Servicios Publicos (BIRF 9224-AR),0,"Actividades Comunes a los Programas 24, 25, 26 y 58",2024-07-01 00:00:00
2023,305,9,"Actividades Comunes a los Programas 24, 25, 26 y 58",0,"Actividades Comunes a los Programas 24, 25, 26 y 58",0,"Actividades Comunes a los Programas 24, 25, 26 y 58",11,Apoyo Administrativo y Evaluacion al Desarrollo y Fabricacion del Sistema Satelital Geoestacionario de Telecomunicaciones Segund,0,"Actividades Comunes a los Programas 24, 25, 26 y 58",2024-07-01 00:00:00
2023,305,9,"Actividades Comunes a los Programas 24, 25, 26 y 58",0,"Actividades Comunes a los Programas 24, 25, 26 y 58",0,"Actividades Comunes a los Programas 24, 25, 26 y 58",12,Apoyo Administrativo y Evaluacion al Desarrollo de la Red Federal de Fibra Optica REFEFO 3.1 (FONPLATA ARG 53/2021),0,"Actividades Comunes a los Programas 24, 25, 26 y 58",2024-07-01 00:00:00
2023,305,9,"Actividades Comunes a los Programas 24, 25, 26 y 58",0,"Actividades Comunes a los Programas 24, 25, 26 y 58",0,"Actividades Comunes a los Programas 24, 25, 26 y 58",13,Apoyo a la Convocatoria de Proyectos para el Desarrollo Armonico con Equilibrio Territorial (FONPLATA ARG 51/2021),0,"Actividades Comunes a los Programas 24, 25, 26 y 58",2024-07-01 00:00:00
2023,305,9,"Actividades Comunes a los Programas 24, 25, 26 y 58",0,"Actividades Comunes a los Programas 24, 25, 26 y 58",0,"Actividades Comunes a los Programas 24, 25, 26 y 58",14,Apoyo Administrativo y Evaluacion al Desarrollo de la Red Federal de Fibra Optica (REFEFO) (BID N° 5364),0,"Actividades Comunes a los Programas 24, 25, 26 y 58",2024-07-01 00:00:00
2023,305,24,Gobierno Abierto y Pais Digital,0,Gobierno Abierto y Pais Digital,0,Gobierno Abierto y Pais Digital,1,Conduccion y Administracion,0,Gobierno Abierto y Pais Digital,2024-07-01 00:00:00
2023,305,24,Gobierno Abierto y Pais Digital,0,Gobierno Abierto y Pais Digital,0,Gobierno Abierto y Pais Digital,7,Fortalecimiento de Plataforma Mi Argentina y Servicios Digitales al Ciudadano y PyMEs,0,Gobierno Abierto y Pais Digital,2024-07-01 00:00:00
2023,305,24,Gobierno Abierto y Pais Digital,0,Gobierno Abierto y Pais Digital,0,Gobierno Abierto y Pais Digital,9,Gobierno Abierto - Plataformas y Servicios de Innovacion Abierta,0,Gobierno Abierto y Pais Digital,2024-07-01 00:00:00
2023,305,24,Gobierno Abierto y Pais Digital,0,Gobierno Abierto y Pais Digital,0,Gobierno Abierto y Pais Digital,10,Inclusion Digital e Innovacion de los Servicios Publicos (BIRF 9224-AR),0,Gobierno Abierto y Pais Digital,2024-07-01 00:00:00
2023,305,25,Innovacion Administrativa,0,Innovacion Administrativa,0,Innovacion Administrativa,1,Conduccion y Administracion,0,Innovacion Administrativa,2024-07-01 00:00:00
2023,305,25,Innovacion Administrativa,0,Innovacion Administrativa,0,Innovacion Administrativa,3,Reingenieria de Sistemas Gestion Documental Electronica y Tramitacion a Distancia,0,Innovacion Administrativa,2024-07-01 00:00:00
2023,305,25,Innovacion Administrativa,0,Innovacion Administrativa,0,Innovacion Administrativa,6,Inclusion Digital e Innovacion de los Servicios Publicos (BIRF 9224-AR),0,Innovacion Administrativa,2024-07-01 00:00:00
2023,305,26,Gestion y Organizacion del Sistema de Contrataciones de la Administracion Publica Nacional,0,Gestion y Organizacion del Sistema de Contrataciones de la Administracion Publica Nacional,0,Gestion y Organizacion del Sistema de Contrataciones de la Administracion Publica Nacional,1,Conduccion y Administracion,0,Gestion y Organizacion del Sistema de Contrataciones de la Administracion Publica Nacional,2024-07-01 00:00:00
2023,305,27,Desarrollo de los Recursos Humanos del Sector Publico,0,Desarrollo de los Recursos Humanos del Sector Publico,0,Desarrollo de los Recursos Humanos del Sector Publico,1,Conduccion y Administracion,0,Desarrollo de los Recursos Humanos del Sector Publico,2024-07-01 00:00:00
2023,305,27,Desarrollo de los Recursos Humanos del Sector Publico,0,Desarrollo de los Recursos Humanos del Sector Publico,0,Desarrollo de los Recursos Humanos del Sector Publico,4,Fondo Permanente de Capacitacion (FO.PE.CAP),0,Desarrollo de los Recursos Humanos del Sector Publico,2024-07-01 00:00:00
2023,305,27,Desarrollo de los Recursos Humanos del Sector Publico,0,Desarrollo de los Recursos Humanos del Sector Publico,0,Desarrollo de los Recursos Humanos del Sector Publico,42,Plan Federal de Capacitacion,0,Desarrollo de los Recursos Humanos del Sector Publico,2024-07-01 00:00:00
2023,305,27,Desarrollo de los Recursos Humanos del Sector Publico,0,Desarrollo de los Recursos Humanos del Sector Publico,0,Desarrollo de los Recursos Humanos del Sector Publico,43,Capacitacion INAP,0,Desarrollo de los Recursos Humanos del Sector Publico,2024-07-01 00:00:00
2023,305,28,Fortalecimiento de la Gestion Publica,0,Fortalecimiento de la Gestion Publica,0,Fortalecimiento de la Gestion Publica,1,Conduccion y Administracion,0,Fortalecimiento de la Gestion Publica,2024-07-01 00:00:00
2023,305,50,Coordinacion de Proyectos Sociocomunitarios,0,Coordinacion de Proyectos Sociocomunitarios,0,Coordinacion de Proyectos Sociocomunitarios,2,Acciones Referidas al Programa El Estado en tu Barrio,0,Coordinacion de Proyectos Sociocomunitarios,2024-07-01 00:00:00
2023,305,51,Legitimar y Reconstruir Juventudes,0,Legitimar y Reconstruir Juventudes,0,Legitimar y Reconstruir Juventudes,2,Juventudes Solidarias,0,Legitimar y Reconstruir Juventudes,2024-07-01 00:00:00
2023,305,51,Legitimar y Reconstruir Juventudes,0,Legitimar y Reconstruir Juventudes,0,Legitimar y Reconstruir Juventudes,40,Plan Nacional de Juventud,0,Legitimar y Reconstruir Juventudes,2024-07-01 00:00:00
2023,305,52,Argentina Futura,0,Argentina Futura,0,Argentina Futura,1,Conduccion y Administracion,0,Argentina Futura,2024-07-01 00:00:00
2023,305,52,Argentina Futura,0,Argentina Futura,0,Argentina Futura,3,Generacion de Espacios de Dialogo del Futuro,0,Argentina Futura,2024-07-01 00:00:00
2023,305,58,"Conectividad, Inclusion Digital y Formulacion de Politicas de TICs",0,"Conectividad, Inclusion Digital y Formulacion de Politicas de TICs",0,"Conectividad, Inclusion Digital y Formulacion de Politicas de TICs",1,Conduccion y Administracion,0,"Conectividad, Inclusion Digital y Formulacion de Politicas de TICs",2024-07-01 00:00:00
2023,305,58,"Conectividad, Inclusion Digital y Formulacion de Politicas de TICs",0,"Conectividad, Inclusion Digital y Formulacion de Politicas de TICs",0,"Conectividad, Inclusion Digital y Formulacion de Politicas de TICs",2,Conectividad e Inclusion Digital para la Ciudadania,0,"Conectividad, Inclusion Digital y Formulacion de Politicas de TICs",2024-07-01 00:00:00
2023,305,58,"Conectividad, Inclusion Digital y Formulacion de Politicas de TICs",0,"Conectividad, Inclusion Digital y Formulacion de Politicas de TICs",0,"Conectividad, Inclusion Digital y Formulacion de Politicas de TICs",5,Inclusion Digital e Innovacion de los Servicios Publicos (BIRF 9224-AR),0,"Conectividad, Inclusion Digital y Formulacion de Politicas de TICs",2024-07-01 00:00:00
2023,305,62,Coordinacion de Iniciativas bajo la Modalidad de Contratos de Participacion Publica - Privada,0,Coordinacion de Iniciativas bajo la Modalidad de Contratos de Participacion Publica - Privada,0,Coordinacion de Iniciativas bajo la Modalidad de Contratos de Participacion Publica - Privada,1,Coordinacion de Iniciativas bajo la Modalidad de Contratos de Participacion Publica - Privada,0,Coordinacion de Iniciativas bajo la Modalidad de Contratos de Participacion Publica - Privada,2024-07-01 00:00:00
2023,305,68,Relaciones con la Sociedad Civil y Desarrollo Comunitario,0,Relaciones con la Sociedad Civil y Desarrollo Comunitario,0,Relaciones con la Sociedad Civil y Desarrollo Comunitario,1,Relaciones con la Sociedad Civil y Desarrollo Comunitario,0,Relaciones con la Sociedad Civil y Desarrollo Comunitario,2024-07-01 00:00:00
2023,305,94,Asistencia Financiera a Empresas Publicas,0,Asistencia Financiera a Empresas Publicas,0,Asistencia Financiera a Empresas Publicas,3,Apoyo para el Desarrollo y Fabricacion del Sistema Satelital Geoestacionario de Telecomunicaciones Segunda Generacion: Satelite,0,Asistencia Financiera a Empresas Publicas,2024-07-01 00:00:00
2023,307,1,Actividades Centrales,0,Actividades Centrales,0,Actividades Centrales,1,Conduccion y Control,0,Actividades Centrales,2024-07-01 00:00:00
2023,307,1,Actividades Centrales,0,Actividades Centrales,0,Actividades Centrales,2,Administracion Financiera y Recursos Humanos,0,Actividades Centrales,2024-07-01 00:00:00
2023,307,1,Actividades Centrales,0,Actividades Centrales,0,Actividades Centrales,3,Formacion de Recursos Humanos para el Servicio Exterior de la Nacion,0,Actividades Centrales,2024-07-01 00:00:00
2023,307,1,Actividades Centrales,0,Actividades Centrales,0,Actividades Centrales,4,Ceremonial de Estado,0,Actividades Centrales,2024-07-01 00:00:00
2023,307,2,"Actividades Comunes a los Programas 16, 19  y 23",0,"Actividades Comunes a los Programas 16, 19  y 23",0,"Actividades Comunes a los Programas 16, 19  y 23",2,Gestion de Embajadas,0,"Actividades Comunes a los Programas 16, 19  y 23",2024-07-01 00:00:00
2023,307,2,"Actividades Comunes a los Programas 16, 19  y 23",0,"Actividades Comunes a los Programas 16, 19  y 23",0,"Actividades Comunes a los Programas 16, 19  y 23",3,Gestion de Representacion Consulares,0,"Actividades Comunes a los Programas 16, 19  y 23",2024-07-01 00:00:00
2023,307,2,"Actividades Comunes a los Programas 16, 19  y 23",0,"Actividades Comunes a los Programas 16, 19  y 23",0,"Actividades Comunes a los Programas 16, 19  y 23",4,Gestion de Misiones ante Organismos Internacionales,0,"Actividades Comunes a los Programas 16, 19  y 23",2024-07-01 00:00:00
2023,307,3,Actividades Comunes a los Programas 18 y 22,0,Actividades Comunes a los Programas 18 y 22,0,Actividades Comunes a los Programas 18 y 22,1,Conduccion,0,Actividades Comunes a los Programas 18 y 22,2024-07-01 00:00:00
2023,307,16,Acciones Diplomaticas de Politica Exterior,0,Acciones Diplomaticas de Politica Exterior,0,Acciones Diplomaticas de Politica Exterior,1,Conduccion y Supervision,0,Acciones Diplomaticas de Politica Exterior,2024-07-01 00:00:00
2023,307,16,Acciones Diplomaticas de Politica Exterior,0,Acciones Diplomaticas de Politica Exterior,0,Acciones Diplomaticas de Politica Exterior,6,Desarrollo de la Actividad Consular,0,Acciones Diplomaticas de Politica Exterior,2024-07-01 00:00:00
2023,307,16,Acciones Diplomaticas de Politica Exterior,0,Acciones Diplomaticas de Politica Exterior,0,Acciones Diplomaticas de Politica Exterior,7,Actividades de Promocion Cultural,0,Acciones Diplomaticas de Politica Exterior,2024-07-01 00:00:00
2023,307,16,Acciones Diplomaticas de Politica Exterior,0,Acciones Diplomaticas de Politica Exterior,0,Acciones Diplomaticas de Politica Exterior,40,Posicionamiento Multilateral de Temas Estrategicos,0,Acciones Diplomaticas de Politica Exterior,2024-07-01 00:00:00
2023,307,16,Acciones Diplomaticas de Politica Exterior,0,Acciones Diplomaticas de Politica Exterior,0,Acciones Diplomaticas de Politica Exterior,41,Impulso al Relacionamiento Internacional Politico y Economico,0,Acciones Diplomaticas de Politica Exterior,2024-07-01 00:00:00
2023,307,16,Acciones Diplomaticas de Politica Exterior,0,Acciones Diplomaticas de Politica Exterior,0,Acciones Diplomaticas de Politica Exterior,42,Fortalecimiento y Liderazgo Argentino en la Region,0,Acciones Diplomaticas de Politica Exterior,2024-07-01 00:00:00
2023,307,17,Registro y Sostenimiento de Cultos,0,Registro y Sostenimiento de Cultos,0,Registro y Sostenimiento de Cultos,1,Registro y Sostenimiento de Cultos,0,Registro y Sostenimiento de Cultos,2024-07-01 00:00:00
2023,307,18,Cascos Blancos,0,Cascos Blancos,0,Cascos Blancos,1,Iniciativa Cascos Blancos,0,Cascos Blancos,2024-07-01 00:00:00
2023,307,19,Mantenimiento y Promocion de las Relaciones Economicas Internacionales,0,Mantenimiento y Promocion de las Relaciones Economicas Internacionales,0,Mantenimiento y Promocion de las Relaciones Economicas Internacionales,1,Conduccion y Supervision,0,Mantenimiento y Promocion de las Relaciones Economicas Internacionales,2024-07-01 00:00:00
2023,307,19,Mantenimiento y Promocion de las Relaciones Economicas Internacionales,0,Mantenimiento y Promocion de las Relaciones Economicas Internacionales,0,Mantenimiento y Promocion de las Relaciones Economicas Internacionales,7,Acciones para la Promocion Comercial y el Desarrollo y Captacion de Inversiones,0,Mantenimiento y Promocion de las Relaciones Economicas Internacionales,2024-07-01 00:00:00
2023,307,19,Mantenimiento y Promocion de las Relaciones Economicas Internacionales,0,Mantenimiento y Promocion de las Relaciones Economicas Internacionales,0,Mantenimiento y Promocion de las Relaciones Economicas Internacionales,9,Apoyo  a las Negociaciones Economicas Internacionales,0,Mantenimiento y Promocion de las Relaciones Economicas Internacionales,2024-07-01 00:00:00
2023,307,19,Mantenimiento y Promocion de las Relaciones Economicas Internacionales,0,Mantenimiento y Promocion de las Relaciones Economicas Internacionales,0,Mantenimiento y Promocion de las Relaciones Economicas Internacionales,41,Impulso al Relacionamiento Internacional Politico y Economico,0,Mantenimiento y Promocion de las Relaciones Economicas Internacionales,2024-07-01 00:00:00
2023,307,19,Mantenimiento y Promocion de las Relaciones Economicas Internacionales,0,Mantenimiento y Promocion de las Relaciones Economicas Internacionales,0,Mantenimiento y Promocion de las Relaciones Economicas Internacionales,43,Fortalecimiento del MERCOSUR,0,Mantenimiento y Promocion de las Relaciones Economicas Internacionales,2024-07-01 00:00:00
2023,307,20,Desarrollo del Plan Antartico,0,Desarrollo del Plan Antartico,0,Desarrollo del Plan Antartico,1,Desarrollo del Plan Antartico,0,Desarrollo del Plan Antartico,2024-07-01 00:00:00
2023,307,22,Promocion de la Cooperacion Internacional,0,Promocion de la Cooperacion Internacional,0,Promocion de la Cooperacion Internacional,1,Desarrollo de la Cooperacion Sur-Sur y Triangular,0,Promocion de la Cooperacion Internacional,2024-07-01 00:00:00
2023,307,23,"Acciones Diplomaticas para la Promocion del Reclamo Argentino de Reconocimiento de la Soberania Nacional de las Islas Malvinas,",0,"Acciones Diplomaticas para la Promocion del Reclamo Argentino de Reconocimiento de la Soberania Nacional de las Islas Malvinas,",0,"Acciones Diplomaticas para la Promocion del Reclamo Argentino de Reconocimiento de la Soberania Nacional de las Islas Malvinas,",1,"Acciones Diplomaticas para la Promocion del Reclamo Argentino de Reconocimiento de la Soberania Nacional de las Islas Malvinas,",0,"Acciones Diplomaticas para la Promocion del Reclamo Argentino de Reconocimiento de la Soberania Nacional de las Islas Malvinas,",2024-07-01 00:00:00
2023,307,92,Cuotas y Contribuciones a Organismos Internacionales,0,Cuotas y Contribuciones a Organismos Internacionales,0,Cuotas y Contribuciones a Organismos Internacionales,1,Financiamiento del Estado Argentino a los Organismos Integrantes del Sistema de Naciones Unidas,0,Cuotas y Contribuciones a Organismos Internacionales,2024-07-01 00:00:00
2023,307,92,Cuotas y Contribuciones a Organismos Internacionales,0,Cuotas y Contribuciones a Organismos Internacionales,0,Cuotas y Contribuciones a Organismos Internacionales,2,Financiamiento del Estado Argentino a los Organismos de Alcance Regional,0,Cuotas y Contribuciones a Organismos Internacionales,2024-07-01 00:00:00
2023,307,92,Cuotas y Contribuciones a Organismos Internacionales,0,Cuotas y Contribuciones a Organismos Internacionales,0,Cuotas y Contribuciones a Organismos Internacionales,3,Financiamiento del Estado Argentino a Otros Organismos,0,Cuotas y Contribuciones a Organismos Internacionales,2024-07-01 00:00:00
2023,310,1,Actividades Centrales,0,Actividades Centrales,0,Actividades Centrales,1,Formulacion y Conduccion de la Politica,0,Actividades Centrales,2024-07-01 00:00:00
2023,310,1,Actividades Centrales,0,Actividades Centrales,0,Actividades Centrales,3,Actividades de Apoyo Administrativo,0,Actividades Centrales,2024-07-01 00:00:00
2023,310,3,Actividades Comunes a los Programas con Financiamiento Externo,0,Actividades Comunes a los Programas con Financiamiento Externo,0,Actividades Comunes a los Programas con Financiamiento Externo,1,Funcionamiento de la Direccion General de Programas y Proyectos Sectoriales y Especiales,0,Actividades Comunes a los Programas con Financiamiento Externo,2024-07-01 00:00:00
2023,310,5,Actividades Comunes de Programas de Calidad en Salud,0,Actividades Comunes de Programas de Calidad en Salud,0,Actividades Comunes de Programas de Calidad en Salud,1,Coordinacion y Monitoreo de Actividades de Calidad en Salud,0,Actividades Comunes de Programas de Calidad en Salud,2024-07-01 00:00:00
2023,310,5,Actividades Comunes de Programas de Calidad en Salud,0,Actividades Comunes de Programas de Calidad en Salud,0,Actividades Comunes de Programas de Calidad en Salud,2,Coordinacion y Monitoreo de Actividades de Gestion de Servicios,0,Actividades Comunes de Programas de Calidad en Salud,2024-07-01 00:00:00
2023,310,5,Actividades Comunes de Programas de Calidad en Salud,0,Actividades Comunes de Programas de Calidad en Salud,0,Actividades Comunes de Programas de Calidad en Salud,5,"Coordinacion y Monitoreo de Actividades de Calidad, Regulacion y Fiscalizacion",0,Actividades Comunes de Programas de Calidad en Salud,2024-07-01 00:00:00
2023,310,7,Actividades Comunes de Programas de Equidad en Salud,0,Actividades Comunes de Programas de Equidad en Salud,0,Actividades Comunes de Programas de Equidad en Salud,1,Coordinacion y Monitoreo de Actividades de Equidad en Salud,0,Actividades Comunes de Programas de Equidad en Salud,2024-07-01 00:00:00
2023,310,7,Actividades Comunes de Programas de Equidad en Salud,0,Actividades Comunes de Programas de Equidad en Salud,0,Actividades Comunes de Programas de Equidad en Salud,2,Coordinacion y Monitoreo de Actividades de Articulacion Federal,0,Actividades Comunes de Programas de Equidad en Salud,2024-07-01 00:00:00
2023,310,7,Actividades Comunes de Programas de Equidad en Salud,0,Actividades Comunes de Programas de Equidad en Salud,0,Actividades Comunes de Programas de Equidad en Salud,3,Coordinacion y Monitoreo de Actividades de Integracion de los Sistemas,0,Actividades Comunes de Programas de Equidad en Salud,2024-07-01 00:00:00
2023,310,8,Actividades Comunes a los Programas de Acceso a la Salud,0,Actividades Comunes a los Programas de Acceso a la Salud,0,Actividades Comunes a los Programas de Acceso a la Salud,1,Coordinacion y Monitoreo de Actividades de Acceso a la Salud,0,Actividades Comunes a los Programas de Acceso a la Salud,2024-07-01 00:00:00
2023,310,8,Actividades Comunes a los Programas de Acceso a la Salud,0,Actividades Comunes a los Programas de Acceso a la Salud,0,Actividades Comunes a los Programas de Acceso a la Salud,2,Coordinacion y Monitoreo de Actividades de Estrategias Sanitarias,0,Actividades Comunes a los Programas de Acceso a la Salud,2024-07-01 00:00:00
2023,310,8,Actividades Comunes a los Programas de Acceso a la Salud,0,Actividades Comunes a los Programas de Acceso a la Salud,0,Actividades Comunes a los Programas de Acceso a la Salud,3,Coordinacion y Monitoreo de Acciones de Politica de Medicamentos e Informacion Estrategica,0,Actividades Comunes a los Programas de Acceso a la Salud,2024-07-01 00:00:00
2023,310,9,Actividades Comunes de la Unidad Gabinete de Asesores,0,Actividades Comunes de la Unidad Gabinete de Asesores,0,Actividades Comunes de la Unidad Gabinete de Asesores,1,Conduccion y Monitoreo,0,Actividades Comunes de la Unidad Gabinete de Asesores,2024-07-01 00:00:00
2023,310,9,Actividades Comunes de la Unidad Gabinete de Asesores,0,Actividades Comunes de la Unidad Gabinete de Asesores,0,Actividades Comunes de la Unidad Gabinete de Asesores,4,Coordinacion Relaciones Institucionales,0,Actividades Comunes de la Unidad Gabinete de Asesores,2024-07-01 00:00:00
2023,310,9,Actividades Comunes de la Unidad Gabinete de Asesores,0,Actividades Comunes de la Unidad Gabinete de Asesores,0,Actividades Comunes de la Unidad Gabinete de Asesores,7,Comunicacion Institucional y Prensa,0,Actividades Comunes de la Unidad Gabinete de Asesores,2024-07-01 00:00:00
2023,310,16,Apoyo al Desarrollo de la Atencion Medica,0,Apoyo al Desarrollo de la Atencion Medica,0,Apoyo al Desarrollo de la Atencion Medica,12,Acciones de Salud Digital - Telesalud,0,Apoyo al Desarrollo de la Atencion Medica,2024-07-01 00:00:00
2023,310,16,Apoyo al Desarrollo de la Atencion Medica,0,Apoyo al Desarrollo de la Atencion Medica,0,Apoyo al Desarrollo de la Atencion Medica,14,Integracion de Coberturas de Salud,0,Apoyo al Desarrollo de la Atencion Medica,2024-07-01 00:00:00
2023,310,16,Apoyo al Desarrollo de la Atencion Medica,0,Apoyo al Desarrollo de la Atencion Medica,0,Apoyo al Desarrollo de la Atencion Medica,49,Implementacion de Sistemas de Informacion Sanitaria,0,Apoyo al Desarrollo de la Atencion Medica,2024-07-01 00:00:00
2023,310,17,Abordaje de Curso de Vida (NNA),0,Abordaje de Curso de Vida (NNA),0,Abordaje de Curso de Vida (NNA),8,Acciones Vinculadas con el Programa 1000 Dias (NNA),0,Abordaje de Curso de Vida (NNA),2024-07-01 00:00:00
2023,310,17,Abordaje de Curso de Vida (NNA),0,Abordaje de Curso de Vida (NNA),0,Abordaje de Curso de Vida (NNA),9,Apoyo a la Reproduccion Medicamente Asistida (PPG) (NNA),0,Abordaje de Curso de Vida (NNA),2024-07-01 00:00:00
2023,310,17,Abordaje de Curso de Vida (NNA),0,Abordaje de Curso de Vida (NNA),0,Abordaje de Curso de Vida (NNA),41,Coordinacion y Monitoreo en los Cursos de Vida (PPG) (NNA),0,Abordaje de Curso de Vida (NNA),2024-07-01 00:00:00
2023,310,17,Abordaje de Curso de Vida (NNA),0,Abordaje de Curso de Vida (NNA),0,Abordaje de Curso de Vida (NNA),42,Acciones de Nutricion (NNA),0,Abordaje de Curso de Vida (NNA),2024-07-01 00:00:00
2023,310,17,Abordaje de Curso de Vida (NNA),0,Abordaje de Curso de Vida (NNA),0,Abordaje de Curso de Vida (NNA),43,Acciones en Salud Perinatal (PPG) (NNA),0,Abordaje de Curso de Vida (NNA),2024-07-01 00:00:00
2023,310,17,Abordaje de Curso de Vida (NNA),0,Abordaje de Curso de Vida (NNA),0,Abordaje de Curso de Vida (NNA),44,Salud Infantil (NNA),0,Abordaje de Curso de Vida (NNA),2024-07-01 00:00:00
2023,310,17,Abordaje de Curso de Vida (NNA),0,Abordaje de Curso de Vida (NNA),0,Abordaje de Curso de Vida (NNA),45,Salud Integral en la Adolescencia (PPG) (NNA),0,Abordaje de Curso de Vida (NNA),2024-07-01 00:00:00
2023,310,17,Abordaje de Curso de Vida (NNA),0,Abordaje de Curso de Vida (NNA),0,Abordaje de Curso de Vida (NNA),49,Salud Integral del Adulto y la Persona Mayor,0,Abordaje de Curso de Vida (NNA),2024-07-01 00:00:00
2023,310,18,Formacion de Recursos Humanos Sanitarios y Asistenciales,0,Formacion de Recursos Humanos Sanitarios y Asistenciales,0,Formacion de Recursos Humanos Sanitarios y Asistenciales,41,Formacion de Recursos Humanos Sanitarios y Asistenciales,0,Formacion de Recursos Humanos Sanitarios y Asistenciales,2024-07-01 00:00:00
2023,310,20,Prevencion y Control de Enfermedades Transmisibles e Inmunoprevenibles,0,Prevencion y Control de Enfermedades Transmisibles e Inmunoprevenibles,0,Prevencion y Control de Enfermedades Transmisibles e Inmunoprevenibles,11,Acciones de Mitigacion de la Pandemia Coronavirus COVID-19 (Vacuna),0,Prevencion y Control de Enfermedades Transmisibles e Inmunoprevenibles,2024-07-01 00:00:00
2023,310,20,Prevencion y Control de Enfermedades Transmisibles e Inmunoprevenibles,0,Prevencion y Control de Enfermedades Transmisibles e Inmunoprevenibles,0,Prevencion y Control de Enfermedades Transmisibles e Inmunoprevenibles,13,Control de Enfermedades Transmisibles,0,Prevencion y Control de Enfermedades Transmisibles e Inmunoprevenibles,2024-07-01 00:00:00
2023,310,20,Prevencion y Control de Enfermedades Transmisibles e Inmunoprevenibles,0,Prevencion y Control de Enfermedades Transmisibles e Inmunoprevenibles,0,Prevencion y Control de Enfermedades Transmisibles e Inmunoprevenibles,19,Acciones de Mitigacion de la Pandemia Coronavirus (Fondo de Reparacion COVID-19 - Ley N° 27.573),0,Prevencion y Control de Enfermedades Transmisibles e Inmunoprevenibles,2024-07-01 00:00:00
2023,310,20,Prevencion y Control de Enfermedades Transmisibles e Inmunoprevenibles,0,Prevencion y Control de Enfermedades Transmisibles e Inmunoprevenibles,0,Prevencion y Control de Enfermedades Transmisibles e Inmunoprevenibles,43,"Normatizacion, Suministro y Supervision de Vacunaciones (NNA)",0,Prevencion y Control de Enfermedades Transmisibles e Inmunoprevenibles,2024-07-01 00:00:00
2023,310,21,"Planificacion, Control, Regulacion, Estudios, Investigaciones y Fiscalizacion de la Politica de Salud",0,"Planificacion, Control, Regulacion, Estudios, Investigaciones y Fiscalizacion de la Politica de Salud",0,"Planificacion, Control, Regulacion, Estudios, Investigaciones y Fiscalizacion de la Politica de Salud",2,Control Sanitario de Establecimientos y del Ejercicio Profesional,0,"Planificacion, Control, Regulacion, Estudios, Investigaciones y Fiscalizacion de la Politica de Salud",2024-07-01 00:00:00
2023,310,21,"Planificacion, Control, Regulacion, Estudios, Investigaciones y Fiscalizacion de la Politica de Salud",0,"Planificacion, Control, Regulacion, Estudios, Investigaciones y Fiscalizacion de la Politica de Salud",0,"Planificacion, Control, Regulacion, Estudios, Investigaciones y Fiscalizacion de la Politica de Salud",4,Control Sanitario de Fronteras y Terminales de Transporte,0,"Planificacion, Control, Regulacion, Estudios, Investigaciones y Fiscalizacion de la Politica de Salud",2024-07-01 00:00:00
2023,310,21,"Planificacion, Control, Regulacion, Estudios, Investigaciones y Fiscalizacion de la Politica de Salud",0,"Planificacion, Control, Regulacion, Estudios, Investigaciones y Fiscalizacion de la Politica de Salud",0,"Planificacion, Control, Regulacion, Estudios, Investigaciones y Fiscalizacion de la Politica de Salud",8,Garantia de Calidad de la Atencion Medica,0,"Planificacion, Control, Regulacion, Estudios, Investigaciones y Fiscalizacion de la Politica de Salud",2024-07-01 00:00:00
2023,310,21,"Planificacion, Control, Regulacion, Estudios, Investigaciones y Fiscalizacion de la Politica de Salud",0,"Planificacion, Control, Regulacion, Estudios, Investigaciones y Fiscalizacion de la Politica de Salud",0,"Planificacion, Control, Regulacion, Estudios, Investigaciones y Fiscalizacion de la Politica de Salud",11,Coordinacion de Regulacion Sanitaria,0,"Planificacion, Control, Regulacion, Estudios, Investigaciones y Fiscalizacion de la Politica de Salud",2024-07-01 00:00:00
2023,310,21,"Planificacion, Control, Regulacion, Estudios, Investigaciones y Fiscalizacion de la Politica de Salud",0,"Planificacion, Control, Regulacion, Estudios, Investigaciones y Fiscalizacion de la Politica de Salud",0,"Planificacion, Control, Regulacion, Estudios, Investigaciones y Fiscalizacion de la Politica de Salud",12,Fortalecimiento de los Equipos de Salud para la Calidad y la Seguridad,0,"Planificacion, Control, Regulacion, Estudios, Investigaciones y Fiscalizacion de la Politica de Salud",2024-07-01 00:00:00
2023,310,21,"Planificacion, Control, Regulacion, Estudios, Investigaciones y Fiscalizacion de la Politica de Salud",0,"Planificacion, Control, Regulacion, Estudios, Investigaciones y Fiscalizacion de la Politica de Salud",0,"Planificacion, Control, Regulacion, Estudios, Investigaciones y Fiscalizacion de la Politica de Salud",49,Programa Nacional de Sangre,0,"Planificacion, Control, Regulacion, Estudios, Investigaciones y Fiscalizacion de la Politica de Salud",2024-07-01 00:00:00
2023,310,22,"Respuesta al VIH, Infecciones de Transmision Sexual, Hepatitis Virales, Tuberculosis y Lepra",0,"Respuesta al VIH, Infecciones de Transmision Sexual, Hepatitis Virales, Tuberculosis y Lepra",0,"Respuesta al VIH, Infecciones de Transmision Sexual, Hepatitis Virales, Tuberculosis y Lepra",41,"Asistencia, Prevencion, Vigilancia e Investigacion en VIH e Infecciones de Transmision Sexual",0,"Respuesta al VIH, Infecciones de Transmision Sexual, Hepatitis Virales, Tuberculosis y Lepra",2024-07-01 00:00:00
2023,310,22,"Respuesta al VIH, Infecciones de Transmision Sexual, Hepatitis Virales, Tuberculosis y Lepra",0,"Respuesta al VIH, Infecciones de Transmision Sexual, Hepatitis Virales, Tuberculosis y Lepra",0,"Respuesta al VIH, Infecciones de Transmision Sexual, Hepatitis Virales, Tuberculosis y Lepra",42,Prevencion y Control de Enfermedades de Transmision Sexual (NNA),0,"Respuesta al VIH, Infecciones de Transmision Sexual, Hepatitis Virales, Tuberculosis y Lepra",2024-07-01 00:00:00
2023,310,22,"Respuesta al VIH, Infecciones de Transmision Sexual, Hepatitis Virales, Tuberculosis y Lepra",0,"Respuesta al VIH, Infecciones de Transmision Sexual, Hepatitis Virales, Tuberculosis y Lepra",0,"Respuesta al VIH, Infecciones de Transmision Sexual, Hepatitis Virales, Tuberculosis y Lepra",46,Prevencion y Control de las Hepatitis Virales,0,"Respuesta al VIH, Infecciones de Transmision Sexual, Hepatitis Virales, Tuberculosis y Lepra",2024-07-01 00:00:00
2023,310,22,"Respuesta al VIH, Infecciones de Transmision Sexual, Hepatitis Virales, Tuberculosis y Lepra",0,"Respuesta al VIH, Infecciones de Transmision Sexual, Hepatitis Virales, Tuberculosis y Lepra",0,"Respuesta al VIH, Infecciones de Transmision Sexual, Hepatitis Virales, Tuberculosis y Lepra",47,Prevencion y Control de la Tuberculosis,0,"Respuesta al VIH, Infecciones de Transmision Sexual, Hepatitis Virales, Tuberculosis y Lepra",2024-07-01 00:00:00
2023,310,24,Abordaje Integral de Enfermedades No Transmisibles y sus Factores de Riesgo,0,Abordaje Integral de Enfermedades No Transmisibles y sus Factores de Riesgo,0,Abordaje Integral de Enfermedades No Transmisibles y sus Factores de Riesgo,44,Prevencion y Control del Tabaquismo,0,Abordaje Integral de Enfermedades No Transmisibles y sus Factores de Riesgo,2024-07-01 00:00:00
2023,310,24,Abordaje Integral de Enfermedades No Transmisibles y sus Factores de Riesgo,0,Abordaje Integral de Enfermedades No Transmisibles y sus Factores de Riesgo,0,Abordaje Integral de Enfermedades No Transmisibles y sus Factores de Riesgo,47,"Coordinacion, Prevencion y Control de Enfermedades no Transmisibles",0,Abordaje Integral de Enfermedades No Transmisibles y sus Factores de Riesgo,2024-07-01 00:00:00
2023,310,24,Abordaje Integral de Enfermedades No Transmisibles y sus Factores de Riesgo,0,Abordaje Integral de Enfermedades No Transmisibles y sus Factores de Riesgo,0,Abordaje Integral de Enfermedades No Transmisibles y sus Factores de Riesgo,49,Salud Integral del Adulto y la Persona Mayor,0,Abordaje Integral de Enfermedades No Transmisibles y sus Factores de Riesgo,2024-07-01 00:00:00
2023,310,25,Desarrollo de la Salud Sexual y la Procreacion Responsable,0,Desarrollo de la Salud Sexual y la Procreacion Responsable,0,Desarrollo de la Salud Sexual y la Procreacion Responsable,6,Prevencion del Embarazo Adolescente (PPG) (NNA),0,Desarrollo de la Salud Sexual y la Procreacion Responsable,2024-07-01 00:00:00
2023,310,25,Desarrollo de la Salud Sexual y la Procreacion Responsable,0,Desarrollo de la Salud Sexual y la Procreacion Responsable,0,Desarrollo de la Salud Sexual y la Procreacion Responsable,41,Desarrollo de la Salud Sexual y la Procreacion Responsable (PPG) (NNA),0,Desarrollo de la Salud Sexual y la Procreacion Responsable,2024-07-01 00:00:00
2023,310,26,Cobertura de Emergencias Sanitarias,0,Cobertura de Emergencias Sanitarias,0,Cobertura de Emergencias Sanitarias,1,Cobertura de Emergencias Sanitarias,0,Cobertura de Emergencias Sanitarias,2024-07-01 00:00:00
2023,310,29,"Acceso a Medicamentos, Insumos y Tecnologia Medica",0,"Acceso a Medicamentos, Insumos y Tecnologia Medica",0,"Acceso a Medicamentos, Insumos y Tecnologia Medica",7,Tratamientos para Patologias Especiales y de Alto Precio,0,"Acceso a Medicamentos, Insumos y Tecnologia Medica",2024-07-01 00:00:00
2023,310,29,"Acceso a Medicamentos, Insumos y Tecnologia Medica",0,"Acceso a Medicamentos, Insumos y Tecnologia Medica",0,"Acceso a Medicamentos, Insumos y Tecnologia Medica",8,"Provision de Medicamentos, Insumos y Tecnologias por Orden Judicial – Amparos",0,"Acceso a Medicamentos, Insumos y Tecnologia Medica",2024-07-01 00:00:00
2023,310,29,"Acceso a Medicamentos, Insumos y Tecnologia Medica",0,"Acceso a Medicamentos, Insumos y Tecnologia Medica",0,"Acceso a Medicamentos, Insumos y Tecnologia Medica",9,Asistencia al Paciente Trasplantado,0,"Acceso a Medicamentos, Insumos y Tecnologia Medica",2024-07-01 00:00:00
2023,310,29,"Acceso a Medicamentos, Insumos y Tecnologia Medica",0,"Acceso a Medicamentos, Insumos y Tecnologia Medica",0,"Acceso a Medicamentos, Insumos y Tecnologia Medica",14,Atencion de Fibrosis Quistica,0,"Acceso a Medicamentos, Insumos y Tecnologia Medica",2024-07-01 00:00:00
2023,310,29,"Acceso a Medicamentos, Insumos y Tecnologia Medica",0,"Acceso a Medicamentos, Insumos y Tecnologia Medica",0,"Acceso a Medicamentos, Insumos y Tecnologia Medica",15,"Provision de Medicamentos Esenciales, Insumos y Tecnologia (BID N°5032/OC-AR)",0,"Acceso a Medicamentos, Insumos y Tecnologia Medica",2024-07-01 00:00:00
2023,310,29,"Acceso a Medicamentos, Insumos y Tecnologia Medica",0,"Acceso a Medicamentos, Insumos y Tecnologia Medica",0,"Acceso a Medicamentos, Insumos y Tecnologia Medica",16,Provision de Medicamentos e Insumos para Patologias Oncologicas y Cronicos (BIRF N°8508/OC-AR),0,"Acceso a Medicamentos, Insumos y Tecnologia Medica",2024-07-01 00:00:00
2023,310,29,"Acceso a Medicamentos, Insumos y Tecnologia Medica",0,"Acceso a Medicamentos, Insumos y Tecnologia Medica",0,"Acceso a Medicamentos, Insumos y Tecnologia Medica",45,"Provision de Medicamentos Esenciales, Insumos y Tecnologia (NNA)",0,"Acceso a Medicamentos, Insumos y Tecnologia Medica",2024-07-01 00:00:00
2023,310,29,"Acceso a Medicamentos, Insumos y Tecnologia Medica",0,"Acceso a Medicamentos, Insumos y Tecnologia Medica",0,"Acceso a Medicamentos, Insumos y Tecnologia Medica",46,Banco de Drogas Oncologicas y Especiales,0,"Acceso a Medicamentos, Insumos y Tecnologia Medica",2024-07-01 00:00:00
2023,310,29,"Acceso a Medicamentos, Insumos y Tecnologia Medica",0,"Acceso a Medicamentos, Insumos y Tecnologia Medica",0,"Acceso a Medicamentos, Insumos y Tecnologia Medica",48,Deteccion Temprana y Atencion de Enfermedades Poco Frecuentes y Anomalias Congenitas (NNA),0,"Acceso a Medicamentos, Insumos y Tecnologia Medica",2024-07-01 00:00:00
2023,310,30,Fortalecimiento de la Capacidad del Sistema Publico de  Salud,0,Fortalecimiento de la Capacidad del Sistema Publico de  Salud,0,Fortalecimiento de la Capacidad del Sistema Publico de  Salud,1,Inversiones para Mejoras de Servicios de Salud,0,Fortalecimiento de la Capacidad del Sistema Publico de  Salud,2024-07-01 00:00:00
2023,310,30,Fortalecimiento de la Capacidad del Sistema Publico de  Salud,0,Fortalecimiento de la Capacidad del Sistema Publico de  Salud,0,Fortalecimiento de la Capacidad del Sistema Publico de  Salud,5,Asistencia a Sectores de Alta Vulnerabilidad (CDP-AICS 007337 - PROSEPUII),0,Fortalecimiento de la Capacidad del Sistema Publico de  Salud,2024-07-01 00:00:00
2023,310,30,Fortalecimiento de la Capacidad del Sistema Publico de  Salud,0,Fortalecimiento de la Capacidad del Sistema Publico de  Salud,0,Fortalecimiento de la Capacidad del Sistema Publico de  Salud,8,Estrategias para la Ampliacion de la Cobertura y Acceso a la Salud (BCIE 2215),0,Fortalecimiento de la Capacidad del Sistema Publico de  Salud,2024-07-01 00:00:00
2023,310,30,Fortalecimiento de la Capacidad del Sistema Publico de  Salud,0,Fortalecimiento de la Capacidad del Sistema Publico de  Salud,3,Centros Provinciales de Almacenamiento de Vacunas (BID N° 5032/OC-AR),0,Centros Provinciales de Almacenamiento de Vacunas (BID N° 5032/OC-AR),54,"Centros Provinciales de Almacenamiento de Vacunas, Provincia de Misiones (BID N° 5032/OC-AR)",2024-07-01 00:00:00
2023,310,30,Fortalecimiento de la Capacidad del Sistema Publico de  Salud,0,Fortalecimiento de la Capacidad del Sistema Publico de  Salud,3,Centros Provinciales de Almacenamiento de Vacunas (BID N° 5032/OC-AR),0,Centros Provinciales de Almacenamiento de Vacunas (BID N° 5032/OC-AR),56,"Centros Provinciales de Almacenamiento de Vacunas, Provincia de Rio Negro (BID N° 5032/OC-AR)",2024-07-01 00:00:00
2023,310,37,Prevencion y Control de Enfermedades Endemicas,0,Prevencion y Control de Enfermedades Endemicas,0,Prevencion y Control de Enfermedades Endemicas,7,"Vigilancia, Prevencion y Control de Enfermedades Zoonoticas",0,Prevencion y Control de Enfermedades Endemicas,2024-07-01 00:00:00
2023,310,37,Prevencion y Control de Enfermedades Endemicas,0,Prevencion y Control de Enfermedades Endemicas,0,Prevencion y Control de Enfermedades Endemicas,41,Control de Enfermedades Transmisibles por Vectores y Zoonosis en General,0,Prevencion y Control de Enfermedades Endemicas,2024-07-01 00:00:00
2023,310,37,Prevencion y Control de Enfermedades Endemicas,0,Prevencion y Control de Enfermedades Endemicas,0,Prevencion y Control de Enfermedades Endemicas,42,Prevencion y Atencion Integral de la Enfermedad de Chagas,0,Prevencion y Control de Enfermedades Endemicas,2024-07-01 00:00:00
2023,310,37,Prevencion y Control de Enfermedades Endemicas,0,Prevencion y Control de Enfermedades Endemicas,0,Prevencion y Control de Enfermedades Endemicas,45,Fortalecimiento de la Interrupcion de la Transmision Vectorial del Chagas (Prestamo FONPLATA ARG-19/2013),0,Prevencion y Control de Enfermedades Endemicas,2024-07-01 00:00:00
2023,310,39,Desarrollo de Estrategias en Salud Comunitaria,0,Desarrollo de Estrategias en Salud Comunitaria,0,Desarrollo de Estrategias en Salud Comunitaria,43,Salud Comunitaria,0,Desarrollo de Estrategias en Salud Comunitaria,2024-07-01 00:00:00
2023,310,39,Desarrollo de Estrategias en Salud Comunitaria,0,Desarrollo de Estrategias en Salud Comunitaria,0,Desarrollo de Estrategias en Salud Comunitaria,45,Asistencia Tecnica a los Municipios Miembros de la Red Argentina de Municipio y Comunidades Saludables,0,Desarrollo de Estrategias en Salud Comunitaria,2024-07-01 00:00:00
2023,310,39,Desarrollo de Estrategias en Salud Comunitaria,0,Desarrollo de Estrategias en Salud Comunitaria,0,Desarrollo de Estrategias en Salud Comunitaria,46,Atencion Sanitaria a Poblaciones Indigenas,0,Desarrollo de Estrategias en Salud Comunitaria,2024-07-01 00:00:00
2023,310,39,Desarrollo de Estrategias en Salud Comunitaria,0,Desarrollo de Estrategias en Salud Comunitaria,0,Desarrollo de Estrategias en Salud Comunitaria,47,Atencion Primaria de la Salud,0,Desarrollo de Estrategias en Salud Comunitaria,2024-07-01 00:00:00
2023,310,41,Atencion Sanitaria en el Territorio,0,Atencion Sanitaria en el Territorio,0,Atencion Sanitaria en el Territorio,1,Abordaje Sanitario Territorial - Centros de Atencion Comunitaria Moviles,0,Atencion Sanitaria en el Territorio,2024-07-01 00:00:00
2023,310,41,Atencion Sanitaria en el Territorio,0,Atencion Sanitaria en el Territorio,0,Atencion Sanitaria en el Territorio,12,Atencion Sanitaria de las Personas en Contextos de Encierro,0,Atencion Sanitaria en el Territorio,2024-07-01 00:00:00
2023,310,41,Atencion Sanitaria en el Territorio,0,Atencion Sanitaria en el Territorio,0,Atencion Sanitaria en el Territorio,13,Promocion de Acciones destinadas a Preservar la Salud Ambiental,0,Atencion Sanitaria en el Territorio,2024-07-01 00:00:00
2023,310,41,Atencion Sanitaria en el Territorio,0,Atencion Sanitaria en el Territorio,0,Atencion Sanitaria en el Territorio,15,Promocion y Control de la Tenencia Responsable y la Sanidad de Perros y Gatos,0,Atencion Sanitaria en el Territorio,2024-07-01 00:00:00
2023,310,42,Prevencion y Tratamiento de Patologias Especificas,0,Prevencion y Tratamiento de Patologias Especificas,0,Prevencion y Tratamiento de Patologias Especificas,12,Promocion y Atencion Primaria en Salud Bucodental,0,Prevencion y Tratamiento de Patologias Especificas,2024-07-01 00:00:00
2023,310,42,Prevencion y Tratamiento de Patologias Especificas,0,Prevencion y Tratamiento de Patologias Especificas,0,Prevencion y Tratamiento de Patologias Especificas,13,Apoyo y Promocion de la Salud Mental,0,Prevencion y Tratamiento de Patologias Especificas,2024-07-01 00:00:00
2023,310,45,Prevencion y Control de Enfermedades Cronicas no Transmisibles,0,Prevencion y Control de Enfermedades Cronicas no Transmisibles,0,Prevencion y Control de Enfermedades Cronicas no Transmisibles,52,Manejo de Enfermedades Cronicas no Transmisibles - REDES (BID 3772/OC-AR - BID 5032/OC-AR),0,Prevencion y Control de Enfermedades Cronicas no Transmisibles,2024-07-01 00:00:00
2023,310,47,Desarrollo de Seguros Publicos de Salud (BIRF N°8853-AR/ BIRF N°9222-AR),0,Desarrollo de Seguros Publicos de Salud (BIRF N°8853-AR/ BIRF N°9222-AR),0,Desarrollo de Seguros Publicos de Salud (BIRF N°8853-AR/ BIRF N°9222-AR),41,Desarrollo de Seguros Publicos de Salud (BIRF N° 8853-AR),0,Desarrollo de Seguros Publicos de Salud (BIRF N°8853-AR/ BIRF N°9222-AR),2024-07-01 00:00:00
2023,310,47,Desarrollo de Seguros Publicos de Salud (BIRF N°8853-AR/ BIRF N°9222-AR),0,Desarrollo de Seguros Publicos de Salud (BIRF N°8853-AR/ BIRF N°9222-AR),0,Desarrollo de Seguros Publicos de Salud (BIRF N°8853-AR/ BIRF N°9222-AR),42,Apoyo del Proyecto de Cobertura Universal de Salud Efectiva en Argentina (BIRF N°9222-AR),0,Desarrollo de Seguros Publicos de Salud (BIRF N°8853-AR/ BIRF N°9222-AR),2024-07-01 00:00:00
2023,310,49,"Estadisticas, Estudios e Investigaciones en Salud",0,"Estadisticas, Estudios e Investigaciones en Salud",0,"Estadisticas, Estudios e Investigaciones en Salud",1,Analisis de Economia de la Salud para el Apoyo de la Politica y Gestion Sanitaria Federal,0,"Estadisticas, Estudios e Investigaciones en Salud",2024-07-01 00:00:00
2023,310,49,"Estadisticas, Estudios e Investigaciones en Salud",0,"Estadisticas, Estudios e Investigaciones en Salud",0,"Estadisticas, Estudios e Investigaciones en Salud",2,Estadisticas de Salud,0,"Estadisticas, Estudios e Investigaciones en Salud",2024-07-01 00:00:00
2023,310,49,"Estadisticas, Estudios e Investigaciones en Salud",0,"Estadisticas, Estudios e Investigaciones en Salud",0,"Estadisticas, Estudios e Investigaciones en Salud",3,Promocion de Estudios e Investigacion en Salud,0,"Estadisticas, Estudios e Investigaciones en Salud",2024-07-01 00:00:00
2023,310,49,"Estadisticas, Estudios e Investigaciones en Salud",0,"Estadisticas, Estudios e Investigaciones en Salud",0,"Estadisticas, Estudios e Investigaciones en Salud",4,Acciones Vinculadas con Informacion Epidemiologica para la Toma de Decisiones,0,"Estadisticas, Estudios e Investigaciones en Salud",2024-07-01 00:00:00
2023,310,50,Acciones para la Identidad de Genero (PPG),0,Acciones para la Identidad de Genero (PPG),0,Acciones para la Identidad de Genero (PPG),1,Acciones para la Identidad de Genero (PPG),0,Acciones para la Identidad de Genero (PPG),2024-07-01 00:00:00
2023,310,99,Transferencias Varias,1,Funcionamiento Hospital Garrahan (NNA),0,Funcionamiento Hospital Garrahan (NNA),1,Funcionamiento Hospital Garrahan (NNA),0,Funcionamiento Hospital Garrahan (NNA),2024-07-01 00:00:00
2023,310,99,Transferencias Varias,3,Transferencias Varias,0,Transferencias Varias,1,Transferencias Varias,0,Transferencias Varias,2024-07-01 00:00:00
2023,310,99,Transferencias Varias,5,Funcionamiento Hospital El Cruce de Florencio Varela,0,Funcionamiento Hospital El Cruce de Florencio Varela,1,Funcionamiento Hospital El Cruce de Florencio Varela,0,Funcionamiento Hospital El Cruce de Florencio Varela,2024-07-01 00:00:00
2023,310,99,Transferencias Varias,8,Funcionamiento Hospital de Alta Complejidad SAMIC 'El Calafate',0,Funcionamiento Hospital de Alta Complejidad SAMIC 'El Calafate',1,Funcionamiento Hospital de Alta Complejidad SAMIC 'El Calafate',0,Funcionamiento Hospital de Alta Complejidad SAMIC 'El Calafate',2024-07-01 00:00:00
2023,310,99,Transferencias Varias,9,Funcionamiento Hospital de Cuenca Alta Nestor Kirchner,0,Funcionamiento Hospital de Cuenca Alta Nestor Kirchner,77,Funcionamiento Hospital de Cuenca Alta Nestor Kirchner,0,Funcionamiento Hospital de Cuenca Alta Nestor Kirchner,2024-07-01 00:00:00
2023,310,99,Transferencias Varias,10,Funcionamiento Hospital Dr. Rene Favaloro,0,Funcionamiento Hospital Dr. Rene Favaloro,1,Funcionamiento Hospital Dr. Rene Favaloro,0,Funcionamiento Hospital Dr. Rene Favaloro,2024-07-01 00:00:00
2023,310,99,Transferencias Varias,12,Academia Nacional de Medicina,0,Academia Nacional de Medicina,1,Academia Nacional de Medicina,0,Academia Nacional de Medicina,2024-07-01 00:00:00
2023,310,99,Transferencias Varias,14,Funcionamiento Hospital de Alta Complejidad del Bicentenario Esteban Echeverria,0,Funcionamiento Hospital de Alta Complejidad del Bicentenario Esteban Echeverria,1,Funcionamiento Hospital de Alta Complejidad del Bicentenario Esteban Echeverria,0,Funcionamiento Hospital de Alta Complejidad del Bicentenario Esteban Echeverria,2024-07-01 00:00:00
2023,311,1,Actividades Centrales,0,Actividades Centrales,0,Actividades Centrales,1,Conduccion Superior,0,Actividades Centrales,2024-07-01 00:00:00
2023,311,1,Actividades Centrales,0,Actividades Centrales,0,Actividades Centrales,2,Coordinacion y Monitoreo,0,Actividades Centrales,2024-07-01 00:00:00
2023,311,8,Actividad Comun a los Programas 24 y 38,0,Actividad Comun a los Programas 24 y 38,0,Actividad Comun a los Programas 24 y 38,1,Actividad Comun a los Programas 24 y 38,0,Actividad Comun a los Programas 24 y 38,2024-07-01 00:00:00
2023,311,9,"Actividad Comun a los Programas 26, 51, 54 y 56",0,"Actividad Comun a los Programas 26, 51, 54 y 56",0,"Actividad Comun a los Programas 26, 51, 54 y 56",1,"Actividad Comun a los Programas 26, 51, 54 y 56",0,"Actividad Comun a los Programas 26, 51, 54 y 56",2024-07-01 00:00:00
2023,311,11,Actividad Comun a los Programas 57 y 58,0,Actividad Comun a los Programas 57 y 58,0,Actividad Comun a los Programas 57 y 58,1,Actividad Comun a los Programas 57 y 58,0,Actividad Comun a los Programas 57 y 58,2024-07-01 00:00:00
2023,311,20,Abordaje Territorial,0,Abordaje Territorial,0,Abordaje Territorial,1,Administracion y Conduccion,0,Abordaje Territorial,2024-07-01 00:00:00
2023,311,20,Abordaje Territorial,0,Abordaje Territorial,0,Abordaje Territorial,2,Asistencia a Instituciones,0,Abordaje Territorial,2024-07-01 00:00:00
2023,311,20,Abordaje Territorial,0,Abordaje Territorial,0,Abordaje Territorial,3,Ayudas Directas a Personas,0,Abordaje Territorial,2024-07-01 00:00:00
2023,311,20,Abordaje Territorial,0,Abordaje Territorial,0,Abordaje Territorial,12,Emergencia Social para Catastrofes o Emergencias Climaticas,0,Abordaje Territorial,2024-07-01 00:00:00
2023,311,20,Abordaje Territorial,0,Abordaje Territorial,0,Abordaje Territorial,13,Ayudas Urgentes a Hogares,0,Abordaje Territorial,2024-07-01 00:00:00
2023,311,20,Abordaje Territorial,0,Abordaje Territorial,0,Abordaje Territorial,19,Articulacion Socio Productiva,0,Abordaje Territorial,2024-07-01 00:00:00
2023,311,20,Abordaje Territorial,0,Abordaje Territorial,0,Abordaje Territorial,20,Articulacion y Comunicacion Comunitaria,0,Abordaje Territorial,2024-07-01 00:00:00
2023,311,24,Economia Social,0,Economia Social,0,Economia Social,14,Promocion de la Comercializacion de la Economia Social,0,Economia Social,2024-07-01 00:00:00
2023,311,24,Economia Social,0,Economia Social,0,Economia Social,40,"Fortalecimiento Institucional, Capacitacion y Asistencia Tecnica",0,Economia Social,2024-07-01 00:00:00
2023,311,24,Economia Social,0,Economia Social,0,Economia Social,47,Fondo para el Financiamiento de la Economia Social (Ley Nº 26.117 Dec. 901/06),0,Economia Social,2024-07-01 00:00:00
2023,311,24,Economia Social,0,Economia Social,0,Economia Social,49,Asistencia Financiera de Unidades Productivas de la Economia Social y Popular,0,Economia Social,2024-07-01 00:00:00
2023,311,26,Politicas Alimentarias,0,Politicas Alimentarias,0,Politicas Alimentarias,1,Prestacion Alimentar,0,Politicas Alimentarias,2024-07-01 00:00:00
2023,311,26,Politicas Alimentarias,0,Politicas Alimentarias,0,Politicas Alimentarias,2,Complemento Alimentario,0,Politicas Alimentarias,2024-07-01 00:00:00
2023,311,26,Politicas Alimentarias,0,Politicas Alimentarias,0,Politicas Alimentarias,3,Asistencia a Prohuerta y Proyectos Especiales,0,Politicas Alimentarias,2024-07-01 00:00:00
2023,311,26,Politicas Alimentarias,0,Politicas Alimentarias,0,Politicas Alimentarias,5,Comedores Escolares,0,Politicas Alimentarias,2024-07-01 00:00:00
2023,311,26,Politicas Alimentarias,0,Politicas Alimentarias,0,Politicas Alimentarias,7,Comedores Comunitarios y Merenderos,0,Politicas Alimentarias,2024-07-01 00:00:00
2023,311,26,Politicas Alimentarias,0,Politicas Alimentarias,0,Politicas Alimentarias,11,Acciones Focalizadas en Personas Celiacas,0,Politicas Alimentarias,2024-07-01 00:00:00
2023,311,26,Politicas Alimentarias,0,Politicas Alimentarias,0,Politicas Alimentarias,12,Proyectos Focalizados- Situacion de Vulnerabilidad Social,0,Politicas Alimentarias,2024-07-01 00:00:00
2023,311,26,Politicas Alimentarias,0,Politicas Alimentarias,0,Politicas Alimentarias,14,Apoyo al Plan Nacional Argentina Contra el Hambre en la Emergencia Socio-Sanitaria COVID-19 (CAF N°11367),0,Politicas Alimentarias,2024-07-01 00:00:00
2023,311,26,Politicas Alimentarias,0,Politicas Alimentarias,0,Politicas Alimentarias,15,Alimentar Comunidad,0,Politicas Alimentarias,2024-07-01 00:00:00
2023,311,26,Politicas Alimentarias,0,Politicas Alimentarias,0,Politicas Alimentarias,44,Apoyo al Plan Nacional Argentina Contra el Hambre en la Emergencia Socio Sanitaria (BID N°5295 OC/AR),0,Politicas Alimentarias,2024-07-01 00:00:00
2023,311,38,Acciones de Pg Nac de Inclusion Socio-Productiva y Desarrollo Local - Potenciar Trabajo,0,Acciones de Pg Nac de Inclusion Socio-Productiva y Desarrollo Local - Potenciar Trabajo,0,Acciones de Pg Nac de Inclusion Socio-Productiva y Desarrollo Local - Potenciar Trabajo,7,Acciones para el Fortalecimiento y Desarrollo de las Unidades de Gestion,0,Acciones de Pg Nac de Inclusion Socio-Productiva y Desarrollo Local - Potenciar Trabajo,2024-07-01 00:00:00
2023,311,38,Acciones de Pg Nac de Inclusion Socio-Productiva y Desarrollo Local - Potenciar Trabajo,0,Acciones de Pg Nac de Inclusion Socio-Productiva y Desarrollo Local - Potenciar Trabajo,0,Acciones de Pg Nac de Inclusion Socio-Productiva y Desarrollo Local - Potenciar Trabajo,9,Acciones Vinculadas al Programa de Apoyo a la Equidad y Efectividad del Sistema de Proteccion Social Fase II (BID N°4806/OC-AR),0,Acciones de Pg Nac de Inclusion Socio-Productiva y Desarrollo Local - Potenciar Trabajo,2024-07-01 00:00:00
2023,311,38,Acciones de Pg Nac de Inclusion Socio-Productiva y Desarrollo Local - Potenciar Trabajo,0,Acciones de Pg Nac de Inclusion Socio-Productiva y Desarrollo Local - Potenciar Trabajo,0,Acciones de Pg Nac de Inclusion Socio-Productiva y Desarrollo Local - Potenciar Trabajo,41,Acciones del Programa Nacional de Inclusion Socio-Productiva y Desarrollo Local - Potenciar Trabajo (PPG),0,Acciones de Pg Nac de Inclusion Socio-Productiva y Desarrollo Local - Potenciar Trabajo,2024-07-01 00:00:00
2023,311,38,Acciones de Pg Nac de Inclusion Socio-Productiva y Desarrollo Local - Potenciar Trabajo,0,Acciones de Pg Nac de Inclusion Socio-Productiva y Desarrollo Local - Potenciar Trabajo,0,Acciones de Pg Nac de Inclusion Socio-Productiva y Desarrollo Local - Potenciar Trabajo,42,Monotributo Social - Potenciar Trabajo (Efectores 100%) (PPG),0,Acciones de Pg Nac de Inclusion Socio-Productiva y Desarrollo Local - Potenciar Trabajo,2024-07-01 00:00:00
2023,311,38,Acciones de Pg Nac de Inclusion Socio-Productiva y Desarrollo Local - Potenciar Trabajo,0,Acciones de Pg Nac de Inclusion Socio-Productiva y Desarrollo Local - Potenciar Trabajo,0,Acciones de Pg Nac de Inclusion Socio-Productiva y Desarrollo Local - Potenciar Trabajo,43,Monotributo Social (Efectores 50%) (PPG),0,Acciones de Pg Nac de Inclusion Socio-Productiva y Desarrollo Local - Potenciar Trabajo,2024-07-01 00:00:00
2023,311,51,Acciones para el Fortalecimiento de las Organizaciones de la Sociedad Civil,0,Acciones para el Fortalecimiento de las Organizaciones de la Sociedad Civil,0,Acciones para el Fortalecimiento de las Organizaciones de la Sociedad Civil,2,Fortalecimiento Institucional de las Organizaciones de la Sociedad Civil,0,Acciones para el Fortalecimiento de las Organizaciones de la Sociedad Civil,2024-07-01 00:00:00
2023,311,52,Apoyo al Plan Nacional de Primera Infancia,0,Apoyo al Plan Nacional de Primera Infancia,0,Apoyo al Plan Nacional de Primera Infancia,2,Fortalecimiento de Espacios de Primera Infancia y de Intervenciones Domiciliarias (BID N° 4229/OC-AR) (NNA),0,Apoyo al Plan Nacional de Primera Infancia,2024-07-01 00:00:00
2023,311,52,Apoyo al Plan Nacional de Primera Infancia,0,Apoyo al Plan Nacional de Primera Infancia,0,Apoyo al Plan Nacional de Primera Infancia,3,Fortalecimiento de Espacios de Primera Infancia y de Intervenciones Domiciliarias (BID N° 5585/ OC-AR) FASE II,0,Apoyo al Plan Nacional de Primera Infancia,2024-07-01 00:00:00
2023,311,52,Apoyo al Plan Nacional de Primera Infancia,0,Apoyo al Plan Nacional de Primera Infancia,2,Remodelacion de Espacios de Primera Infancia (EPIS) - (BID N° 4229/OC-AR) (NNA),0,Remodelacion de Espacios de Primera Infancia (EPIS) - (BID N° 4229/OC-AR) (NNA),51,Remodelacion de Espacios de Primera Infancia (EPIS) - (BID N° 4229/OC-AR) (NNA),2024-07-01 00:00:00
2023,311,52,Apoyo al Plan Nacional de Primera Infancia,0,Apoyo al Plan Nacional de Primera Infancia,3,Construccion de Primera Infancia (EPIS) -  (BID N° 4229/OC-AR) (NNA),0,Construccion de Primera Infancia (EPIS) -  (BID N° 4229/OC-AR) (NNA),51,Construccion de Primera Infancia (EPIS) -  (BID N° 4229/OC-AR) (NNA),2024-07-01 00:00:00
2023,311,53,Integracion Socio Urbana,0,Integracion Socio Urbana,0,Integracion Socio Urbana,3,Acciones Vinculadas al Programa de Integracion Socio Urbana en Barrios Populares (BID N° 4804/OC-AR),0,Integracion Socio Urbana,2024-07-01 00:00:00
2023,311,53,Integracion Socio Urbana,0,Integracion Socio Urbana,0,Integracion Socio Urbana,41,Administracion y Conduccion,0,Integracion Socio Urbana,2024-07-01 00:00:00
2023,311,53,Integracion Socio Urbana,0,Integracion Socio Urbana,0,Integracion Socio Urbana,42,Abordaje Integral de Barrios Populares,0,Integracion Socio Urbana,2024-07-01 00:00:00
2023,311,54,Plan Nacional de Proteccion Social,0,Plan Nacional de Proteccion Social,0,Plan Nacional de Proteccion Social,1,Desarrollo Comunitario Integral,0,Plan Nacional de Proteccion Social,2024-07-01 00:00:00
2023,311,54,Plan Nacional de Proteccion Social,0,Plan Nacional de Proteccion Social,0,Plan Nacional de Proteccion Social,41,Apoyo a Hogares en Situacion de Vulnerabilidad Social,0,Plan Nacional de Proteccion Social,2024-07-01 00:00:00
2023,311,56,Acciones del Programa Nacional de Inclusion e Integracion de Jovenes - Potenciar Inclusion Joven,0,Acciones del Programa Nacional de Inclusion e Integracion de Jovenes - Potenciar Inclusion Joven,0,Acciones del Programa Nacional de Inclusion e Integracion de Jovenes - Potenciar Inclusion Joven,1,Potenciar Inclusion Joven,0,Acciones del Programa Nacional de Inclusion e Integracion de Jovenes - Potenciar Inclusion Joven,2024-07-01 00:00:00
2023,311,57,Acciones de Abordaje Integral Comunitaria,0,Acciones de Abordaje Integral Comunitaria,0,Acciones de Abordaje Integral Comunitaria,1,Dispositivos Territoriales Ferroviarios,0,Acciones de Abordaje Integral Comunitaria,2024-07-01 00:00:00
2023,311,57,Acciones de Abordaje Integral Comunitaria,0,Acciones de Abordaje Integral Comunitaria,0,Acciones de Abordaje Integral Comunitaria,2,Dispositivos Territoriales Moviles,0,Acciones de Abordaje Integral Comunitaria,2024-07-01 00:00:00
2023,311,57,Acciones de Abordaje Integral Comunitaria,0,Acciones de Abordaje Integral Comunitaria,0,Acciones de Abordaje Integral Comunitaria,3,Fortalecimiento de los Centros de Referencia como Unidades de Gestion Ciudadana,0,Acciones de Abordaje Integral Comunitaria,2024-07-01 00:00:00
2023,311,57,Acciones de Abordaje Integral Comunitaria,0,Acciones de Abordaje Integral Comunitaria,0,Acciones de Abordaje Integral Comunitaria,4,Refuncionalizacion y Equipamiento de unidades de Gestion Integral,0,Acciones de Abordaje Integral Comunitaria,2024-07-01 00:00:00
2023,311,57,Acciones de Abordaje Integral Comunitaria,0,Acciones de Abordaje Integral Comunitaria,0,Acciones de Abordaje Integral Comunitaria,6,Abordaje Comunitario “ABRAZAR ARGENTINA”,0,Acciones de Abordaje Integral Comunitaria,2024-07-01 00:00:00
2023,311,58,Programa de Integracion Social y Fortalecimiento de la Ciudadania hacia el Desarrollo Humano,0,Programa de Integracion Social y Fortalecimiento de la Ciudadania hacia el Desarrollo Humano,0,Programa de Integracion Social y Fortalecimiento de la Ciudadania hacia el Desarrollo Humano,1,Refuncionalizacion y Equipamiento en Centros Integrales Comunitarios (CIC),0,Programa de Integracion Social y Fortalecimiento de la Ciudadania hacia el Desarrollo Humano,2024-07-01 00:00:00
2023,311,58,Programa de Integracion Social y Fortalecimiento de la Ciudadania hacia el Desarrollo Humano,0,Programa de Integracion Social y Fortalecimiento de la Ciudadania hacia el Desarrollo Humano,0,Programa de Integracion Social y Fortalecimiento de la Ciudadania hacia el Desarrollo Humano,2,Fortalecimiento Comunitario para el Desarrollo Humano,0,Programa de Integracion Social y Fortalecimiento de la Ciudadania hacia el Desarrollo Humano,2024-07-01 00:00:00
2023,312,16,Formacion y Sancion de Leyes Nacionales,0,Formacion y Sancion de Leyes Nacionales,0,Formacion y Sancion de Leyes Nacionales,1,Formacion y Sancion de Leyes Nacionales,0,Formacion y Sancion de Leyes Nacionales,2024-07-01 00:00:00
2023,312,25,Control Parlamentario sobre el Funcionamiento del Sistema de Inteligencia,0,Control Parlamentario sobre el Funcionamiento del Sistema de Inteligencia,0,Control Parlamentario sobre el Funcionamiento del Sistema de Inteligencia,1,Control Parlamentario sobre el Funcionamiento del Sistema de Inteligencia,0,Control Parlamentario sobre el Funcionamiento del Sistema de Inteligencia,2024-07-01 00:00:00
2023,312,31,Control Parlamentario de Seguimiento de Tramite Legislativo,0,Control Parlamentario de Seguimiento de Tramite Legislativo,0,Control Parlamentario de Seguimiento de Tramite Legislativo,1,Control Parlamentario de Seguimiento de Tramite Legislativo,0,Control Parlamentario de Seguimiento de Tramite Legislativo,2024-07-01 00:00:00
2023,312,32,Control Parlamentario de los Fondos de la Seguridad Social,0,Control Parlamentario de los Fondos de la Seguridad Social,0,Control Parlamentario de los Fondos de la Seguridad Social,1,Control Parlamentario de los Fondos de la Seguridad Social,0,Control Parlamentario de los Fondos de la Seguridad Social,2024-07-01 00:00:00
2023,312,46,Seguimiento y Control de la Gestion de Contratacion y Pago de la Deuda Exterior de la Nacion,0,Seguimiento y Control de la Gestion de Contratacion y Pago de la Deuda Exterior de la Nacion,0,Seguimiento y Control de la Gestion de Contratacion y Pago de la Deuda Exterior de la Nacion,1,Seguimiento y Control de la Gestion de Contratacion y Pago de la Deuda Exterior de la Nacion,0,Seguimiento y Control de la Gestion de Contratacion y Pago de la Deuda Exterior de la Nacion,2024-07-01 00:00:00
2023,313,17,Formacion y Sancion Legislativa,0,Formacion y Sancion Legislativa,0,Formacion y Sancion Legislativa,1,Formacion y Sancion Legislativa,0,Formacion y Sancion Legislativa,2024-07-01 00:00:00
2023,313,17,Formacion y Sancion Legislativa,0,Formacion y Sancion Legislativa,0,Formacion y Sancion Legislativa,2,Circulo de Legisladores de la Nacion,0,Formacion y Sancion Legislativa,2024-07-01 00:00:00
2023,313,23,Revision de Cuentas Nacionales,0,Revision de Cuentas Nacionales,0,Revision de Cuentas Nacionales,1,Revision de Cuentas Nacionales,0,Revision de Cuentas Nacionales,2024-07-01 00:00:00
2023,313,41,"Control Parlamentario de los Derechos de las Niñas, Niños y Adolescentes (NNA)",0,"Control Parlamentario de los Derechos de las Niñas, Niños y Adolescentes (NNA)",0,"Control Parlamentario de los Derechos de las Niñas, Niños y Adolescentes (NNA)",1,"Control Parlamentario de los Derechos de las Niñas, Niños y Adolescentes (NNA)",0,"Control Parlamentario de los Derechos de las Niñas, Niños y Adolescentes (NNA)",2024-07-01 00:00:00
2023,313,48,Administracion del Edificio del Molino,0,Administracion del Edificio del Molino,2,"Puesta en Valor Integral Patio Andaluz, Patio Rivadavia y Patio Lavaderos, Museo de Sitio, Centro Cultural Confiteria Del Molino",0,"Puesta en Valor Integral Patio Andaluz, Patio Rivadavia y Patio Lavaderos, Museo de Sitio, Centro Cultural Confiteria Del Molino",51,"Puesta en Valor Integral Patio Andaluz, Patio Rivadavia y Patio Lavaderos, Museo de Sitio, Centro Cultural Confiteria Del Molino",2024-07-01 00:00:00
2023,313,48,Administracion del Edificio del Molino,0,Administracion del Edificio del Molino,5,"Instalacion de Sistema de Deteccion Temprana de Incendios, Sistema de Climatizacion y Ventilaciones Confiteria del  Molino",0,"Instalacion de Sistema de Deteccion Temprana de Incendios, Sistema de Climatizacion y Ventilaciones Confiteria del  Molino",51,"Instalacion de Sistema de Deteccion Temprana de Incendios, Sistema de Climatizacion y Ventilaciones Confiteria del  Molino",2024-07-01 00:00:00
2023,314,18,Asistencia Bibliografica,0,Asistencia Bibliografica,0,Asistencia Bibliografica,1,Asistencia Bibliografica,0,Asistencia Bibliografica,2024-07-01 00:00:00
2023,315,19,Impresiones y Publicaciones Parlamentarias,0,Impresiones y Publicaciones Parlamentarias,0,Impresiones y Publicaciones Parlamentarias,1,Impresiones y Publicaciones Parlamentarias,0,Impresiones y Publicaciones Parlamentarias,2024-07-01 00:00:00
2023,316,20,Asistencia Social Integral al Personal del Congreso de la Nacion,0,Asistencia Social Integral al Personal del Congreso de la Nacion,0,Asistencia Social Integral al Personal del Congreso de la Nacion,1,Asistencia Social Integral al Personal del Congreso de la Nacion,0,Asistencia Social Integral al Personal del Congreso de la Nacion,2024-07-01 00:00:00
2023,316,20,Asistencia Social Integral al Personal del Congreso de la Nacion,0,Asistencia Social Integral al Personal del Congreso de la Nacion,3,"Reacondicionamiento de Centro de Computos (Alsina 1825, CABA)",0,"Reacondicionamiento de Centro de Computos (Alsina 1825, CABA)",51,"Reacondicionamiento de Centro de Computos (Alsina 1825, CABA)",2024-07-01 00:00:00
2023,317,1,Actividades Centrales,0,Actividades Centrales,0,Actividades Centrales,1,Conduccion y Coordinacion,0,Actividades Centrales,2024-07-01 00:00:00
2023,317,60,Politica Ambiental en Recursos Naturales,0,Politica Ambiental en Recursos Naturales,0,Politica Ambiental en Recursos Naturales,1,Conduccion de la Politica Ambiental en Recursos Naturales,0,Politica Ambiental en Recursos Naturales,2024-07-01 00:00:00
2023,317,60,Politica Ambiental en Recursos Naturales,2,Ordenamiento Ambiental del Territorio,0,Ordenamiento Ambiental del Territorio,1,Conduccion del Ordenamiento Ambiental del Territorio,0,Ordenamiento Ambiental del Territorio,2024-07-01 00:00:00
2023,317,60,Politica Ambiental en Recursos Naturales,2,Ordenamiento Ambiental del Territorio,0,Ordenamiento Ambiental del Territorio,28,Incorporacion de la Conservacion de la Biodiversidad y el Manejo Sostenible de las Tierras en la Planificacion del Desarrollo (P,0,Ordenamiento Ambiental del Territorio,2024-07-01 00:00:00
2023,317,60,Politica Ambiental en Recursos Naturales,2,Ordenamiento Ambiental del Territorio,0,Ordenamiento Ambiental del Territorio,50,Fortalecimiento de las Capacidades para Mejorar el Monitoreo y la Presentacion de Informes de la CNULD (GEF 10960),0,Ordenamiento Ambiental del Territorio,2024-07-01 00:00:00
2023,317,60,Politica Ambiental en Recursos Naturales,3,Gestion Ambiental del Agua y los Ecosistemas Acuaticos,0,Gestion Ambiental del Agua y los Ecosistemas Acuaticos,1,Conduccion de la Gestion Ambiental del Agua y los Ecosistemas Acuaticos,0,Gestion Ambiental del Agua y los Ecosistemas Acuaticos,2024-07-01 00:00:00
2023,317,60,Politica Ambiental en Recursos Naturales,3,Gestion Ambiental del Agua y los Ecosistemas Acuaticos,0,Gestion Ambiental del Agua y los Ecosistemas Acuaticos,3,Inventario de Humedales,0,Gestion Ambiental del Agua y los Ecosistemas Acuaticos,2024-07-01 00:00:00
2023,317,60,Politica Ambiental en Recursos Naturales,3,Gestion Ambiental del Agua y los Ecosistemas Acuaticos,0,Gestion Ambiental del Agua y los Ecosistemas Acuaticos,43,Fort.de Gestion y la Prot. de Biodibersidad Marino Cost. e Implem. del Enfoque Ecosist en Pesqueri (GEF 5112-BD-GCP/ARG/025/GFF),0,Gestion Ambiental del Agua y los Ecosistemas Acuaticos,2024-07-01 00:00:00
2023,317,60,Politica Ambiental en Recursos Naturales,4,Conservacion de la Biodiversidad,0,Conservacion de la Biodiversidad,1,Conduccion de la Conservacion de la Biodiversidad,0,Conservacion de la Biodiversidad,2024-07-01 00:00:00
2023,317,60,Politica Ambiental en Recursos Naturales,4,Conservacion de la Biodiversidad,0,Conservacion de la Biodiversidad,3,Acciones de Uso Sostenible de la Biodiversidad,0,Conservacion de la Biodiversidad,2024-07-01 00:00:00
2023,317,60,Politica Ambiental en Recursos Naturales,4,Conservacion de la Biodiversidad,0,Conservacion de la Biodiversidad,23,Conservacion en Politicas Publicas Sectoriales e Intersectoriales y en Programas para Salvaguardar la Vida Silvestre Amenazada (,0,Conservacion de la Biodiversidad,2024-07-01 00:00:00
2023,317,60,Politica Ambiental en Recursos Naturales,5,Proteccion Ambiental de los Bosques Nativos,0,Proteccion Ambiental de los Bosques Nativos,1,Conduccion de la Proteccion Ambiental de los Bosques Nativos,0,Proteccion Ambiental de los Bosques Nativos,2024-07-01 00:00:00
2023,317,60,Politica Ambiental en Recursos Naturales,5,Proteccion Ambiental de los Bosques Nativos,0,Proteccion Ambiental de los Bosques Nativos,17,Apoyo para la Lucha contra la Deforestacion y el Manejo Sostenible de los Bosques Nativos en Cumplimiento de los Pagos por Resul,0,Proteccion Ambiental de los Bosques Nativos,2024-07-01 00:00:00
2023,317,61,Promocion y Gestion del Cambio Climatico y el Desarrollo Sostenible,0,Promocion y Gestion del Cambio Climatico y el Desarrollo Sostenible,0,Promocion y Gestion del Cambio Climatico y el Desarrollo Sostenible,1,Gestion del Desarrollo Sustentable y el Cambio Climatico,0,Promocion y Gestion del Cambio Climatico y el Desarrollo Sostenible,2024-07-01 00:00:00
2023,317,61,Promocion y Gestion del Cambio Climatico y el Desarrollo Sostenible,0,Promocion y Gestion del Cambio Climatico y el Desarrollo Sostenible,0,Promocion y Gestion del Cambio Climatico y el Desarrollo Sostenible,4,"Proteccion Capa de Ozono, Fortalecimiento Institucional l (PNUD ARG 14/G61)",0,Promocion y Gestion del Cambio Climatico y el Desarrollo Sostenible,2024-07-01 00:00:00
2023,317,61,Promocion y Gestion del Cambio Climatico y el Desarrollo Sostenible,0,Promocion y Gestion del Cambio Climatico y el Desarrollo Sostenible,0,Promocion y Gestion del Cambio Climatico y el Desarrollo Sostenible,13,Fortalecimiento de Capacidades para la Transparencia Climatica Argentina (CBIT – GEF 9955),0,Promocion y Gestion del Cambio Climatico y el Desarrollo Sostenible,2024-07-01 00:00:00
2023,317,61,Promocion y Gestion del Cambio Climatico y el Desarrollo Sostenible,0,Promocion y Gestion del Cambio Climatico y el Desarrollo Sostenible,0,Promocion y Gestion del Cambio Climatico y el Desarrollo Sostenible,41,Estandarizacion e Implementacion de la Evaluacion de Impacto Ambiental (EIA) y la Evaluacion Ambiental Estrtategica (EAE),0,Promocion y Gestion del Cambio Climatico y el Desarrollo Sostenible,2024-07-01 00:00:00
2023,317,61,Promocion y Gestion del Cambio Climatico y el Desarrollo Sostenible,0,Promocion y Gestion del Cambio Climatico y el Desarrollo Sostenible,0,Promocion y Gestion del Cambio Climatico y el Desarrollo Sostenible,46,Diseño e Implementacion de una Plataforma Multimdia sobre Mitigacion y Adaptacion al Cambio Climatico,0,Promocion y Gestion del Cambio Climatico y el Desarrollo Sostenible,2024-07-01 00:00:00
2023,317,61,Promocion y Gestion del Cambio Climatico y el Desarrollo Sostenible,0,Promocion y Gestion del Cambio Climatico y el Desarrollo Sostenible,0,Promocion y Gestion del Cambio Climatico y el Desarrollo Sostenible,47,Diseño e Implementacion de un Sistema Nacional de Inventarios de GEI y de Monitoreo de Medidas de Mitigacion al CC,0,Promocion y Gestion del Cambio Climatico y el Desarrollo Sostenible,2024-07-01 00:00:00
2023,317,61,Promocion y Gestion del Cambio Climatico y el Desarrollo Sostenible,0,Promocion y Gestion del Cambio Climatico y el Desarrollo Sostenible,0,Promocion y Gestion del Cambio Climatico y el Desarrollo Sostenible,53,Apoyo a la Implementacion de Contribuciones Nacionales (PNUD ARG 19/007),0,Promocion y Gestion del Cambio Climatico y el Desarrollo Sostenible,2024-07-01 00:00:00
2023,317,61,Promocion y Gestion del Cambio Climatico y el Desarrollo Sostenible,0,Promocion y Gestion del Cambio Climatico y el Desarrollo Sostenible,0,Promocion y Gestion del Cambio Climatico y el Desarrollo Sostenible,58,Apoyo a la Preparacion del Cuarto Informe Bienal de Actualizacion de la  Republica Argentina -IBA- (PNUD  ARG 21/G26),0,Promocion y Gestion del Cambio Climatico y el Desarrollo Sostenible,2024-07-01 00:00:00
2023,317,62,Coordinacion Interjurisdiccional e Interinstitucional,0,Coordinacion Interjurisdiccional e Interinstitucional,0,Coordinacion Interjurisdiccional e Interinstitucional,1,Conduccion de la Coordinacion Interjurisdiccional e Interinstitucional,0,Coordinacion Interjurisdiccional e Interinstitucional,2024-07-01 00:00:00
2023,317,62,Coordinacion Interjurisdiccional e Interinstitucional,0,Coordinacion Interjurisdiccional e Interinstitucional,0,Coordinacion Interjurisdiccional e Interinstitucional,2,Desarrollo de Politicas Sociales y Territoriales,0,Coordinacion Interjurisdiccional e Interinstitucional,2024-07-01 00:00:00
2023,317,62,Coordinacion Interjurisdiccional e Interinstitucional,0,Coordinacion Interjurisdiccional e Interinstitucional,0,Coordinacion Interjurisdiccional e Interinstitucional,3,Gestion Administrativa y Presupuestaria del Consejo Federal del Medio Ambiente,0,Coordinacion Interjurisdiccional e Interinstitucional,2024-07-01 00:00:00
2023,317,63,Control Ambiental,0,Control Ambiental,0,Control Ambiental,1,Conduccion del Control y el Monitoreo Ambiental,0,Control Ambiental,2024-07-01 00:00:00
2023,317,63,Control Ambiental,0,Control Ambiental,0,Control Ambiental,10,Gestion Integral de Residuos Solidos Urbanos - (BID N°3249/OC-AR ),0,Control Ambiental,2024-07-01 00:00:00
2023,317,63,Control Ambiental,0,Control Ambiental,0,Control Ambiental,16,"Gestion Ambientalmente Racional de COPs, Mercurio y otras Sustancias Quimicas Peligrosas en Argentina (PNUD ARG 20/G27)",0,Control Ambiental,2024-07-01 00:00:00
2023,317,63,Control Ambiental,0,Control Ambiental,0,Control Ambiental,29,Fomento a la Gestion Integral de Residuos Solidos Urbanos II (BID N° 5567/OC-AR),0,Control Ambiental,2024-07-01 00:00:00
2023,317,63,Control Ambiental,0,Control Ambiental,0,Control Ambiental,41,"Control, Fiscalizacion Ambiental y Prevencion de la Contaminacion",0,Control Ambiental,2024-07-01 00:00:00
2023,317,63,Control Ambiental,0,Control Ambiental,0,Control Ambiental,42,Control de Emisiones Vehiculares para la Homologacion,0,Control Ambiental,2024-07-01 00:00:00
2023,317,63,Control Ambiental,0,Control Ambiental,0,Control Ambiental,46,Servicio Nacional de Manejo del Fuego,0,Control Ambiental,2024-07-01 00:00:00
2023,317,63,Control Ambiental,0,Control Ambiental,0,Control Ambiental,47,"Cooperacion Institucional, Tecnica y Cientifica para la Contribucion de Politicas Publicas Ambientales (Fondo Ambiental Portugal",0,Control Ambiental,2024-07-01 00:00:00
2023,317,63,Control Ambiental,0,Control Ambiental,0,Control Ambiental,50,Fortalecimiento de Centros de Rescate y Rehabilitacion de Fauna Silvestre,0,Control Ambiental,2024-07-01 00:00:00
2023,317,63,Control Ambiental,0,Control Ambiental,0,Control Ambiental,52,Apoyo a Gobiernos Locales en la Normativa de Mejora en la Gestion de Residuos para Reduccion de GEI  (PNUMA - 1-b/c 01554),0,Control Ambiental,2024-07-01 00:00:00
2023,317,63,Control Ambiental,0,Control Ambiental,0,Control Ambiental,60,Fortalecimiento de las Capacidades Nacionales para el Manejo Ambiental de los Contaminantes Emergentes y otras Sustancias Peligr,0,Control Ambiental,2024-07-01 00:00:00
2023,317,63,Control Ambiental,0,Control Ambiental,0,Control Ambiental,61,Fortalecimiento del Manejo Ambientalmente Racional de los Residuos Plasticos en Argentina bajo el Convenio de Basilea (PNUMA),0,Control Ambiental,2024-07-01 00:00:00
2023,317,63,Control Ambiental,0,Control Ambiental,0,Control Ambiental,63,Apoyo a la Emergencia Debida a Incendios Forestales en el Norte de Argentina (BID - ATN/OC-19217-AR),0,Control Ambiental,2024-07-01 00:00:00
2023,317,63,Control Ambiental,0,Control Ambiental,1,Construccion e Instalacion de Biodigestores en Mercados Concentradores de Distintas Municipalidades del Pais -,0,Construccion e Instalacion de Biodigestores en Mercados Concentradores de Distintas Municipalidades del Pais -,51,Construccion e Instalacion de Biodigestores en Mercados Concentradores de Distintas Municipalidades del Pais -,2024-07-01 00:00:00
2023,317,63,Control Ambiental,0,Control Ambiental,31,Construccion de un Relleno Sanitario y una Planta de Recuperacion de Materiales en la Ciudad de Concordia (BID Nº 3249/OC-AR),0,Construccion de un Relleno Sanitario y una Planta de Recuperacion de Materiales en la Ciudad de Concordia (BID Nº 3249/OC-AR),51,Construccion de un Relleno Sanitario y una Planta de Recuperacion de Materiales en la Ciudad de Concordia (BID Nº 3249/OC-AR),2024-07-01 00:00:00
2023,317,63,Control Ambiental,0,Control Ambiental,33,Construccion de un Relleno Sanitario y una Planta de Recuperacion de Materiales en el Area Metropolitana de Formosa (BID N°3249),0,Construccion de un Relleno Sanitario y una Planta de Recuperacion de Materiales en el Area Metropolitana de Formosa (BID N°3249),51,Construccion de un Relleno Sanitario y una Planta de Recuperacion de Materiales en el Area Metropolitana de Formosa (BID N°3249),2024-07-01 00:00:00
2023,317,63,Control Ambiental,0,Control Ambiental,55,"Construccion de Plantas de Transferencia y Equipamiento para Relleno Sanitario en la Region de Tupungato, Mendoza (BID N°3249)",0,"Construccion de Plantas de Transferencia y Equipamiento para Relleno Sanitario en la Region de Tupungato, Mendoza (BID N°3249)",51,"Construccion de Plantas de Transferencia y Equipamiento para Relleno Sanitario en la Region de Tupungato, Mendoza (BID N°3249)",2024-07-01 00:00:00
2023,317,63,Control Ambiental,0,Control Ambiental,62,Construccion Centro Integral de Residuos Solidos en Lujan (BID N° 3249),0,Construccion Centro Integral de Residuos Solidos en Lujan (BID N° 3249),51,Construccion Centro Integral de Residuos Solidos en Lujan (BID N° 3249),2024-07-01 00:00:00
2023,317,63,Control Ambiental,0,Control Ambiental,63,Construccion Centro Integral de Residuos Solidos en Chascomus (BID N° 3249),0,Construccion Centro Integral de Residuos Solidos en Chascomus (BID N° 3249),51,Construccion Centro Integral de Residuos Solidos en Chascomus (BID N° 3249),2024-07-01 00:00:00
2023,317,63,Control Ambiental,0,Control Ambiental,67,"Contruccion Centro Integral RSU: Cordoba, Consorcio Pequeños Municipios: Consorcio 1 (BID N° 3249)",0,"Contruccion Centro Integral RSU: Cordoba, Consorcio Pequeños Municipios: Consorcio 1 (BID N° 3249)",51,"Contruccion Centro Integral RSU: Cordoba, Consorcio Pequeños Municipios: Consorcio 1 (BID N° 3249)",2024-07-01 00:00:00
2023,317,66,Desarrollo Sostenible,0,Desarrollo Sostenible,0,Desarrollo Sostenible,42,Desarrollo e Implementacion de Programas de Produccion y  Consumo Sostenible,0,Desarrollo Sostenible,2024-07-01 00:00:00
2023,317,66,Desarrollo Sostenible,0,Desarrollo Sostenible,0,Desarrollo Sostenible,43,Promocion de Ciudades Sostenibles,0,Desarrollo Sostenible,2024-07-01 00:00:00
2023,317,66,Desarrollo Sostenible,0,Desarrollo Sostenible,0,Desarrollo Sostenible,44,Proyecto Eficiencia Energetica y Energias Renovables en la Vivienda Social Argentina (GEF ARG 1002 BID AR 15083),0,Desarrollo Sostenible,2024-07-01 00:00:00
2023,317,66,Desarrollo Sostenible,0,Desarrollo Sostenible,0,Desarrollo Sostenible,45,Proyecto Inversiones Integradas Bajas en Carbono y Conservacion en Ciudades Argentinas (PNUMA-GEF 7),0,Desarrollo Sostenible,2024-07-01 00:00:00
2023,319,21,Defensa de los Derechos de los Ciudadanos,0,Defensa de los Derechos de los Ciudadanos,0,Defensa de los Derechos de los Ciudadanos,1,Defensa de los Derechos de los Ciudadanos,0,Defensa de los Derechos de los Ciudadanos,2024-07-01 00:00:00
2023,320,1,Actividades Centrales,0,Actividades Centrales,0,Actividades Centrales,1,Gestion Financiera,0,Actividades Centrales,2024-07-01 00:00:00
2023,320,1,Actividades Centrales,0,Actividades Centrales,0,Actividades Centrales,2,Servicio de Apoyo Tecnologico y Estadistico,0,Actividades Centrales,2024-07-01 00:00:00
2023,320,1,Actividades Centrales,0,Actividades Centrales,0,Actividades Centrales,3,Servicio de Infraestructura Judicial,0,Actividades Centrales,2024-07-01 00:00:00
2023,320,1,Actividades Centrales,0,Actividades Centrales,0,Actividades Centrales,4,Gestion del Consejo de la Magistratura,0,Actividades Centrales,2024-07-01 00:00:00
2023,320,1,Actividades Centrales,0,Actividades Centrales,0,Actividades Centrales,5,Jurado de Enjuiciamiento,0,Actividades Centrales,2024-07-01 00:00:00
2023,320,1,Actividades Centrales,0,Actividades Centrales,0,Actividades Centrales,6,Administracion de Recursos Humanos,0,Actividades Centrales,2024-07-01 00:00:00
2023,320,1,Actividades Centrales,0,Actividades Centrales,12,Adecuacion y Mantenimiento integral de 7 Ascensores Edificio Marcelo T de Alvear 1840 CABA,0,Adecuacion y Mantenimiento integral de 7 Ascensores Edificio Marcelo T de Alvear 1840 CABA,51,Adecuacion y Mantenimiento integral de 7 Ascensores Edificio Marcelo T de Alvear 1840 CABA,2024-07-01 00:00:00
2023,320,22,Justicia de Casacion,1,Fuero Penal,0,Fuero Penal,1,Fuero Penal,0,Fuero Penal,2024-07-01 00:00:00
2023,320,22,Justicia de Casacion,2,Fuero Criminal y Correccional,0,Fuero Criminal y Correccional,1,Fuero Criminal y Correccional,0,Fuero Criminal y Correccional,2024-07-01 00:00:00
2023,320,22,Justicia de Casacion,6,Control y Asistencia de Ejecucion Penal,0,Control y Asistencia de Ejecucion Penal,1,Control y Asistencia de Ejecucion Penal,0,Control y Asistencia de Ejecucion Penal,2024-07-01 00:00:00
2023,320,23,Justicia Ordinaria de la Ciudad Autonoma de Buenos Aires,1,Fuero Criminal y Correccional,0,Fuero Criminal y Correccional,1,Fuero Criminal y Correccional,0,Fuero Criminal y Correccional,2024-07-01 00:00:00
2023,320,23,Justicia Ordinaria de la Ciudad Autonoma de Buenos Aires,2,Fuero Civil,0,Fuero Civil,1,Fuero Civil,0,Fuero Civil,2024-07-01 00:00:00
2023,320,23,Justicia Ordinaria de la Ciudad Autonoma de Buenos Aires,3,Fuero Comercial,0,Fuero Comercial,1,Fuero Comercial,0,Fuero Comercial,2024-07-01 00:00:00
2023,320,23,Justicia Ordinaria de la Ciudad Autonoma de Buenos Aires,3,Fuero Comercial,15,Cambio de Tablero General de Baja Tension y Reemplazo de Montantes. - Juzgados Nacionales Comerciales -Av. Callao Nº 635. CABA,0,Cambio de Tablero General de Baja Tension y Reemplazo de Montantes. - Juzgados Nacionales Comerciales -Av. Callao Nº 635. CABA,51,Cambio de Tablero General de Baja Tension y Reemplazo de Montantes. - Juzgados Nacionales Comerciales -Av. Callao Nº 635. CABA,2024-07-01 00:00:00
2023,320,23,Justicia Ordinaria de la Ciudad Autonoma de Buenos Aires,4,Fuero del Trabajo,0,Fuero del Trabajo,1,Fuero del Trabajo,0,Fuero del Trabajo,2024-07-01 00:00:00
2023,320,23,Justicia Ordinaria de la Ciudad Autonoma de Buenos Aires,6,Justicia Penal Oral Ordinaria,0,Justicia Penal Oral Ordinaria,1,Justicia Penal Oral Ordinaria,0,Justicia Penal Oral Ordinaria,2024-07-01 00:00:00
2023,320,24,Justicia Federal,1,Fuero Criminal y Correccional Federal,0,Fuero Criminal y Correccional Federal,1,Fuero Criminal y Correccional Federal,0,Fuero Criminal y Correccional Federal,2024-07-01 00:00:00
2023,320,24,Justicia Federal,2,Fuero Civil y Comercial Federal,0,Fuero Civil y Comercial Federal,1,Fuero Civil y Comercial Federal,0,Fuero Civil y Comercial Federal,2024-07-01 00:00:00
2023,320,24,Justicia Federal,3,Fuero Contencioso Administrativo Federal,0,Fuero Contencioso Administrativo Federal,1,Fuero Contencioso Administrativo Federal,0,Fuero Contencioso Administrativo Federal,2024-07-01 00:00:00
2023,320,24,Justicia Federal,4,Fuero Federal de la Seguridad Social,0,Fuero Federal de la Seguridad Social,1,Fuero Federal de la Seguridad Social,0,Fuero Federal de la Seguridad Social,2024-07-01 00:00:00
2023,320,24,Justicia Federal,4,Fuero Federal de la Seguridad Social,18,Adecuacion y de Ascensores Fuero Federal de la Seguridad Social Lavalle 1268,0,Adecuacion y de Ascensores Fuero Federal de la Seguridad Social Lavalle 1268,51,Adecuacion y de Ascensores Fuero Federal de la Seguridad Social Lavalle 1268,2024-07-01 00:00:00
2023,320,24,Justicia Federal,5,Fuero Electoral,0,Fuero Electoral,1,Fuero Electoral,0,Fuero Electoral,2024-07-01 00:00:00
2023,320,24,Justicia Federal,5,Fuero Electoral,1,Adecuacion y Mantenimiento de Ascensores - Camara Nacional Electoral - 25 de Mayo 245,0,Adecuacion y Mantenimiento de Ascensores - Camara Nacional Electoral - 25 de Mayo 245,51,"Adecuacion y Mantenimiento de Ascensores - Camara Nacional Electoral - 25 de Mayo 245, CABA",2024-07-01 00:00:00
2023,320,24,Justicia Federal,6,Justicia Penal Oral Federal de la Ciudad Autonoma de Buenos Aires,0,Justicia Penal Oral Federal de la Ciudad Autonoma de Buenos Aires,1,Justicia Penal Oral Federal de la Ciudad Autonoma de Buenos Aires,0,Justicia Penal Oral Federal de la Ciudad Autonoma de Buenos Aires,2024-07-01 00:00:00
2023,320,24,Justicia Federal,7,Area Camara de la Plata,0,Area Camara de la Plata,1,Area Camara de la Plata,0,Area Camara de la Plata,2024-07-01 00:00:00
2023,320,24,Justicia Federal,8,Area Camara Mar del Plata,0,Area Camara Mar del Plata,1,Area Camara Mar del Plata,0,Area Camara Mar del Plata,2024-07-01 00:00:00
2023,320,24,Justicia Federal,9,Area Camara Bahia Blanca,0,Area Camara Bahia Blanca,1,Area Camara Bahia Blanca,0,Area Camara Bahia Blanca,2024-07-01 00:00:00
2023,320,24,Justicia Federal,10,Area Camara Mendoza,0,Area Camara Mendoza,1,Area Camara Mendoza,0,Area Camara Mendoza,2024-07-01 00:00:00
2023,320,24,Justicia Federal,11,Area Camara Rosario,0,Area Camara Rosario,1,Area Camara Rosario,0,Area Camara Rosario,2024-07-01 00:00:00
2023,320,24,Justicia Federal,12,Area Camara General Roca,0,Area Camara General Roca,1,Area Camara General Roca,0,Area Camara General Roca,2024-07-01 00:00:00
2023,320,24,Justicia Federal,13,Area Camara Parana,0,Area Camara Parana,1,Area Camara Parana,0,Area Camara Parana,2024-07-01 00:00:00
2023,320,24,Justicia Federal,14,Area Camara Posadas,0,Area Camara Posadas,1,Area Camara Posadas,0,Area Camara Posadas,2024-07-01 00:00:00
2023,320,24,Justicia Federal,15,Area Camara Resistencia,0,Area Camara Resistencia,1,Area Camara Resistencia,0,Area Camara Resistencia,2024-07-01 00:00:00
2023,320,24,Justicia Federal,15,Area Camara Resistencia,4,"Construccion de Nuevo Edificio para la Centralizacion de la Justicia Federal, Etapa 2. - CF y JF N° 1 Resistencia - Hipolito Yri",0,"Construccion de Nuevo Edificio para la Centralizacion de la Justicia Federal, Etapa 2. - CF y JF N° 1 Resistencia - Hipolito Yri",51,"Construccion de Nuevo Edificio para la Centralizacion de la Justicia Federal, Etapa 2. - CF y JF N° 1 Resistencia - Hipolito Yri",2024-07-01 00:00:00
2023,320,24,Justicia Federal,16,Area Camara de Cordoba,0,Area Camara de Cordoba,1,Area Camara de Cordoba,0,Area Camara de Cordoba,2024-07-01 00:00:00
2023,320,24,Justicia Federal,17,Area Camara San Martin,0,Area Camara San Martin,1,Area Camara San Martin,0,Area Camara San Martin,2024-07-01 00:00:00
2023,320,24,Justicia Federal,17,Area Camara San Martin,5,Remodelacion de edificio. Etapa 2 - JF 3 de Febrero - Urquiza Nº 4968. 3 de Febrero. Buenos Aires,0,Remodelacion de edificio. Etapa 2 - JF 3 de Febrero - Urquiza Nº 4968. 3 de Febrero. Buenos Aires,51,Remodelacion de edificio. Etapa 2 - JF 3 de Febrero - Urquiza Nº 4968. 3 de Febrero. Buenos Aires,2024-07-01 00:00:00
2023,320,24,Justicia Federal,17,Area Camara San Martin,9,"Adecuaciones de Instalacion Termomecanica, Bombas Elevadoras de Agua Potable y Porton de Acceso Vehicular.",0,"Adecuaciones de Instalacion Termomecanica, Bombas Elevadoras de Agua Potable y Porton de Acceso Vehicular.",51,"Adecuaciones de Instalacion Termomecanica, Bombas Elevadoras de Agua Potable y Porton de Acceso Vehicular.",2024-07-01 00:00:00
2023,320,24,Justicia Federal,18,Area Camara Tucuman,0,Area Camara Tucuman,1,Area Camara Tucuman,0,Area Camara Tucuman,2024-07-01 00:00:00
2023,320,24,Justicia Federal,19,Area Camara Salta,0,Area Camara Salta,1,Area Camara Salta,0,Area Camara Salta,2024-07-01 00:00:00
2023,320,24,Justicia Federal,19,Area Camara Salta,8,"Refuncionalizacion y Ampliacion para Implementar Oralidad Juzgado Federal N1, Provincia de Jujuy",0,"Refuncionalizacion y Ampliacion para Implementar Oralidad Juzgado Federal N1, Provincia de Jujuy",51,"Refuncionalizacion y Ampliacion para Implementar Oralidad Juzgado Federal N1, Provincia de Jujuy",2024-07-01 00:00:00
2023,320,24,Justicia Federal,20,Area Camara Comodoro Rivadavia,0,Area Camara Comodoro Rivadavia,1,Area Camara Comodoro Rivadavia,0,Area Camara Comodoro Rivadavia,2024-07-01 00:00:00
2023,320,24,Justicia Federal,20,Area Camara Comodoro Rivadavia,8,"Redecuacion de ex Viviendas de Funcionarios para Instalacion del Tribunal Oral de Ushuaia, Malvinas Argentinas 160, Ushuaia, Tie",0,"Redecuacion de ex Viviendas de Funcionarios para Instalacion del Tribunal Oral de Ushuaia, Malvinas Argentinas 160, Ushuaia, Tie",51,"Readecuacion de ex Viviendas de Funcionarios para Instalacion del Tribunal Oral de Ushuaia, Malvinas Argentinas 160, Ushuaia, Ti",2024-07-01 00:00:00
2023,320,24,Justicia Federal,21,Area Camara de Corrientes,0,Area Camara de Corrientes,1,Area Camara de Corrientes,0,Area Camara de Corrientes,2024-07-01 00:00:00
2023,320,24,Justicia Federal,22,Fuero Penal Economico,0,Fuero Penal Economico,1,Fuero Penal Economico,0,Fuero Penal Economico,2024-07-01 00:00:00
2023,320,26,Atencion de Pasividades,0,Atencion de Pasividades,0,Atencion de Pasividades,1,Atencion de Pasividades,0,Atencion de Pasividades,2024-07-01 00:00:00
2023,321,2,Actividades Comunes del INDEC,0,Actividades Comunes del INDEC,0,Actividades Comunes del INDEC,1,Administracion Central,0,Actividades Comunes del INDEC,2024-07-01 00:00:00
2023,321,2,Actividades Comunes del INDEC,0,Actividades Comunes del INDEC,0,Actividades Comunes del INDEC,2,Estructura Tecnica,0,Actividades Comunes del INDEC,2024-07-01 00:00:00
2023,321,2,Actividades Comunes del INDEC,0,Actividades Comunes del INDEC,0,Actividades Comunes del INDEC,3,Estructura Regional,0,Actividades Comunes del INDEC,2024-07-01 00:00:00
2023,321,2,Actividades Comunes del INDEC,0,Actividades Comunes del INDEC,0,Actividades Comunes del INDEC,4,Estructura Informatica,0,Actividades Comunes del INDEC,2024-07-01 00:00:00
2023,321,19,Servicio Estadistico,0,Servicio Estadistico,0,Servicio Estadistico,5,Operativos Estadisticos Continuos,0,Servicio Estadistico,2024-07-01 00:00:00
2023,321,19,Servicio Estadistico,0,Servicio Estadistico,0,Servicio Estadistico,6,Operativos Estadisticos Especificos,0,Servicio Estadistico,2024-07-01 00:00:00
2023,321,19,Servicio Estadistico,0,Servicio Estadistico,0,Servicio Estadistico,8,Fortalecimiento Institucional 2017-2021 (BID N° 4243-OC/AR),0,Servicio Estadistico,2024-07-01 00:00:00
2023,321,19,Servicio Estadistico,0,Servicio Estadistico,0,Servicio Estadistico,40,Indice de Precios al Consumidor Cobertura Nacional,0,Servicio Estadistico,2024-07-01 00:00:00
2023,321,19,Servicio Estadistico,0,Servicio Estadistico,0,Servicio Estadistico,41,Encuesta de Gastos de los Hogares,0,Servicio Estadistico,2024-07-01 00:00:00
2023,321,19,Servicio Estadistico,0,Servicio Estadistico,0,Servicio Estadistico,42,Encuesta Permanente de Hogares e Indicadores Cualitativos de Pobreza,0,Servicio Estadistico,2024-07-01 00:00:00
2023,321,41,Acciones Censales,0,Acciones Censales,0,Acciones Censales,2,Acciones del Censo Agropecuario,0,Acciones Censales,2024-07-01 00:00:00
2023,321,41,Acciones Censales,0,Acciones Censales,0,Acciones Censales,3,Acciones del Censo Nacional de Poblacion y Viviendas,0,Acciones Censales,2024-07-01 00:00:00
2023,322,1,Actividades Centrales,0,Actividades Centrales,0,Actividades Centrales,1,Conduccion Superior,0,Actividades Centrales,2024-07-01 00:00:00
2023,322,4,Actividad Comun a Programas 26 y 27 Deportes,0,Actividad Comun a Programas 26 y 27 Deportes,0,Actividad Comun a Programas 26 y 27 Deportes,1,Actividad Comun a Programas 26 y 27 Deportes,0,Actividad Comun a Programas 26 y 27 Deportes,2024-07-01 00:00:00
2023,322,16,Promocion Turistica,0,Promocion Turistica,0,Promocion Turistica,1,Promocion Turistica Nacional,0,Promocion Turistica,2024-07-01 00:00:00
2023,322,16,Promocion Turistica,0,Promocion Turistica,0,Promocion Turistica,5,Conduccion Ejecutiva,0,Promocion Turistica,2024-07-01 00:00:00
2023,322,16,Promocion Turistica,0,Promocion Turistica,0,Promocion Turistica,7,Marca Pais,0,Promocion Turistica,2024-07-01 00:00:00
2023,322,16,Promocion Turistica,0,Promocion Turistica,0,Promocion Turistica,8,Turismo Federal y Sostenible (PROMOVER),0,Promocion Turistica,2024-07-01 00:00:00
2023,322,16,Promocion Turistica,0,Promocion Turistica,0,Promocion Turistica,9,Fiestas Nacionales y Eventos,0,Promocion Turistica,2024-07-01 00:00:00
2023,322,17,Desarrollo del Turismo Nacional,0,Desarrollo del Turismo Nacional,0,Desarrollo del Turismo Nacional,5,Conduccion Ejecutiva,0,Desarrollo del Turismo Nacional,2024-07-01 00:00:00
2023,322,17,Desarrollo del Turismo Nacional,0,Desarrollo del Turismo Nacional,0,Desarrollo del Turismo Nacional,8,Inversiones en Infraestrucura Turistica,0,Desarrollo del Turismo Nacional,2024-07-01 00:00:00
2023,322,17,Desarrollo del Turismo Nacional,0,Desarrollo del Turismo Nacional,0,Desarrollo del Turismo Nacional,9,Agencias de Viaje,0,Desarrollo del Turismo Nacional,2024-07-01 00:00:00
2023,322,18,Plan Federal de Turismo Social,0,Plan Federal de Turismo Social,0,Plan Federal de Turismo Social,41,Administracion de Unidades Turisticas,0,Plan Federal de Turismo Social,2024-07-01 00:00:00
2023,322,22,Inversiones con Financiamiento Internacional,2,Desarrollo Turistico en Nuevos Corredores ( BID Nº 2606-0/OC),0,Desarrollo Turistico en Nuevos Corredores ( BID Nº 2606-0/OC),1,Gestion y Coordinacion del Desarrollo Turistico en Nuevos Corredores ( BID Nº 2606-0/OC),0,Desarrollo Turistico en Nuevos Corredores ( BID Nº 2606-0/OC),2024-07-01 00:00:00
2023,322,22,Inversiones con Financiamiento Internacional,5,Infraestructura para el Desarrollo del Turismo Natural (BID 5521/OC-AR),0,Infraestructura para el Desarrollo del Turismo Natural (BID 5521/OC-AR),1,Conduccion y Administracion (BID 5521/OC-AR),0,Infraestructura para el Desarrollo del Turismo Natural (BID 5521/OC-AR),2024-07-01 00:00:00
2023,322,22,Inversiones con Financiamiento Internacional,6,Infraestructura para el Desarrollo del Turismo Social (FONPLATA ARG 57/2021),0,Infraestructura para el Desarrollo del Turismo Social (FONPLATA ARG 57/2021),1,Actividades Centrales del Programa (FONPLATA ARG 57/2021),0,Infraestructura para el Desarrollo del Turismo Social (FONPLATA ARG 57/2021),2024-07-01 00:00:00
2023,322,22,Inversiones con Financiamiento Internacional,6,Infraestructura para el Desarrollo del Turismo Social (FONPLATA ARG 57/2021),1,Puesta en valor del hotel Nº 3 de la Unidad Turistica Chapadmalal - Buenos Aires (FONPLATA ARG 57/21),0,Puesta en valor del hotel Nº 3 de la Unidad Turistica Chapadmalal - Buenos Aires (FONPLATA ARG 57/21),51,Puesta en valor del hotel Nº 3 de la Unidad Turistica Chapadmalal - Buenos Aires (FONPLATA ARG 57/21),2024-07-01 00:00:00
2023,322,22,Inversiones con Financiamiento Internacional,6,Infraestructura para el Desarrollo del Turismo Social (FONPLATA ARG 57/2021),2,Puesta en valor del hotel Nº 5 de la Unidad Turistica Embalse - Cordoba (FONPLATA ARG 57/21),0,Puesta en valor del hotel Nº 5 de la Unidad Turistica Embalse - Cordoba (FONPLATA ARG 57/21),51,Puesta en valor del hotel Nº 5 de la Unidad Turistica Embalse - Cordoba (FONPLATA ARG 57/21),2024-07-01 00:00:00
2023,322,24,Calidad y Formacion Turistica,0,Calidad y Formacion Turistica,0,Calidad y Formacion Turistica,3,Conduccion Ejecutiva,0,Calidad y Formacion Turistica,2024-07-01 00:00:00
2023,322,24,Calidad y Formacion Turistica,0,Calidad y Formacion Turistica,0,Calidad y Formacion Turistica,43,Calidad Turistica (SACT),0,Calidad y Formacion Turistica,2024-07-01 00:00:00
2023,322,26,Deporte Comunitario y Competencias,0,Deporte Comunitario y Competencias,0,Deporte Comunitario y Competencias,1,Conduccion Ejecutiva,0,Deporte Comunitario y Competencias,2024-07-01 00:00:00
2023,322,26,Deporte Comunitario y Competencias,0,Deporte Comunitario y Competencias,0,Deporte Comunitario y Competencias,2,Infraestructura Deportiva y Centros Deportivos Nacionales,0,Deporte Comunitario y Competencias,2024-07-01 00:00:00
2023,322,26,Deporte Comunitario y Competencias,0,Deporte Comunitario y Competencias,0,Deporte Comunitario y Competencias,3,Competencias Nacionales,0,Deporte Comunitario y Competencias,2024-07-01 00:00:00
2023,322,26,Deporte Comunitario y Competencias,0,Deporte Comunitario y Competencias,0,Deporte Comunitario y Competencias,4,Clubes de Barrio y Pueblo,0,Deporte Comunitario y Competencias,2024-07-01 00:00:00
2023,322,27,Deporte Federado e Iniciacion Deportiva,0,Deporte Federado e Iniciacion Deportiva,0,Deporte Federado e Iniciacion Deportiva,1,Conduccion Ejecutiva,0,Deporte Federado e Iniciacion Deportiva,2024-07-01 00:00:00
2023,322,27,Deporte Federado e Iniciacion Deportiva,0,Deporte Federado e Iniciacion Deportiva,0,Deporte Federado e Iniciacion Deportiva,2,Deporte Federado y de Representacion Nacional,0,Deporte Federado e Iniciacion Deportiva,2024-07-01 00:00:00
2023,322,27,Deporte Federado e Iniciacion Deportiva,0,Deporte Federado e Iniciacion Deportiva,0,Deporte Federado e Iniciacion Deportiva,3,Escuelas de Iniciacion Deportiva,0,Deporte Federado e Iniciacion Deportiva,2024-07-01 00:00:00
2023,322,28,Programa Federal de Infraestructura Deportiva,1,Infraestructura para el Desarrollo del Deporte,0,Infraestructura para el Desarrollo del Deporte,1,Conduccion y Administracion (FONPLATA ARG 58/2021),0,Infraestructura para el Desarrollo del Deporte,2024-07-01 00:00:00
2023,322,28,Programa Federal de Infraestructura Deportiva,1,Infraestructura para el Desarrollo del Deporte,1,Construccion Centro Urbano de Desarrollo Deportivo - Villa la Carbonilla -Ciudad Autonoma de Buenos Aires (FONPLATA ARG 58/21),0,Construccion Centro Urbano de Desarrollo Deportivo - Villa la Carbonilla -Ciudad Autonoma de Buenos Aires (FONPLATA ARG 58/21),51,Construccion Centro Urbano de Desarrollo Deportivo - Villa la Carbonilla -Ciudad Autonoma de Buenos Aires (FONPLATA ARG 58/21),2024-07-01 00:00:00
2023,322,28,Programa Federal de Infraestructura Deportiva,1,Infraestructura para el Desarrollo del Deporte,2,"Construccion Centro de Entrenamiento en Altura - Tafi del Valle, Provincia de Tucuman (FONPLATA ARG 58/21)",0,"Construccion Centro de Entrenamiento en Altura - Tafi del Valle, Provincia de Tucuman (FONPLATA ARG 58/21)",51,"Construccion Centro de Entrenamiento en Altura - Tafi del Valle, Provincia de Tucuman (FONPLATA ARG 58/21)",2024-07-01 00:00:00
2023,322,28,Programa Federal de Infraestructura Deportiva,1,Infraestructura para el Desarrollo del Deporte,3,Construccion de Pabellon Multiproposito - Pocito - Provincia de San Juan (FONPLATA ARG 58/21),0,Construccion de Pabellon Multiproposito - Pocito - Provincia de San Juan (FONPLATA ARG 58/21),51,Construccion de Pabellon Multiproposito - Pocito - Provincia de San Juan (FONPLATA ARG 58/21),2024-07-01 00:00:00
2023,322,28,Programa Federal de Infraestructura Deportiva,1,Infraestructura para el Desarrollo del Deporte,5,Ampliacion Gimnasio Polideportivo en el Centro de Alto Rendimiento Deportivo (CARD) - Provincia de Santa Fe (FONPLATA ARG 58/21),0,Ampliacion Gimnasio Polideportivo en el Centro de Alto Rendimiento Deportivo (CARD) - Provincia de Santa Fe (FONPLATA ARG 58/21),51,Ampliacion Gimnasio Polideportivo en el Centro de Alto Rendimiento Deportivo (CARD) - Provincia de Santa Fe (FONPLATA ARG 58/21),2024-07-01 00:00:00
2023,322,28,Programa Federal de Infraestructura Deportiva,1,Infraestructura para el Desarrollo del Deporte,6,Construccion Polideportivo - Caleta Olivia - Provincia de Santa Cruz (FONPLATA ARG 58/21),0,Construccion Polideportivo - Caleta Olivia - Provincia de Santa Cruz (FONPLATA ARG 58/21),51,Construccion Polideportivo - Caleta Olivia - Provincia de Santa Cruz (FONPLATA ARG 58/21),2024-07-01 00:00:00
2023,322,28,Programa Federal de Infraestructura Deportiva,1,Infraestructura para el Desarrollo del Deporte,7,"Refuncionalizacion y Puesta en Valor del Centro Nacional de Desarrollo Deportivo - Esteban Echeverria, Provincia de Buenos Aires",0,"Refuncionalizacion y Puesta en Valor del Centro Nacional de Desarrollo Deportivo - Esteban Echeverria, Provincia de Buenos Aires",51,"Refuncionalizacion y Puesta en Valor del Centro Nacional de Desarrollo Deportivo - Esteban Echeverria, Provincia de Buenos Aires",2024-07-01 00:00:00
2023,322,28,Programa Federal de Infraestructura Deportiva,1,Infraestructura para el Desarrollo del Deporte,8,"Ampliacion y Puesta en Valor del Centro Provincial de Alto Rendimiento, Dormis - Posadas, Provincia de Misiones (FONPLATA ARG 58",0,"Ampliacion y Puesta en Valor del Centro Provincial de Alto Rendimiento, Dormis - Posadas, Provincia de Misiones (FONPLATA ARG 58",51,"Ampliacion y Puesta en Valor del Centro Provincial de Alto Rendimiento, Dormis - Posadas, Provincia de Misiones (FONPLATA ARG 58",2024-07-01 00:00:00
2023,323,33,Analisis y Regulacion de la Competencia Comercial Internacional,0,Analisis y Regulacion de la Competencia Comercial Internacional,0,Analisis y Regulacion de la Competencia Comercial Internacional,1,Analisis y Regulacion de la Competencia Comercial Internacional,0,Analisis y Regulacion de la Competencia Comercial Internacional,2024-07-01 00:00:00
2023,325,1,Actividades Centrales,0,Actividades Centrales,0,Actividades Centrales,1,Conduccion y Administracion,0,Actividades Centrales,2024-07-01 00:00:00
2023,325,3,Actividad Comun a Programas con Financiamiento Externo,0,Actividad Comun a Programas con Financiamiento Externo,0,Actividad Comun a Programas con Financiamiento Externo,1,Direccion y Coordinacion,0,Actividad Comun a Programas con Financiamiento Externo,2024-07-01 00:00:00
2023,325,16,Impulso al Desarrollo del Sistema Democratico y Relaciones con la Comunidad,0,Impulso al Desarrollo del Sistema Democratico y Relaciones con la Comunidad,0,Impulso al Desarrollo del Sistema Democratico y Relaciones con la Comunidad,1,Conduccion y Administracion,0,Impulso al Desarrollo del Sistema Democratico y Relaciones con la Comunidad,2024-07-01 00:00:00
2023,325,16,Impulso al Desarrollo del Sistema Democratico y Relaciones con la Comunidad,0,Impulso al Desarrollo del Sistema Democratico y Relaciones con la Comunidad,0,Impulso al Desarrollo del Sistema Democratico y Relaciones con la Comunidad,2,Administracion del Fondo Partidario Permanente,0,Impulso al Desarrollo del Sistema Democratico y Relaciones con la Comunidad,2024-07-01 00:00:00
2023,325,16,Impulso al Desarrollo del Sistema Democratico y Relaciones con la Comunidad,0,Impulso al Desarrollo del Sistema Democratico y Relaciones con la Comunidad,0,Impulso al Desarrollo del Sistema Democratico y Relaciones con la Comunidad,5,Capacitacion de Dirigentes Politicos y Sociales,0,Impulso al Desarrollo del Sistema Democratico y Relaciones con la Comunidad,2024-07-01 00:00:00
2023,325,16,Impulso al Desarrollo del Sistema Democratico y Relaciones con la Comunidad,0,Impulso al Desarrollo del Sistema Democratico y Relaciones con la Comunidad,0,Impulso al Desarrollo del Sistema Democratico y Relaciones con la Comunidad,9,"Planificacion, Ejecucion y Control de Politicas Orientadas a la Comunidad",0,Impulso al Desarrollo del Sistema Democratico y Relaciones con la Comunidad,2024-07-01 00:00:00
2023,325,16,Impulso al Desarrollo del Sistema Democratico y Relaciones con la Comunidad,0,Impulso al Desarrollo del Sistema Democratico y Relaciones con la Comunidad,0,Impulso al Desarrollo del Sistema Democratico y Relaciones con la Comunidad,10,Reforma Politica,0,Impulso al Desarrollo del Sistema Democratico y Relaciones con la Comunidad,2024-07-01 00:00:00
2023,325,16,Impulso al Desarrollo del Sistema Democratico y Relaciones con la Comunidad,0,Impulso al Desarrollo del Sistema Democratico y Relaciones con la Comunidad,0,Impulso al Desarrollo del Sistema Democratico y Relaciones con la Comunidad,43,Ejecucion de Actos Electorales,0,Impulso al Desarrollo del Sistema Democratico y Relaciones con la Comunidad,2024-07-01 00:00:00
2023,325,17,"Cooperacion, Asistencia Tecnica y Capacitacion a Municipios",0,"Cooperacion, Asistencia Tecnica y Capacitacion a Municipios",0,"Cooperacion, Asistencia Tecnica y Capacitacion a Municipios",1,"Cooperacion, Asistencia Tecnica y Capacitacion a Municipios - Conduccion y Administracion",0,"Cooperacion, Asistencia Tecnica y Capacitacion a Municipios",2024-07-01 00:00:00
2023,325,17,"Cooperacion, Asistencia Tecnica y Capacitacion a Municipios",0,"Cooperacion, Asistencia Tecnica y Capacitacion a Municipios",0,"Cooperacion, Asistencia Tecnica y Capacitacion a Municipios",5,Asistencia a Municipios para Infraestructura Social,0,"Cooperacion, Asistencia Tecnica y Capacitacion a Municipios",2024-07-01 00:00:00
2023,325,19,Relaciones con las Provincias y Desarrollo Regional,0,Relaciones con las Provincias y Desarrollo Regional,0,Relaciones con las Provincias y Desarrollo Regional,1,Conduccion y Administracion,0,Relaciones con las Provincias y Desarrollo Regional,2024-07-01 00:00:00
2023,325,19,Relaciones con las Provincias y Desarrollo Regional,0,Relaciones con las Provincias y Desarrollo Regional,0,Relaciones con las Provincias y Desarrollo Regional,2,Desarrollo de Politicas Regionales,0,Relaciones con las Provincias y Desarrollo Regional,2024-07-01 00:00:00
2023,325,19,Relaciones con las Provincias y Desarrollo Regional,0,Relaciones con las Provincias y Desarrollo Regional,0,Relaciones con las Provincias y Desarrollo Regional,21,Aportes del Tesoro Nacional (ATN),0,Relaciones con las Provincias y Desarrollo Regional,2024-07-01 00:00:00
2023,325,19,Relaciones con las Provincias y Desarrollo Regional,0,Relaciones con las Provincias y Desarrollo Regional,0,Relaciones con las Provincias y Desarrollo Regional,23,Politicas para el Desarrollo con Equidad Federal,0,Relaciones con las Provincias y Desarrollo Regional,2024-07-01 00:00:00
2023,325,19,Relaciones con las Provincias y Desarrollo Regional,0,Relaciones con las Provincias y Desarrollo Regional,0,Relaciones con las Provincias y Desarrollo Regional,25,Relaciones con Provincias,0,Relaciones con las Provincias y Desarrollo Regional,2024-07-01 00:00:00
2023,325,19,Relaciones con las Provincias y Desarrollo Regional,0,Relaciones con las Provincias y Desarrollo Regional,0,Relaciones con las Provincias y Desarrollo Regional,27,Fortalecimiento de la Gestion Provincial (BID 3835/OC-AR),0,Relaciones con las Provincias y Desarrollo Regional,2024-07-01 00:00:00
2023,325,19,Relaciones con las Provincias y Desarrollo Regional,0,Relaciones con las Provincias y Desarrollo Regional,0,Relaciones con las Provincias y Desarrollo Regional,29,Fortalecimiento de la Gestion Provincial II  (Prestamo Bilateral AFD),0,Relaciones con las Provincias y Desarrollo Regional,2024-07-01 00:00:00
2023,325,19,Relaciones con las Provincias y Desarrollo Regional,0,Relaciones con las Provincias y Desarrollo Regional,0,Relaciones con las Provincias y Desarrollo Regional,30,Fortalecimiento de la Gestion Provincial II (BID N°4753/OC-AR),0,Relaciones con las Provincias y Desarrollo Regional,2024-07-01 00:00:00
2023,325,19,Relaciones con las Provincias y Desarrollo Regional,0,Relaciones con las Provincias y Desarrollo Regional,0,Relaciones con las Provincias y Desarrollo Regional,38,Apoyo a la Infraestructura Regional (FONPLATA ARG 42/2019),0,Relaciones con las Provincias y Desarrollo Regional,2024-07-01 00:00:00
2023,325,34,Iniciativas Complementarias de Interior,0,Iniciativas Complementarias de Interior,0,Iniciativas Complementarias de Interior,1,Conduccion y Administracion,0,Iniciativas Complementarias de Interior,2024-07-01 00:00:00
2023,325,34,Iniciativas Complementarias de Interior,0,Iniciativas Complementarias de Interior,0,Iniciativas Complementarias de Interior,2,Conservacion y Custodia de los Documentos de la Nacion,0,Iniciativas Complementarias de Interior,2024-07-01 00:00:00
2023,325,34,Iniciativas Complementarias de Interior,0,Iniciativas Complementarias de Interior,0,Iniciativas Complementarias de Interior,5,Administracion y Gestion de Centros de Frontera,0,Iniciativas Complementarias de Interior,2024-07-01 00:00:00
2023,325,34,Iniciativas Complementarias de Interior,0,Iniciativas Complementarias de Interior,0,Iniciativas Complementarias de Interior,6,Programa de Desarrollo y Mejoramiento de los Complejos de Frontera (FONPLATA ARG-35/2017),0,Iniciativas Complementarias de Interior,2024-07-01 00:00:00
2023,325,34,Iniciativas Complementarias de Interior,0,Iniciativas Complementarias de Interior,7,Ampliacion del Centro de Frontera del Sistema de Cristo Redentor – Horcones – Mendoza (FONPLATA  ARG-35/2017),0,Ampliacion del Centro de Frontera del Sistema de Cristo Redentor – Horcones – Mendoza (FONPLATA  ARG-35/2017),51,Ampliacion del Centro de Frontera del Sistema de Cristo Redentor – Horcones – Mendoza(FONPLATA  ARG-35/2017),2024-07-01 00:00:00
2023,325,34,Iniciativas Complementarias de Interior,0,Iniciativas Complementarias de Interior,10,Refuncionalizacion del Centro de Frontera Concordia – Salto (FONPLATA  ARG-35/2017),0,Refuncionalizacion del Centro de Frontera Concordia – Salto (FONPLATA  ARG-35/2017),51,Refuncionalizacion del Centro de Frontera Concordia – Salto (FONPLATA  ARG-35/2017),2024-07-01 00:00:00
2023,326,1,Actividades Centrales,0,Actividades Centrales,0,Actividades Centrales,1,Conduccion y Administracion,0,Actividades Centrales,2024-07-01 00:00:00
2023,326,1,Actividades Centrales,0,Actividades Centrales,0,Actividades Centrales,4,Cooperacion Internacional,0,Actividades Centrales,2024-07-01 00:00:00
2023,326,1,Actividades Centrales,0,Actividades Centrales,0,Actividades Centrales,40,Acciones por la Equidad de Genero (PPG),0,Actividades Centrales,2024-07-01 00:00:00
2023,326,22,Asistencia Sanitaria de la Policia Federal Argentina,0,Asistencia Sanitaria de la Policia Federal Argentina,0,Asistencia Sanitaria de la Policia Federal Argentina,1,Asistencia Sanitaria al Personal y su Familia,0,Asistencia Sanitaria de la Policia Federal Argentina,2024-07-01 00:00:00
2023,326,23,Formacion y Capacitacion de la Policia Federal Argentina,0,Formacion y Capacitacion de la Policia Federal Argentina,0,Formacion y Capacitacion de la Policia Federal Argentina,1,Formacion y Capacitacion del Personal,0,Formacion y Capacitacion de la Policia Federal Argentina,2024-07-01 00:00:00
2023,326,28,Seguridad Federal,0,Seguridad Federal,0,Seguridad Federal,1,Despliegue Interior,0,Seguridad Federal,2024-07-01 00:00:00
2023,326,28,Seguridad Federal,0,Seguridad Federal,0,Seguridad Federal,2,Prevencion y Conjuracion del Narcotrafico,0,Seguridad Federal,2024-07-01 00:00:00
2023,326,28,Seguridad Federal,0,Seguridad Federal,0,Seguridad Federal,3,Seguridad en el Transporte,0,Seguridad Federal,2024-07-01 00:00:00
2023,326,28,Seguridad Federal,0,Seguridad Federal,0,Seguridad Federal,4,Analisis Pericial,0,Seguridad Federal,2024-07-01 00:00:00
2023,326,28,Seguridad Federal,0,Seguridad Federal,0,Seguridad Federal,6,Inteligencia Criminal Operativa,0,Seguridad Federal,2024-07-01 00:00:00
2023,326,28,Seguridad Federal,0,Seguridad Federal,0,Seguridad Federal,7,Investigacion de Delitos Complejos,0,Seguridad Federal,2024-07-01 00:00:00
2023,326,28,Seguridad Federal,0,Seguridad Federal,0,Seguridad Federal,8,Mantenimiento del Orden Publico,0,Seguridad Federal,2024-07-01 00:00:00
2023,326,28,Seguridad Federal,0,Seguridad Federal,0,Seguridad Federal,9,"Cooperacion, Busqueda y Salvamento Aeronautico Federal",0,Seguridad Federal,2024-07-01 00:00:00
2023,326,28,Seguridad Federal,0,Seguridad Federal,0,Seguridad Federal,10,Proteccion de Estado,0,Seguridad Federal,2024-07-01 00:00:00
2023,326,28,Seguridad Federal,0,Seguridad Federal,0,Seguridad Federal,11,Prestacion del Servicio de Policia Adicional,0,Seguridad Federal,2024-07-01 00:00:00
2023,326,30,Servicio de Bomberos,0,Servicio de Bomberos,0,Servicio de Bomberos,1,Asistencia de Bomberos en Siniestros,0,Servicio de Bomberos,2024-07-01 00:00:00
2023,326,31,Servicios de Informatica y Comunicaciones,0,Servicios de Informatica y Comunicaciones,0,Servicios de Informatica y Comunicaciones,1,Comunicaciones e Informatica,0,Servicios de Informatica y Comunicaciones,2024-07-01 00:00:00
2023,327,1,Actividades Centrales,0,Actividades Centrales,0,Actividades Centrales,1,Conduccion Superior,0,Actividades Centrales,2024-07-01 00:00:00
2023,327,1,Actividades Centrales,0,Actividades Centrales,0,Actividades Centrales,3,Planificacion del Transporte,0,Actividades Centrales,2024-07-01 00:00:00
2023,327,1,Actividades Centrales,0,Actividades Centrales,0,Actividades Centrales,6,Acciones para la Equidad de Genero (PPG),0,Actividades Centrales,2024-07-01 00:00:00
2023,327,1,Actividades Centrales,0,Actividades Centrales,0,Actividades Centrales,7,Coordinacion de Gabinete,0,Actividades Centrales,2024-07-01 00:00:00
2023,327,4,Actividades Comunes a los Programas 69 y 91,0,Actividades Comunes a los Programas 69 y 91,0,Actividades Comunes a los Programas 69 y 91,1,Gestion de Transporte,0,Actividades Comunes a los Programas 69 y 91,2024-07-01 00:00:00
2023,327,67,"Ejecucion de Planes, Programas y Proyectos para el Mejoramiento del Transporte",1,Infraestructura de Transporte,0,Infraestructura de Transporte,1,Modernizacion del Transporte Ferroviario de Pasajeros en Buenos Aires – Linea Mitre (BIRF N°9232),0,Infraestructura de Transporte,2024-07-01 00:00:00
2023,327,67,"Ejecucion de Planes, Programas y Proyectos para el Mejoramiento del Transporte",1,Infraestructura de Transporte,4,Renovacion Integral del Ramal M FFCC Belgrano Sur - Tramo Tapiales - Marinos del Crucero General Belgrano (CAF 11175),0,Renovacion Integral del Ramal M FFCC Belgrano Sur - Tramo Tapiales - Marinos del Crucero General Belgrano (CAF 11175),51,Renovacion Integral del Ramal M FFCC Belgrano Sur - Tramo Tapiales - Marinos del Crucero General Belgrano (CAF 11175),2024-07-01 00:00:00
2023,327,67,"Ejecucion de Planes, Programas y Proyectos para el Mejoramiento del Transporte",1,Infraestructura de Transporte,16,Mejora Integral del Ferrocarril General Roca - Ramal Constitucion - La Plata (BID N°2982/OC-AR - BID N°5320/OC-AR),0,Mejora Integral del Ferrocarril General Roca - Ramal Constitucion - La Plata (BID N°2982/OC-AR - BID N°5320/OC-AR),53,Señalamiento y Telecomunicaciones (BID N°2982/OC-AR - BID N°5320/OC-AR),2024-07-01 00:00:00
2023,327,67,"Ejecucion de Planes, Programas y Proyectos para el Mejoramiento del Transporte",1,Infraestructura de Transporte,16,Mejora Integral del Ferrocarril General Roca - Ramal Constitucion - La Plata (BID N°2982/OC-AR - BID N°5320/OC-AR),0,Mejora Integral del Ferrocarril General Roca - Ramal Constitucion - La Plata (BID N°2982/OC-AR - BID N°5320/OC-AR),57,"Renovacion, Mejoramiento de Vias y Aparatos de Vias (BID N°2982/OC-AR - BID N°5320/OC-AR)",2024-07-01 00:00:00
2023,327,67,"Ejecucion de Planes, Programas y Proyectos para el Mejoramiento del Transporte",1,Infraestructura de Transporte,21,Programa de Conectividad Urbana - Cruces a Distinto Nivel en el Area Metropolitana de Buenos Aires (CAF S/N),0,Programa de Conectividad Urbana - Cruces a Distinto Nivel en el Area Metropolitana de Buenos Aires (CAF S/N),51,Programa de Conectividad Urbana - Cruces a Distinto Nivel en el Area Metropolitana de Buenos Aires (CAF S/N),2024-07-01 00:00:00
2023,327,67,"Ejecucion de Planes, Programas y Proyectos para el Mejoramiento del Transporte",1,Infraestructura de Transporte,37,"Elevacion de Viaducto, Prolongacion de Tendido Ferroviario y Construccion Nueva Estacion Terminal Constitucion - Belgrano Sur (C",0,"Elevacion de Viaducto, Prolongacion de Tendido Ferroviario y Construccion Nueva Estacion Terminal Constitucion - Belgrano Sur (C",51,"Elevacion de Viaducto, Prolongacion de Tendido Ferroviario y Construccion Nueva Estacion Terminal Constitucion - Belgrano Sur (C",2024-07-01 00:00:00
2023,327,67,"Ejecucion de Planes, Programas y Proyectos para el Mejoramiento del Transporte",3,Infraestructura de Transporte Aereo,0,Infraestructura de Transporte Aereo,1,Modernizacion del Sistema de Vigilancia de Transito Aereo (CAF N° 11585),0,Infraestructura de Transporte Aereo,2024-07-01 00:00:00
2023,327,68,Formulacion y Ejecucion de Politicas de Movilidad Integral de Transporte,0,Formulacion y Ejecucion de Politicas de Movilidad Integral de Transporte,0,Formulacion y Ejecucion de Politicas de Movilidad Integral de Transporte,1,Conduccion y Administracion,0,Formulacion y Ejecucion de Politicas de Movilidad Integral de Transporte,2024-07-01 00:00:00
2023,327,68,Formulacion y Ejecucion de Politicas de Movilidad Integral de Transporte,0,Formulacion y Ejecucion de Politicas de Movilidad Integral de Transporte,0,Formulacion y Ejecucion de Politicas de Movilidad Integral de Transporte,16,Renovacion Integral de Terminales de Buses de Larga y Media Distancia,0,Formulacion y Ejecucion de Politicas de Movilidad Integral de Transporte,2024-07-01 00:00:00
2023,327,68,Formulacion y Ejecucion de Politicas de Movilidad Integral de Transporte,0,Formulacion y Ejecucion de Politicas de Movilidad Integral de Transporte,0,Formulacion y Ejecucion de Politicas de Movilidad Integral de Transporte,18,Implementacion del Regimen de Compensacion del Transporte Automotor,0,Formulacion y Ejecucion de Politicas de Movilidad Integral de Transporte,2024-07-01 00:00:00
2023,327,68,Formulacion y Ejecucion de Politicas de Movilidad Integral de Transporte,0,Formulacion y Ejecucion de Politicas de Movilidad Integral de Transporte,0,Formulacion y Ejecucion de Politicas de Movilidad Integral de Transporte,19,Fondo de Compensacion al Transporte Publico de Pasajeros por Automotor Urbano y Suburbano del Interior,0,Formulacion y Ejecucion de Politicas de Movilidad Integral de Transporte,2024-07-01 00:00:00
2023,327,68,Formulacion y Ejecucion de Politicas de Movilidad Integral de Transporte,0,Formulacion y Ejecucion de Politicas de Movilidad Integral de Transporte,0,Formulacion y Ejecucion de Politicas de Movilidad Integral de Transporte,20,Ordenamiento del Transporte Masivo,0,Formulacion y Ejecucion de Politicas de Movilidad Integral de Transporte,2024-07-01 00:00:00
2023,327,69,Formulacion y Ejecucion de Politicas de Gestion de Transporte,0,Formulacion y Ejecucion de Politicas de Gestion de Transporte,0,Formulacion y Ejecucion de Politicas de Gestion de Transporte,1,Formulacion y Ejecucion de Politicas de Transporte Automotor,0,Formulacion y Ejecucion de Politicas de Gestion de Transporte,2024-07-01 00:00:00
2023,327,69,Formulacion y Ejecucion de Politicas de Gestion de Transporte,0,Formulacion y Ejecucion de Politicas de Gestion de Transporte,0,Formulacion y Ejecucion de Politicas de Gestion de Transporte,2,Formulacion y Ejecucion de Politicas de Transporte Ferroviario,0,Formulacion y Ejecucion de Politicas de Gestion de Transporte,2024-07-01 00:00:00
2023,327,91,Coordinacion de Politicas de Transporte Fluvial y Maritimo,0,Coordinacion de Politicas de Transporte Fluvial y Maritimo,0,Coordinacion de Politicas de Transporte Fluvial y Maritimo,1,Conduccion y Coordinacion,0,Coordinacion de Politicas de Transporte Fluvial y Maritimo,2024-07-01 00:00:00
2023,327,91,Coordinacion de Politicas de Transporte Fluvial y Maritimo,0,Coordinacion de Politicas de Transporte Fluvial y Maritimo,0,Coordinacion de Politicas de Transporte Fluvial y Maritimo,11,"Gestion, Fiscalizacion y Control de Politicas, Planes y Programas en Puertos, Vias Navegables, Delegaciones Regionales, Concesio",0,Coordinacion de Politicas de Transporte Fluvial y Maritimo,2024-07-01 00:00:00
2023,327,91,Coordinacion de Politicas de Transporte Fluvial y Maritimo,0,Coordinacion de Politicas de Transporte Fluvial y Maritimo,0,Coordinacion de Politicas de Transporte Fluvial y Maritimo,12,"Formulacion de Politicas, Planes y Programas de Actividades Portuarias, Transporte Fluvial y Maritimo y a la Marina Mercante",0,Coordinacion de Politicas de Transporte Fluvial y Maritimo,2024-07-01 00:00:00
2023,327,91,Coordinacion de Politicas de Transporte Fluvial y Maritimo,0,Coordinacion de Politicas de Transporte Fluvial y Maritimo,0,Coordinacion de Politicas de Transporte Fluvial y Maritimo,13,Logistica y Operaciones,0,Coordinacion de Politicas de Transporte Fluvial y Maritimo,2024-07-01 00:00:00
2023,327,91,Coordinacion de Politicas de Transporte Fluvial y Maritimo,0,Coordinacion de Politicas de Transporte Fluvial y Maritimo,0,Coordinacion de Politicas de Transporte Fluvial y Maritimo,14,Politicas en Materia de Manejo de las Vias Navegables,0,Coordinacion de Politicas de Transporte Fluvial y Maritimo,2024-07-01 00:00:00
2023,327,91,Coordinacion de Politicas de Transporte Fluvial y Maritimo,1,Infraestructura de transporte fluvial y maritimo,17,Reparacion de los Frentes del Atraque en la Isla Demarchi y Sistemas de Conexiones - Delegacion Rio de la Plata,0,Reparacion de los Frentes del Atraque en la Isla Demarchi y Sistemas de Conexiones - Delegacion Rio de la Plata,51,Reparacion de los Frentes del Atraque en la Isla Demarchi y Sistemas de Conexiones - Delegacion Rio de la Plata,2024-07-01 00:00:00
2023,327,91,Coordinacion de Politicas de Transporte Fluvial y Maritimo,1,Infraestructura de transporte fluvial y maritimo,18,Reparacion de Infraestructura en Delegacion Rosario de la Direccion Nacional de Control de Puertos y Vias Navegables,0,Reparacion de Infraestructura en Delegacion Rosario de la Direccion Nacional de Control de Puertos y Vias Navegables,51,Reparacion de Infraestructura en Delegacion Rosario de la Direccion Nacional de Control de Puertos y Vias Navegables,2024-07-01 00:00:00
2023,327,91,Coordinacion de Politicas de Transporte Fluvial y Maritimo,1,Infraestructura de transporte fluvial y maritimo,19,Reparacion de Infraestructura en Delegacion Parana de la Direccion Nacional de Control de Puertos y Vias Navegables,0,Reparacion de Infraestructura en Delegacion Parana de la Direccion Nacional de Control de Puertos y Vias Navegables,51,Reparacion de Infraestructura en Delegacion Parana de la Direccion Nacional de Control de Puertos y Vias Navegables,2024-07-01 00:00:00
2023,327,91,Coordinacion de Politicas de Transporte Fluvial y Maritimo,1,Infraestructura de transporte fluvial y maritimo,20,Reparacion de Infraestructura en Delegacion Corrientes de la Direccion Nacional de Control de Puertos y Vias Navegables,0,Reparacion de Infraestructura en Delegacion Corrientes de la Direccion Nacional de Control de Puertos y Vias Navegables,51,Reparacion de Infraestructura en Delegacion Corrientes de la Direccion Nacional de Control de Puertos y Vias Navegables,2024-07-01 00:00:00
2023,327,91,Coordinacion de Politicas de Transporte Fluvial y Maritimo,1,Infraestructura de transporte fluvial y maritimo,21,Reparacion de Infraestructura en Delegacion Concepcion del Uruguay,0,Reparacion de Infraestructura en Delegacion Concepcion del Uruguay,51,Reparacion de Infraestructura en Delegacion Concepcion del Uruguay,2024-07-01 00:00:00
2023,328,4,Actividad Comun de la Secretaria de Energia,0,Actividad Comun de la Secretaria de Energia,0,Actividad Comun de la Secretaria de Energia,1,Conduccion Superior,0,Actividad Comun de la Secretaria de Energia,2024-07-01 00:00:00
2023,328,4,Actividad Comun de la Secretaria de Energia,0,Actividad Comun de la Secretaria de Energia,0,Actividad Comun de la Secretaria de Energia,2,Coordinacion de Asuntos Administrativos,0,Actividad Comun de la Secretaria de Energia,2024-07-01 00:00:00
2023,328,4,Actividad Comun de la Secretaria de Energia,0,Actividad Comun de la Secretaria de Energia,0,Actividad Comun de la Secretaria de Energia,11,Planeamiento Estrategico de la Energia,0,Actividad Comun de la Secretaria de Energia,2024-07-01 00:00:00
2023,328,73,Formulacion y Ejecucion de Politica de Hidrocarburos,0,Formulacion y Ejecucion de Politica de Hidrocarburos,0,Formulacion y Ejecucion de Politica de Hidrocarburos,1,Direccion y Coordinacion Superior,0,Formulacion y Ejecucion de Politica de Hidrocarburos,2024-07-01 00:00:00
2023,328,73,Formulacion y Ejecucion de Politica de Hidrocarburos,0,Formulacion y Ejecucion de Politica de Hidrocarburos,0,Formulacion y Ejecucion de Politica de Hidrocarburos,40,Evaluacion y Promocion de Infraestructura Hidrocarburifera,0,Formulacion y Ejecucion de Politica de Hidrocarburos,2024-07-01 00:00:00
2023,328,73,Formulacion y Ejecucion de Politica de Hidrocarburos,1,Subsidios a la Oferta de Hidrocarburos,0,Subsidios a la Oferta de Hidrocarburos,45,Estimulo a la Produccion de Gas Natural (Nuevo Esquema 2020 - 2024),0,Subsidios a la Oferta de Hidrocarburos,2024-07-01 00:00:00
2023,328,73,Formulacion y Ejecucion de Politica de Hidrocarburos,2,Subsidios a la Demanda de Hidrocarburos,0,Subsidios a la Demanda de Hidrocarburos,42,Apoyo Financiero a Empresas Distribuidoras de Gas (Resolucion N° 508/2017 MINEM),0,Subsidios a la Demanda de Hidrocarburos,2024-07-01 00:00:00
2023,328,73,Formulacion y Ejecucion de Politica de Hidrocarburos,2,Subsidios a la Demanda de Hidrocarburos,0,Subsidios a la Demanda de Hidrocarburos,44,Acciones Destinadas  a Garantizar Condiciones de Abastecimiento de Gas Propano Indiluido para Redes de Distrib. (Decreto 934/03),0,Subsidios a la Demanda de Hidrocarburos,2024-07-01 00:00:00
2023,328,73,Formulacion y Ejecucion de Politica de Hidrocarburos,2,Subsidios a la Demanda de Hidrocarburos,0,Subsidios a la Demanda de Hidrocarburos,48,"Asistencia Economica Transitoria a Empresas Productoras, Fraccionadoras y Distribuidoras de GLP (Resolucion N°809/2021)",0,Subsidios a la Demanda de Hidrocarburos,2024-07-01 00:00:00
2023,328,74,Formulacion y Ejecucion de la Politica de Energia Electrica,0,Formulacion y Ejecucion de la Politica de Energia Electrica,0,Formulacion y Ejecucion de la Politica de Energia Electrica,1,Direccion y Coordinacion Superior,0,Formulacion y Ejecucion de la Politica de Energia Electrica,2024-07-01 00:00:00
2023,328,74,Formulacion y Ejecucion de la Politica de Energia Electrica,0,Formulacion y Ejecucion de la Politica de Energia Electrica,0,Formulacion y Ejecucion de la Politica de Energia Electrica,40,Evaluacion y Promocion de Infraestructura Electrica,0,Formulacion y Ejecucion de la Politica de Energia Electrica,2024-07-01 00:00:00
2023,328,74,Formulacion y Ejecucion de la Politica de Energia Electrica,0,Formulacion y Ejecucion de la Politica de Energia Electrica,0,Formulacion y Ejecucion de la Politica de Energia Electrica,41,Sustentabilidad del Mercado Electrico,0,Formulacion y Ejecucion de la Politica de Energia Electrica,2024-07-01 00:00:00
2023,328,74,Formulacion y Ejecucion de la Politica de Energia Electrica,0,Formulacion y Ejecucion de la Politica de Energia Electrica,0,Formulacion y Ejecucion de la Politica de Energia Electrica,43,Proyecto de Energias Renovables en Mercados Rurales (BIRF N° 8484),0,Formulacion y Ejecucion de la Politica de Energia Electrica,2024-07-01 00:00:00
2023,328,74,Formulacion y Ejecucion de la Politica de Energia Electrica,0,Formulacion y Ejecucion de la Politica de Energia Electrica,0,Formulacion y Ejecucion de la Politica de Energia Electrica,45,Desarrollo de Iniciativas de Promocion de Energias Renovables,0,Formulacion y Ejecucion de la Politica de Energia Electrica,2024-07-01 00:00:00
2023,328,75,Acciones para el Uso Racional y Eficiente de la Energia,0,Acciones para el Uso Racional y Eficiente de la Energia,0,Acciones para el Uso Racional y Eficiente de la Energia,1,Direccion y Coordinacion Superior,0,Acciones para el Uso Racional y Eficiente de la Energia,2024-07-01 00:00:00
2023,328,75,Acciones para el Uso Racional y Eficiente de la Energia,0,Acciones para el Uso Racional y Eficiente de la Energia,0,Acciones para el Uso Racional y Eficiente de la Energia,42,Acciones de Eficiencia Energetica en Alumbrado Publico- PLAE,0,Acciones para el Uso Racional y Eficiente de la Energia,2024-07-01 00:00:00
2023,330,1,Actividades Centrales,0,Actividades Centrales,0,Actividades Centrales,1,Conduccion Politica y Direccion Estrategica,0,Actividades Centrales,2024-07-01 00:00:00
2023,330,1,Actividades Centrales,0,Actividades Centrales,0,Actividades Centrales,2,Conduccion de los Servicios de Apoyo,0,Actividades Centrales,2024-07-01 00:00:00
2023,330,1,Actividades Centrales,0,Actividades Centrales,0,Actividades Centrales,6,"Coordinacion de Acciones de Apoyo a la Gestion, Monitoreo y Evaluacion Institucional (BID N°3455/OC - AR - PROMEDU IV)",0,Actividades Centrales,2024-07-01 00:00:00
2023,330,1,Actividades Centrales,0,Actividades Centrales,0,Actividades Centrales,9,"Coordinacion de Acciones de Apoyo a la Gestion, Monitoreo y Evaluacion Institucional - PRINI I (BID 4229/OC-AR)",0,Actividades Centrales,2024-07-01 00:00:00
2023,330,1,Actividades Centrales,0,Actividades Centrales,0,Actividades Centrales,11,Coordinacion del Programa para la Mejora de la Inclusion Educativa (BIRF Nº 8999-AR),0,Actividades Centrales,2024-07-01 00:00:00
2023,330,1,Actividades Centrales,0,Actividades Centrales,0,Actividades Centrales,12,Coordinacion de Acciones de Apoyo a la Gestion  CAF,0,Actividades Centrales,2024-07-01 00:00:00
2023,330,1,Actividades Centrales,0,Actividades Centrales,0,Actividades Centrales,13,Acciones del Consejo Federal de Educacion,0,Actividades Centrales,2024-07-01 00:00:00
2023,330,1,Actividades Centrales,0,Actividades Centrales,0,Actividades Centrales,16,"Coordinacion de Acciones de Apoyo a la Gestion, Monitoreo y Evaluacion Institucional - PRINI II (BID 5585/OC-AR)",0,Actividades Centrales,2024-07-01 00:00:00
2023,330,1,Actividades Centrales,0,Actividades Centrales,15,Restauracion Integral y puesta en valor de la fachada exterior y realizacion de obras complementarias en el Palacio Sarmiento y,0,Restauracion Integral y puesta en valor de la fachada exterior y realizacion de obras complementarias en el Palacio Sarmiento y,51,Restauracion Integral y puesta en valor de la fachada exterior y realizacion de obras complementarias en el Palacio Sarmiento y,2024-07-01 00:00:00
2023,330,26,Desarrollo de la Educacion Superior,0,Desarrollo de la Educacion Superior,0,Desarrollo de la Educacion Superior,1,"Conduccion, Gestion y Apoyo a las Politicas de Educacion Superior",0,Desarrollo de la Educacion Superior,2024-07-01 00:00:00
2023,330,26,Desarrollo de la Educacion Superior,0,Desarrollo de la Educacion Superior,0,Desarrollo de la Educacion Superior,11,Acciones Universitarias para el Desarrollo Nacional y Regional (Fondo Universitario para el Desarrollo Regional  - FUNDAR),0,Desarrollo de la Educacion Superior,2024-07-01 00:00:00
2023,330,26,Desarrollo de la Educacion Superior,0,Desarrollo de la Educacion Superior,0,Desarrollo de la Educacion Superior,12,Asistencia Financiera para el Pago de Salario Docente y Autoridades Superiores,0,Desarrollo de la Educacion Superior,2024-07-01 00:00:00
2023,330,26,Desarrollo de la Educacion Superior,0,Desarrollo de la Educacion Superior,0,Desarrollo de la Educacion Superior,13,Asistencia Financiera para el Pago de Salario del Personal no Docente,0,Desarrollo de la Educacion Superior,2024-07-01 00:00:00
2023,330,26,Desarrollo de la Educacion Superior,0,Desarrollo de la Educacion Superior,0,Desarrollo de la Educacion Superior,14,Asistencia Financiera para el Funcionamiento Universitarios,0,Desarrollo de la Educacion Superior,2024-07-01 00:00:00
2023,330,26,Desarrollo de la Educacion Superior,0,Desarrollo de la Educacion Superior,0,Desarrollo de la Educacion Superior,15,Asistencia Financiera a Hospitales Universitarios,0,Desarrollo de la Educacion Superior,2024-07-01 00:00:00
2023,330,26,Desarrollo de la Educacion Superior,0,Desarrollo de la Educacion Superior,0,Desarrollo de la Educacion Superior,16,Fortalecimiento de la Ciencia y la Tecnica en Universidades,0,Desarrollo de la Educacion Superior,2024-07-01 00:00:00
2023,330,26,Desarrollo de la Educacion Superior,0,Desarrollo de la Educacion Superior,0,Desarrollo de la Educacion Superior,17,Desarrollo de Proyectos Especiales,0,Desarrollo de la Educacion Superior,2024-07-01 00:00:00
2023,330,26,Desarrollo de la Educacion Superior,0,Desarrollo de la Educacion Superior,0,Desarrollo de la Educacion Superior,23,Desarrollo de Institutos Tecnologicos de Formacion Profesional,0,Desarrollo de la Educacion Superior,2024-07-01 00:00:00
2023,330,26,Desarrollo de la Educacion Superior,0,Desarrollo de la Educacion Superior,0,Desarrollo de la Educacion Superior,24,Promocion de Carreras Estrategicas,0,Desarrollo de la Educacion Superior,2024-07-01 00:00:00
2023,330,26,Desarrollo de la Educacion Superior,0,Desarrollo de la Educacion Superior,0,Desarrollo de la Educacion Superior,25,Fortalecimiento de la Actividad Extension Universitaria,0,Desarrollo de la Educacion Superior,2024-07-01 00:00:00
2023,330,29,Gestion Educativa y Politicas Socioeducativas,0,Gestion Educativa y Politicas Socioeducativas,0,Gestion Educativa y Politicas Socioeducativas,1,Direccion y Coordinacion,0,Gestion Educativa y Politicas Socioeducativas,2024-07-01 00:00:00
2023,330,29,Gestion Educativa y Politicas Socioeducativas,0,Gestion Educativa y Politicas Socioeducativas,0,Gestion Educativa y Politicas Socioeducativas,5,Acciones Especiales,0,Gestion Educativa y Politicas Socioeducativas,2024-07-01 00:00:00
2023,330,29,Gestion Educativa y Politicas Socioeducativas,0,Gestion Educativa y Politicas Socioeducativas,0,Gestion Educativa y Politicas Socioeducativas,11,Gestion Educativa en el Nivel Secundario,0,Gestion Educativa y Politicas Socioeducativas,2024-07-01 00:00:00
2023,330,29,Gestion Educativa y Politicas Socioeducativas,0,Gestion Educativa y Politicas Socioeducativas,0,Gestion Educativa y Politicas Socioeducativas,15,Gestion Educativa en el Nivel Primario,0,Gestion Educativa y Politicas Socioeducativas,2024-07-01 00:00:00
2023,330,29,Gestion Educativa y Politicas Socioeducativas,0,Gestion Educativa y Politicas Socioeducativas,0,Gestion Educativa y Politicas Socioeducativas,23,Programas de Terminalidad Educativa de Jovenes y Adultos,0,Gestion Educativa y Politicas Socioeducativas,2024-07-01 00:00:00
2023,330,29,Gestion Educativa y Politicas Socioeducativas,0,Gestion Educativa y Politicas Socioeducativas,0,Gestion Educativa y Politicas Socioeducativas,33,Fortalecimiento del Servicio de la Biblioteca Nacional de Maestros,0,Gestion Educativa y Politicas Socioeducativas,2024-07-01 00:00:00
2023,330,29,Gestion Educativa y Politicas Socioeducativas,0,Gestion Educativa y Politicas Socioeducativas,0,Gestion Educativa y Politicas Socioeducativas,35,Apoyo y Acompañamiento Socioeducativo a Niveles y Modalidades de la Educacion,0,Gestion Educativa y Politicas Socioeducativas,2024-07-01 00:00:00
2023,330,29,Gestion Educativa y Politicas Socioeducativas,0,Gestion Educativa y Politicas Socioeducativas,0,Gestion Educativa y Politicas Socioeducativas,44,Fortalecimiento de la Educacion Sexual Integral (PPG),0,Gestion Educativa y Politicas Socioeducativas,2024-07-01 00:00:00
2023,330,29,Gestion Educativa y Politicas Socioeducativas,0,Gestion Educativa y Politicas Socioeducativas,0,Gestion Educativa y Politicas Socioeducativas,45,Fortalecimiento de la Reinsercion Escolar y Construccion de Trayectorias Educativas: Asistire (BIRF Nº 8999-AR),0,Gestion Educativa y Politicas Socioeducativas,2024-07-01 00:00:00
2023,330,30,Cooperacion e Integracion Educativa Internacional,0,Cooperacion e Integracion Educativa Internacional,0,Cooperacion e Integracion Educativa Internacional,1,Conduccion y Administracion,0,Cooperacion e Integracion Educativa Internacional,2024-07-01 00:00:00
2023,330,30,Cooperacion e Integracion Educativa Internacional,0,Cooperacion e Integracion Educativa Internacional,0,Cooperacion e Integracion Educativa Internacional,2,Acciones del Colegio Mayor Argentino 'Nuestra Señora de Lujan' Madrid - España,0,Cooperacion e Integracion Educativa Internacional,2024-07-01 00:00:00
2023,330,30,Cooperacion e Integracion Educativa Internacional,0,Cooperacion e Integracion Educativa Internacional,0,Cooperacion e Integracion Educativa Internacional,4,Cooperacion Educativa,0,Cooperacion e Integracion Educativa Internacional,2024-07-01 00:00:00
2023,330,32,Informacion y Evaluacion de la Calidad Educativa,0,Informacion y Evaluacion de la Calidad Educativa,0,Informacion y Evaluacion de la Calidad Educativa,1,Direccion y Coordinacion,0,Informacion y Evaluacion de la Calidad Educativa,2024-07-01 00:00:00
2023,330,32,Informacion y Evaluacion de la Calidad Educativa,0,Informacion y Evaluacion de la Calidad Educativa,0,Informacion y Evaluacion de la Calidad Educativa,3,Evaluacion Educativa,0,Informacion y Evaluacion de la Calidad Educativa,2024-07-01 00:00:00
2023,330,32,Informacion y Evaluacion de la Calidad Educativa,0,Informacion y Evaluacion de la Calidad Educativa,0,Informacion y Evaluacion de la Calidad Educativa,7,Acciones Complementarias para el Fortalecimiento de la Evaluacion Educativa (BIRF N° 8999-AR),0,Informacion y Evaluacion de la Calidad Educativa,2024-07-01 00:00:00
2023,330,32,Informacion y Evaluacion de la Calidad Educativa,0,Informacion y Evaluacion de la Calidad Educativa,0,Informacion y Evaluacion de la Calidad Educativa,17,Acciones de Planeamiento Educativo,0,Informacion y Evaluacion de la Calidad Educativa,2024-07-01 00:00:00
2023,330,32,Informacion y Evaluacion de la Calidad Educativa,0,Informacion y Evaluacion de la Calidad Educativa,0,Informacion y Evaluacion de la Calidad Educativa,32,Sistema de gestion e informacion escolar (CAF 11545 'Vuelta al Aula'),0,Informacion y Evaluacion de la Calidad Educativa,2024-07-01 00:00:00
2023,330,37,Infraestructura y Equipamiento,0,Infraestructura y Equipamiento,0,Infraestructura y Equipamiento,1,Direccion y Coordinacion,0,Infraestructura y Equipamiento,2024-07-01 00:00:00
2023,330,37,Infraestructura y Equipamiento,0,Infraestructura y Equipamiento,0,Infraestructura y Equipamiento,2,Fortalecimiento del Equipamiento Educativo,0,Infraestructura y Equipamiento,2024-07-01 00:00:00
2023,330,37,Infraestructura y Equipamiento,0,Infraestructura y Equipamiento,0,Infraestructura y Equipamiento,3,Asistencia Financiera para Nuevas Obras,0,Infraestructura y Equipamiento,2024-07-01 00:00:00
2023,330,37,Infraestructura y Equipamiento,0,Infraestructura y Equipamiento,0,Infraestructura y Equipamiento,19,Asistencia Financiera para Ampliacion y Refaccion Edilicia,0,Infraestructura y Equipamiento,2024-07-01 00:00:00
2023,330,37,Infraestructura y Equipamiento,0,Infraestructura y Equipamiento,0,Infraestructura y Equipamiento,43,Construccion y Equipamiento Escolar - (CAF 11545),0,Infraestructura y Equipamiento,2024-07-01 00:00:00
2023,330,39,Innovacion y Desarrollo de la Formacion Tecnologica,0,Innovacion y Desarrollo de la Formacion Tecnologica,0,Innovacion y Desarrollo de la Formacion Tecnologica,1,Direccion y Coordinacion,0,Innovacion y Desarrollo de la Formacion Tecnologica,2024-07-01 00:00:00
2023,330,39,Innovacion y Desarrollo de la Formacion Tecnologica,0,Innovacion y Desarrollo de la Formacion Tecnologica,0,Innovacion y Desarrollo de la Formacion Tecnologica,2,Articulacion del Sistema Educativo con el Sistema Productivo,0,Innovacion y Desarrollo de la Formacion Tecnologica,2024-07-01 00:00:00
2023,330,39,Innovacion y Desarrollo de la Formacion Tecnologica,0,Innovacion y Desarrollo de la Formacion Tecnologica,0,Innovacion y Desarrollo de la Formacion Tecnologica,4,Fortalecimiento en el Uso de las Nuevas Tecnologias,0,Innovacion y Desarrollo de la Formacion Tecnologica,2024-07-01 00:00:00
2023,330,39,Innovacion y Desarrollo de la Formacion Tecnologica,0,Innovacion y Desarrollo de la Formacion Tecnologica,0,Innovacion y Desarrollo de la Formacion Tecnologica,5,Aplicacion del Fondo Nacional para la Educacion Tecnico Profesional,0,Innovacion y Desarrollo de la Formacion Tecnologica,2024-07-01 00:00:00
2023,330,44,Mejoramiento de la Calidad Educativa,0,Mejoramiento de la Calidad Educativa,0,Mejoramiento de la Calidad Educativa,1,Direccion y Coordinacion,0,Mejoramiento de la Calidad Educativa,2024-07-01 00:00:00
2023,330,44,Mejoramiento de la Calidad Educativa,0,Mejoramiento de la Calidad Educativa,0,Mejoramiento de la Calidad Educativa,26,Promocion de la Lectura - Leer por Leer,0,Mejoramiento de la Calidad Educativa,2024-07-01 00:00:00
2023,330,44,Mejoramiento de la Calidad Educativa,0,Mejoramiento de la Calidad Educativa,0,Mejoramiento de la Calidad Educativa,31,Materiales Educativos,0,Mejoramiento de la Calidad Educativa,2024-07-01 00:00:00
2023,330,45,Acciones de Formacion Docente,0,Acciones de Formacion Docente,0,Acciones de Formacion Docente,1,Direccion y Coordinacion,0,Acciones de Formacion Docente,2024-07-01 00:00:00
2023,330,45,Acciones de Formacion Docente,0,Acciones de Formacion Docente,0,Acciones de Formacion Docente,2,Desarrollo Institucional,0,Acciones de Formacion Docente,2024-07-01 00:00:00
2023,330,45,Acciones de Formacion Docente,0,Acciones de Formacion Docente,0,Acciones de Formacion Docente,14,Mejora de la Calidad de la Formacion Docente Inicial,0,Acciones de Formacion Docente,2024-07-01 00:00:00
2023,330,45,Acciones de Formacion Docente,0,Acciones de Formacion Docente,0,Acciones de Formacion Docente,42,Implementacion del Programa Nacional de Formacion Permanente 'Nuestra Escuela',0,Acciones de Formacion Docente,2024-07-01 00:00:00
2023,330,46,Fortalecimiento Edilicio de Jardines Infantiles,0,Fortalecimiento Edilicio de Jardines Infantiles,0,Fortalecimiento Edilicio de Jardines Infantiles,40,Construccion de Nuevos Jardines de Infantes con Licitacion Descentralizada,0,Fortalecimiento Edilicio de Jardines Infantiles,2024-07-01 00:00:00
2023,330,46,Fortalecimiento Edilicio de Jardines Infantiles,0,Fortalecimiento Edilicio de Jardines Infantiles,0,Fortalecimiento Edilicio de Jardines Infantiles,41,Ampliacion y Refaccion de Jardines de Infantes Existentes con Licitacion Descentralizada,0,Fortalecimiento Edilicio de Jardines Infantiles,2024-07-01 00:00:00
2023,330,46,Fortalecimiento Edilicio de Jardines Infantiles,1,Ejecucion de Obras en Jardines en Ciudad Autonoma de Buenos Aires y Gran Buenos Aires,15,"Construccion Jardin B° Villa Panamericana - Presidente Peron, Provincia de Buenos Aires- PROMEDU IV (BID 3455/OC-AR)",0,"Construccion Jardin B° Villa Panamericana - Presidente Peron, Provincia de Buenos Aires- PROMEDU IV (BID 3455/OC-AR)",51,"Construccion Jardin B° Villa Panamericana - Presidente Peron, Provincia de Buenos Aires- PROMEDU IV (BID 3455/OC-AR)",2024-07-01 00:00:00
2023,330,46,Fortalecimiento Edilicio de Jardines Infantiles,1,Ejecucion de Obras en Jardines en Ciudad Autonoma de Buenos Aires y Gran Buenos Aires,16,"Construccion Jardin N° 914 B° La Estelita - San Vicente, Provincia de Buenos Aires- PROMEDU IV (BID 3455/OC-AR)",0,"Construccion Jardin N° 914 B° La Estelita - San Vicente, Provincia de Buenos Aires- PROMEDU IV (BID 3455/OC-AR)",51,"Construccion Jardin N° 914 B° La Estelita - San Vicente, Provincia de Buenos Aires- PROMEDU IV (BID 3455/OC-AR)",2024-07-01 00:00:00
2023,330,46,Fortalecimiento Edilicio de Jardines Infantiles,1,Ejecucion de Obras en Jardines en Ciudad Autonoma de Buenos Aires y Gran Buenos Aires,17,"Construccion Jardin N° 915 - San Vicente, Provincia de Buenos Aires- PROMEDU IV (BID 3455/OC-AR)",0,"Construccion Jardin N° 915 - San Vicente, Provincia de Buenos Aires- PROMEDU IV (BID 3455/OC-AR)",51,"Construccion Jardin N° 915 - San Vicente, Provincia de Buenos Aires- PROMEDU IV (BID 3455/OC-AR)",2024-07-01 00:00:00
2023,330,46,Fortalecimiento Edilicio de Jardines Infantiles,1,Ejecucion de Obras en Jardines en Ciudad Autonoma de Buenos Aires y Gran Buenos Aires,21,"Construccion Jardin en B° Los Tronquitos - Florencio Varela, Provincia de Buenos Aires- PROMEDU IV (BID 3455/OC-AR)",0,"Construccion Jardin en B° Los Tronquitos - Florencio Varela, Provincia de Buenos Aires- PROMEDU IV (BID 3455/OC-AR)",51,"Construccion Jardin en B° Los Tronquitos - Florencio Varela, Provincia de Buenos Aires- PROMEDU IV (BID 3455/OC-AR)",2024-07-01 00:00:00
2023,330,46,Fortalecimiento Edilicio de Jardines Infantiles,1,Ejecucion de Obras en Jardines en Ciudad Autonoma de Buenos Aires y Gran Buenos Aires,22,"Construccion Jardin B° Santa Teresita - Presidente Peron, Provincia de Buenos Aires- PROMEDU IV (BID 3455/OC-AR)",0,"Construccion Jardin B° Santa Teresita - Presidente Peron, Provincia de Buenos Aires- PROMEDU IV (BID 3455/OC-AR)",51,"Construccion Jardin B° Santa Teresita - Presidente Peron, Provincia de Buenos Aires- PROMEDU IV (BID 3455/OC-AR)",2024-07-01 00:00:00
2023,330,46,Fortalecimiento Edilicio de Jardines Infantiles,1,Ejecucion de Obras en Jardines en Ciudad Autonoma de Buenos Aires y Gran Buenos Aires,23,"Construccion Jardin en B° La Yaya - Presidente Peron, Provincia de Buenos Aires- PROMEDU IV (BID 3455/OC-AR)",0,"Construccion Jardin en B° La Yaya - Presidente Peron, Provincia de Buenos Aires- PROMEDU IV (BID 3455/OC-AR)",51,"Construccion Jardin en B° La Yaya - Presidente Peron, Provincia de Buenos Aires- PROMEDU IV (BID 3455/OC-AR)",2024-07-01 00:00:00
2023,330,46,Fortalecimiento Edilicio de Jardines Infantiles,1,Ejecucion de Obras en Jardines en Ciudad Autonoma de Buenos Aires y Gran Buenos Aires,27,"Construccion Jardin N° 917 - Florencio Varela, Provincia de Buenos Aires- PROMEDU IV (BID 3455/OC-AR)",0,"Construccion Jardin N° 917 - Florencio Varela, Provincia de Buenos Aires- PROMEDU IV (BID 3455/OC-AR)",51,"Construccion Jardin N° 917 - Florencio Varela, Provincia de Buenos Aires- PROMEDU IV (BID 3455/OC-AR)",2024-07-01 00:00:00
2023,330,46,Fortalecimiento Edilicio de Jardines Infantiles,1,Ejecucion de Obras en Jardines en Ciudad Autonoma de Buenos Aires y Gran Buenos Aires,29,"Construccion Jardin en Lisandro Olmos - Ciudad de La Plata, Provincia de Buenos Aires- PROMEDU IV (BID 3455/OC-AR)",0,"Construccion Jardin en Lisandro Olmos - Ciudad de La Plata, Provincia de Buenos Aires- PROMEDU IV (BID 3455/OC-AR)",51,"Construccion Jardin en Lisandro Olmos - Ciudad de La Plata, Provincia de Buenos Aires- PROMEDU IV (BID 3455/OC-AR)",2024-07-01 00:00:00
2023,330,46,Fortalecimiento Edilicio de Jardines Infantiles,1,Ejecucion de Obras en Jardines en Ciudad Autonoma de Buenos Aires y Gran Buenos Aires,30,"Construccion Jardin B° Obrero - Ciudad de Berisso, Provincia de Buenos Aires- PROMEDU IV (BID 3455/OC-AR)",0,"Construccion Jardin B° Obrero - Ciudad de Berisso, Provincia de Buenos Aires- PROMEDU IV (BID 3455/OC-AR)",51,"Construccion Jardin B° Obrero - Ciudad de Berisso, Provincia de Buenos Aires- PROMEDU IV (BID 3455/OC-AR)",2024-07-01 00:00:00
2023,330,46,Fortalecimiento Edilicio de Jardines Infantiles,1,Ejecucion de Obras en Jardines en Ciudad Autonoma de Buenos Aires y Gran Buenos Aires,31,"Construccion Jardin Abasto 500 y 226 - Ciudad de La Plata, Provincia de Buenos Aires- PROMEDU IV (BID 3455/OC-AR)",0,"Construccion Jardin Abasto 500 y 226 - Ciudad de La Plata, Provincia de Buenos Aires- PROMEDU IV (BID 3455/OC-AR)",51,"Construccion Jardin Abasto 500 y 226 - Ciudad de La Plata, Provincia de Buenos Aires- PROMEDU IV (BID 3455/OC-AR)",2024-07-01 00:00:00
2023,330,46,Fortalecimiento Edilicio de Jardines Infantiles,1,Ejecucion de Obras en Jardines en Ciudad Autonoma de Buenos Aires y Gran Buenos Aires,32,"Construccion Jardin Abasto 520 y 217 - Ciudad de La Plata, Provincia de Buenos Aires- PROMEDU IV (BID 3455/OC-AR)",0,"Construccion Jardin Abasto 520 y 217 - Ciudad de La Plata, Provincia de Buenos Aires- PROMEDU IV (BID 3455/OC-AR)",51,"Construccion Jardin Abasto 520 y 217 - Ciudad de La Plata, Provincia de Buenos Aires- PROMEDU IV (BID 3455/OC-AR)",2024-07-01 00:00:00
2023,330,46,Fortalecimiento Edilicio de Jardines Infantiles,1,Ejecucion de Obras en Jardines en Ciudad Autonoma de Buenos Aires y Gran Buenos Aires,33,"Construccion Jardin en Barrio Villa Zula - Ciudad de Berisso, Provincia de Buenos Aires- PROMEDU IV (BID 3455/OC-AR)",0,"Construccion Jardin en Barrio Villa Zula - Ciudad de Berisso, Provincia de Buenos Aires- PROMEDU IV (BID 3455/OC-AR)",51,"Construccion Jardin en Barrio Villa Zula - Ciudad de Berisso, Provincia de Buenos Aires- PROMEDU IV (BID 3455/OC-AR)",2024-07-01 00:00:00
2023,330,46,Fortalecimiento Edilicio de Jardines Infantiles,1,Ejecucion de Obras en Jardines en Ciudad Autonoma de Buenos Aires y Gran Buenos Aires,34,"Construccion Jardin en B° Las Margaritas - Florencio Varela, Provincia de Buenos Aires- PROMEDU IV (BID 3455/OC-AR)",0,"Construccion Jardin en B° Las Margaritas - Florencio Varela, Provincia de Buenos Aires- PROMEDU IV (BID 3455/OC-AR)",51,"Construccion Jardin en B° Las Margaritas - Florencio Varela, Provincia de Buenos Aires- PROMEDU IV (BID 3455/OC-AR)",2024-07-01 00:00:00
2023,330,46,Fortalecimiento Edilicio de Jardines Infantiles,1,Ejecucion de Obras en Jardines en Ciudad Autonoma de Buenos Aires y Gran Buenos Aires,36,"Construccion de Jardin Barrio Santa Rosa - Florencio Varela, Provincia de Buenos Aires-PRINI II (BID N° 5585/OC-AR)",0,"Construccion de Jardin Barrio Santa Rosa - Florencio Varela, Provincia de Buenos Aires-PRINI II (BID N° 5585/OC-AR)",51,"Construccion de Jardin Barrio Santa Rosa - Florencio Varela, Provincia de Buenos Aires-PRINI II (BID N° 5585/OC-AR)",2024-07-01 00:00:00
2023,330,46,Fortalecimiento Edilicio de Jardines Infantiles,1,Ejecucion de Obras en Jardines en Ciudad Autonoma de Buenos Aires y Gran Buenos Aires,41,"Construccion Jardin en Oliver, Esteban Echeverria,  Monte Grande - Prov. Buenos Aires - PROMEDU IV (BID 3455/OC-AR)",0,"Construccion Jardin en Oliver, Esteban Echeverria,  Monte Grande - Prov. Buenos Aires - PROMEDU IV (BID 3455/OC-AR)",51,"Construccion Jardin en Oliver, Esteban Echeverria,  Monte Grande - Prov. Buenos Aires - PROMEDU IV (BID 3455/OC-AR)",2024-07-01 00:00:00
2023,330,46,Fortalecimiento Edilicio de Jardines Infantiles,1,Ejecucion de Obras en Jardines en Ciudad Autonoma de Buenos Aires y Gran Buenos Aires,44,"Construccion Jardin lindero a escuela N° 93, La Matanza, Localidad de Rafael Castillo - Provincia de Buenos Aires - PRINI II (BI",0,"Construccion Jardin lindero a escuela N° 93, La Matanza, Localidad de Rafael Castillo - Provincia de Buenos Aires - PRINI II (BI",51,"Construccion Jardin lindero a escuela N° 93, La Matanza, Localidad de Rafael Castillo - Provincia de Buenos Aires - PRINI II (BI",2024-07-01 00:00:00
2023,330,46,Fortalecimiento Edilicio de Jardines Infantiles,1,Ejecucion de Obras en Jardines en Ciudad Autonoma de Buenos Aires y Gran Buenos Aires,51,"Construccion Jardin de Infantes N° 913 en Pilar, Villa Rosa, Provincia de Buenos Aires - PRINI I (BID 4229/OC-AR)",0,"Construccion Jardin de Infantes N° 913 en Pilar, Villa Rosa, Provincia de Buenos Aires - PRINI I (BID 4229/OC-AR)",51,"Construccion Jardin de Infantes N° 913 en Pilar, Villa Rosa, Provincia de Buenos Aires - PRINI I (BID 4229/OC-AR)",2024-07-01 00:00:00
2023,330,46,Fortalecimiento Edilicio de Jardines Infantiles,1,Ejecucion de Obras en Jardines en Ciudad Autonoma de Buenos Aires y Gran Buenos Aires,55,"Construccion Jardin de Infantes en Canning Ezeiza, Ezeiza, Provincia de Buenos Aires - PRINI II (BID N° 5585/OC-AR)",0,"Construccion Jardin de Infantes en Canning Ezeiza, Ezeiza, Provincia de Buenos Aires - PRINI II (BID N° 5585/OC-AR)",51,"Construccion Jardin de Infantes en Canning Ezeiza, Ezeiza, Provincia de Buenos Aires - PRINI II (BID N° 5585/OC-AR)",2024-07-01 00:00:00
2023,330,46,Fortalecimiento Edilicio de Jardines Infantiles,1,Ejecucion de Obras en Jardines en Ciudad Autonoma de Buenos Aires y Gran Buenos Aires,56,"Construccion Jardin de Infantes en el Barrio San Andres Ezeiza, Ezeiza, Provincia de Buenos Aires -PRINI II (BID N° 5585/OC-AR)",0,"Construccion Jardin de Infantes en el Barrio San Andres Ezeiza, Ezeiza, Provincia de Buenos Aires -PRINI II (BID N° 5585/OC-AR)",51,"Construccion Jardin de Infantes en el Barrio San Andres Ezeiza, Ezeiza, Provincia de Buenos Aires -PRINI II (BID N° 5585/OC-AR)",2024-07-01 00:00:00
2023,330,46,Fortalecimiento Edilicio de Jardines Infantiles,1,Ejecucion de Obras en Jardines en Ciudad Autonoma de Buenos Aires y Gran Buenos Aires,66,"Construccion Jardin en Barrio Eva Peron, San Vicente, Provincia de Buenos Aires- PROMEDU IV (BID 3455/OC-AR)",0,"Construccion Jardin en Barrio Eva Peron, San Vicente, Provincia de Buenos Aires- PROMEDU IV (BID 3455/OC-AR)",51,"Construccion Jardin en Barrio Eva Peron, San Vicente, Provincia de Buenos Aires- PROMEDU IV (BID 3455/OC-AR)",2024-07-01 00:00:00
2023,330,46,Fortalecimiento Edilicio de Jardines Infantiles,1,Ejecucion de Obras en Jardines en Ciudad Autonoma de Buenos Aires y Gran Buenos Aires,71,"Construccion Jardin N° 942 - Quilmes, Provincia de Buenos Aires - PROMEDU IV (BID 3455/OC-AR)",0,"Construccion Jardin N° 942 - Quilmes, Provincia de Buenos Aires - PROMEDU IV (BID 3455/OC-AR)",51,"Construccion Jardin N° 942 - Quilmes, Provincia de Buenos Aires - PROMEDU IV (BID 3455/OC-AR)",2024-07-01 00:00:00
2023,330,46,Fortalecimiento Edilicio de Jardines Infantiles,1,Ejecucion de Obras en Jardines en Ciudad Autonoma de Buenos Aires y Gran Buenos Aires,78,"Construccion Jardin  Barrio La Merced, Virrey del Pino - La Matanza, Provincia de Buenos Aires - PROMEDU IV (BID 3455/OC-AR)",0,"Construccion Jardin  Barrio La Merced, Virrey del Pino - La Matanza, Provincia de Buenos Aires - PROMEDU IV (BID 3455/OC-AR)",51,"Construccion Jardin  Barrio La Merced, Virrey del Pino - La Matanza, Provincia de Buenos Aires - PROMEDU IV (BID 3455/OC-AR)",2024-07-01 00:00:00
2023,330,46,Fortalecimiento Edilicio de Jardines Infantiles,1,Ejecucion de Obras en Jardines en Ciudad Autonoma de Buenos Aires y Gran Buenos Aires,79,"Construccion Jardin  Barrio San Nicolas, Virrey del Pino - La Matanza, Provincia de Buenos Aires - PROMEDU IV (BID 3455/OC-AR)",0,"Construccion Jardin  Barrio San Nicolas, Virrey del Pino - La Matanza, Provincia de Buenos Aires - PROMEDU IV (BID 3455/OC-AR)",51,"Construccion Jardin  Barrio San Nicolas, Virrey del Pino - La Matanza, Provincia de Buenos Aires - PROMEDU IV (BID 3455/OC-AR)",2024-07-01 00:00:00
2023,330,46,Fortalecimiento Edilicio de Jardines Infantiles,1,Ejecucion de Obras en Jardines en Ciudad Autonoma de Buenos Aires y Gran Buenos Aires,80,"Construccion Jardin  Barrio La Capilla, Marcos Paz, Provincia de Buenos Aires - PROMEDU IV (BID 3455/OC-AR)",0,"Construccion Jardin  Barrio La Capilla, Marcos Paz, Provincia de Buenos Aires - PROMEDU IV (BID 3455/OC-AR)",51,"Construccion Jardin  Barrio La Capilla, Marcos Paz, Provincia de Buenos Aires - PROMEDU IV (BID 3455/OC-AR)",2024-07-01 00:00:00
2023,330,46,Fortalecimiento Edilicio de Jardines Infantiles,1,Ejecucion de Obras en Jardines en Ciudad Autonoma de Buenos Aires y Gran Buenos Aires,81,"Construccion Jardin de Infantes N°915, Avellaneda, localidad de Avellaneda, Provincia de BUENOS AIRES - PROMEDU IV (BID 3455/OC-",0,"Construccion Jardin de Infantes N°915, Avellaneda, localidad de Avellaneda, Provincia de BUENOS AIRES - PROMEDU IV (BID 3455/OC-",51,"Construccion Jardin de Infantes N°915, Avellaneda, localidad de Avellaneda, Provincia de BUENOS AIRES - PROMEDU IV (BID 3455/OC-",2024-07-01 00:00:00
2023,330,46,Fortalecimiento Edilicio de Jardines Infantiles,1,Ejecucion de Obras en Jardines en Ciudad Autonoma de Buenos Aires y Gran Buenos Aires,83,"Construccion Jardin de Infantes en Calle El Chaja localidad San Jose,  Provincia de Buenos Aires - PROMEDU IV (BID 3455/OC-AR)",0,"Construccion Jardin de Infantes en Calle El Chaja localidad San Jose,  Provincia de Buenos Aires - PROMEDU IV (BID 3455/OC-AR)",51,"Construccion Jardin de Infantes en Calle El Chaja localidad San Jose,  Provincia de Buenos Aires - PROMEDU IV (BID 3455/OC-AR)",2024-07-01 00:00:00
2023,330,46,Fortalecimiento Edilicio de Jardines Infantiles,4,Ejecucion de Obras en Jardines en Region Cuyo y Cordoba,32,"Construccion Jardin 'Constancio C. Vigil' - Noetinger, Provincia de Cordoba - PRINI (BID 4229 /OC-AR)",0,"Construccion Jardin 'Constancio C. Vigil' - Noetinger, Provincia de Cordoba - PRINI (BID 4229 /OC-AR)",51,"Construccion Jardin 'Constancio C. Vigil' - Noetinger,  Provincia de Cordoba - PRINI (BID 4229 /OC-AR)",2024-07-01 00:00:00
2023,330,46,Fortalecimiento Edilicio de Jardines Infantiles,4,Ejecucion de Obras en Jardines en Region Cuyo y Cordoba,40,"Construccion Jardin de Infantes “Domingo Faustino Sarmiento”, localidad Serrano, provincia de Cordoba - Prestamo PRINI (BID N° 4",0,"Construccion Jardin de Infantes “Domingo Faustino Sarmiento”, localidad Serrano, provincia de Cordoba - Prestamo PRINI (BID N° 4",51,"Construccion Jardin de Infantes “Domingo Faustino Sarmiento”, localidad Serrano, provincia de Cordoba - Prestamo PRINI (BID N° 4",2024-07-01 00:00:00
2023,330,46,Fortalecimiento Edilicio de Jardines Infantiles,4,Ejecucion de Obras en Jardines en Region Cuyo y Cordoba,43,"Construccion Jardin 'Eloy Gomez' Anexo - Villa Ciudad Parque,  Provincia de Cordoba - PRINI (BID 4229 /OC-AR)",0,"Construccion Jardin 'Eloy Gomez' Anexo - Villa Ciudad Parque,  Provincia de Cordoba - PRINI (BID 4229 /OC-AR)",51,"Construccion Jardin 'Eloy Gomez' Anexo - Villa Ciudad Parque,  Provincia de Cordoba - PRINI (BID 4229 /OC-AR)",2024-07-01 00:00:00
2023,330,46,Fortalecimiento Edilicio de Jardines Infantiles,4,Ejecucion de Obras en Jardines en Region Cuyo y Cordoba,45,"Construccion Jardin  'Padre Eladio Diez Anexo', La Calera, Provincia de Cordoba - PRINI (BID 4229 /OC-AR)",0,"Construccion Jardin  'Padre Eladio Diez Anexo', La Calera, Provincia de Cordoba - PRINI (BID 4229 /OC-AR)",51,"Construccion Jardin  'Padre Eladio Diez Anexo', La Calera, Provincia de Cordoba - PRINI (BID 4229 /OC-AR)",2024-07-01 00:00:00
2023,330,46,Fortalecimiento Edilicio de Jardines Infantiles,4,Ejecucion de Obras en Jardines en Region Cuyo y Cordoba,50,"Construccion Jardin de Infantes 'Luis Jorge Fontana', Localidad de San Juan, Provincia de San Juan - PRINI II (BID N° 5585/OC-AR",0,"Construccion Jardin de Infantes 'Luis Jorge Fontana', Localidad de San Juan, Provincia de San Juan - PRINI II (BID N° 5585/OC-AR",51,"Construccion Jardin de Infantes 'Luis Jorge Fontana', Localidad de San Juan, Provincia de San Juan - PRINI II (BID N° 5585/OC-AR",2024-07-01 00:00:00
2023,330,46,Fortalecimiento Edilicio de Jardines Infantiles,4,Ejecucion de Obras en Jardines en Region Cuyo y Cordoba,51,"Construccion Jardin de Infantes  “Provincia de Mendoza Anexo San Juan de la Frontera”, Localidad Barrio Rivadavia, Provincia de",0,"Construccion Jardin de Infantes  “Provincia de Mendoza Anexo San Juan de la Frontera”, Localidad Barrio Rivadavia, Provincia de",51,"Construccion Jardin de Infantes  “Provincia de Mendoza Anexo San Juan de la Frontera”, Localidad Barrio Rivadavia, Provincia de",2024-07-01 00:00:00
2023,330,46,Fortalecimiento Edilicio de Jardines Infantiles,4,Ejecucion de Obras en Jardines en Region Cuyo y Cordoba,57,"Construccion  Jardin N°16 Rosario Sarmiento - Chimbas, Provincia de San Juan - PRINI (BID 4229 /OC-AR)",0,"Construccion  Jardin N°16 Rosario Sarmiento - Chimbas, Provincia de San Juan - PRINI (BID 4229 /OC-AR)",51,"Construccion Jardin N°16 Rosario Sarmiento - Chimbas, Provincia de San Juan - PRINI (BID 4229 /OC-AR)",2024-07-01 00:00:00
2023,330,46,Fortalecimiento Edilicio de Jardines Infantiles,4,Ejecucion de Obras en Jardines en Region Cuyo y Cordoba,87,"Construccion Jardin 'Estacion Colonia Tirolesa' en Colonia Tirolesa - Colon, Provincia de  Cordoba - PRINI (BID 4229 /OC-AR)",0,"Construccion Jardin 'Estacion Colonia Tirolesa' en Colonia Tirolesa - Colon, Provincia de  Cordoba - PRINI (BID 4229 /OC-AR)",51,"Construccion Jardin 'Estacion Colonia Tirolesa' en Colonia Tirolesa - Colon, Provincia de  Cordoba - PRINI (BID 4229 /OC-AR)",2024-07-01 00:00:00
2023,330,46,Fortalecimiento Edilicio de Jardines Infantiles,4,Ejecucion de Obras en Jardines en Region Cuyo y Cordoba,96,"Construccion Jardin 'Polo Godoy Rojo', Localidad Juarez Celman,  Provincia de Cordoba - PRINI (BID 4229 /OC-AR)",0,"Construccion Jardin 'Polo Godoy Rojo', Localidad Juarez Celman,  Provincia de Cordoba - PRINI (BID 4229 /OC-AR)",51,"Construccion Jardin 'Polo Godoy Rojo', Localidad Juarez Celman,  Provincia de Cordoba - PRINI (BID 4229 /OC-AR)",2024-07-01 00:00:00
2023,330,46,Fortalecimiento Edilicio de Jardines Infantiles,9,Ejecucion de Obras en Jardines en Region Noroeste Argentino - Etapa II,2,"Construccion Jardin de Infantes en Barrio Milagro de Santa Clara, Provincia de  Jujuy- PROMEDU IV (BID 3455/OC-AR)",0,"Construccion Jardin de Infantes en Barrio Milagro de Santa Clara, Provincia de  Jujuy- PROMEDU IV (BID 3455/OC-AR)",51,"Construccion Jardin de Infantes en Barrio Milagro de Santa Clara, Provincia de  Jujuy- PROMEDU IV (BID 3455/OC-AR)",2024-07-01 00:00:00
2023,330,46,Fortalecimiento Edilicio de Jardines Infantiles,9,Ejecucion de Obras en Jardines en Region Noroeste Argentino - Etapa II,4,"Construccion Jardin Inf.en Esc. N° 4097 'Cacique Cambai' de Tartagal - Gral. San Martin, Prov.Salta - PROMEDU IV(BID 3455/OC-AR)",0,"Construccion Jardin Inf.en Esc. N° 4097 'Cacique Cambai' de Tartagal - Gral. San Martin, Prov.Salta - PROMEDU IV(BID 3455/OC-AR)",51,"Construccion Jardin Inf.en Esc. N° 4097 'Cacique Cambai' de Tartagal - Gral. San Martin, Prov.Salta - PROMEDU IV(BID 3455/OC-AR)",2024-07-01 00:00:00
2023,330,46,Fortalecimiento Edilicio de Jardines Infantiles,9,Ejecucion de Obras en Jardines en Region Noroeste Argentino - Etapa II,5,"Constr. Jardin en Escuela N° 4167 '12 de Octubre Dia de la Raza' de Tartagal - Gral. San Martin, Prov. de  Salta - PROMEDU IV",0,"Constr. Jardin en Escuela N° 4167 '12 de Octubre Dia de la Raza' de Tartagal - Gral. San Martin, Prov. de  Salta - PROMEDU IV",51,"Constr. Jardin en Escuela N° 4167 '12 de Octubre Dia de la Raza' de Tartagal - Gral. San Martin, Prov. de  Salta - PROMEDU IV",2024-07-01 00:00:00
2023,330,46,Fortalecimiento Edilicio de Jardines Infantiles,9,Ejecucion de Obras en Jardines en Region Noroeste Argentino - Etapa II,8,Construccion Jardin Barrio Solidaridad (calle 116) de Salta-Capital provincia de  Salta - PROMEDU IV (BID Nº 3455/OC-AR),0,Construccion Jardin Barrio Solidaridad (calle 116) de Salta-Capital provincia de  Salta - PROMEDU IV (BID Nº 3455/OC-AR),51,Construccion Jardin Barrio Solidaridad (calle 116) de Salta-Capital provincia de  Salta - PROMEDU IV (BID Nº 3455/OC-AR),2024-07-01 00:00:00
2023,330,46,Fortalecimiento Edilicio de Jardines Infantiles,9,Ejecucion de Obras en Jardines en Region Noroeste Argentino - Etapa II,9,"Construccion Jardin a Crear en Barrio Parque del Sur - San Fernando del Valle de Catamarca, Prov. Catamarca (BID Nº 3455/OC-AR)",0,"Construccion Jardin a Crear en Barrio Parque del Sur - San Fernando del Valle de Catamarca, Prov. Catamarca (BID Nº 3455/OC-AR)",51,"Construccion Jardin a Crear en Barrio Parque del Sur - San Fernando del Valle de Catamarca, Prov.Catamarca (BID Nº 3455/OC-AR)",2024-07-01 00:00:00
2023,330,46,Fortalecimiento Edilicio de Jardines Infantiles,9,Ejecucion de Obras en Jardines en Region Noroeste Argentino - Etapa II,11,Construccion Jardin de Infantes  N° 16 - Villa de Poman Provincia de Catamarca - PROMEDU IV (BID 3455/OC-AR),0,Construccion Jardin de Infantes  N° 16 - Villa de Poman Provincia de Catamarca - PROMEDU IV (BID 3455/OC-AR),51,Construccion Jardin de Infantes  N° 16 - Villa de Poman Provincia de Catamarca - PROMEDU IV (BID 3455/OC-AR),2024-07-01 00:00:00
2023,330,46,Fortalecimiento Edilicio de Jardines Infantiles,9,Ejecucion de Obras en Jardines en Region Noroeste Argentino - Etapa II,12,"Construccion Jardin  N° 4700 'Legado General Belgrano', Salta-Capital, Salta -  PROMEDU IV Prestamo BID 3455/OC-AR",0,"Construccion Jardin  N° 4700 'Legado General Belgrano', Salta-Capital, Salta -  PROMEDU IV Prestamo BID 3455/OC-AR",51,"Construccion Jardin  N° 4700 'Legado General Belgrano', Salta-Capital, Salta -  PROMEDU IV Prestamo BID 3455/OC-AR",2024-07-01 00:00:00
2023,330,46,Fortalecimiento Edilicio de Jardines Infantiles,9,Ejecucion de Obras en Jardines en Region Noroeste Argentino - Etapa II,13,"Construccion Jardin de Infantes  N° 22 Lindero a Esc. N° 277 en Tapso - El Alto, Provincia de Catamarca (BID Nº 3455/OC-AR)",0,"Construccion Jardin de Infantes  N° 22 Lindero a Esc. N° 277 en Tapso - El Alto, Provincia de Catamarca (BID Nº 3455/OC-AR)",51,"Construccion Jardin de Infantes  N° 22 Lindero a Esc. N° 277 en Tapso - El Alto, Provincia de Catamarca (BID Nº 3455/OC-AR)",2024-07-01 00:00:00
2023,330,46,Fortalecimiento Edilicio de Jardines Infantiles,9,Ejecucion de Obras en Jardines en Region Noroeste Argentino - Etapa II,14,"Construccion Jardin  N° 4303 Maestro Terrone Riera, Oran, Salta -  PROMEDU IV Prestamo BID 3455/OC-AR",0,"Construccion Jardin  N° 4303 Maestro Terrone Riera, Oran, Salta -  PROMEDU IV Prestamo BID 3455/OC-AR",51,"Construccion Jardin  N° 4303 Maestro Terrone Riera, Oran, Salta -  PROMEDU IV Prestamo BID 3455/OC-AR",2024-07-01 00:00:00
2023,330,46,Fortalecimiento Edilicio de Jardines Infantiles,9,Ejecucion de Obras en Jardines en Region Noroeste Argentino - Etapa II,15,"Construccion Jardin Sede a Crear en Chumbicha - Capayan, Provincia de Catamarca (BID Nº 3455/OC-AR)",0,"Construccion Jardin Sede a Crear en Chumbicha - Capayan, Provincia de Catamarca (BID Nº 3455/OC-AR)",51,"Construccion Jardin Sede a Crear en Chumbicha - Capayan, Provincia de Catamarca (BID Nº 3455/OC-AR)",2024-07-01 00:00:00
2023,330,46,Fortalecimiento Edilicio de Jardines Infantiles,9,Ejecucion de Obras en Jardines en Region Noroeste Argentino - Etapa II,18,"Construc Jardin de Infantes N°4021 '20 de Feb de 1813', ex N°46, Localidad de Salta, Provincia de Salta - PRINI (BID 4229/OC-AR)",0,"Construc Jardin de Infantes N°4021 '20 de Feb de 1813', ex N°46, Localidad de Salta, Provincia de Salta - PRINI (BID 4229/OC-AR)",51,"Construc Jardin de Infantes N°4021 '20 de Feb de 1813', ex N°46, Localidad de Salta, Provincia de Salta - PRINI (BID 4229/OC-AR)",2024-07-01 00:00:00
2023,330,46,Fortalecimiento Edilicio de Jardines Infantiles,9,Ejecucion de Obras en Jardines en Region Noroeste Argentino - Etapa II,21,"Construccion Jardin de Infantes, a crear, Localidad de La Silleta, Provincia de Salta - PRINI (BID 4229/OC-AR)",0,"Construccion Jardin de Infantes, a crear, Localidad de La Silleta, Provincia de Salta - PRINI (BID 4229/OC-AR)",51,"Construccion Jardin de Infantes, a crear, Localidad de La Silleta, Provincia de Salta - PRINI (BID 4229/OC-AR)",2024-07-01 00:00:00
2023,330,46,Fortalecimiento Edilicio de Jardines Infantiles,9,Ejecucion de Obras en Jardines en Region Noroeste Argentino - Etapa II,25,"Construc Jardin de Infantes Escuela Primaria N°381 'Dr. Fernando Prat Gay', Loc Leales, Tucuman -  PRINI (BID 4229/OCAR)",0,"Construc Jardin de Infantes Escuela Primaria N°381 'Dr. Fernando Prat Gay', Loc Leales, Tucuman -  PRINI (BID 4229/OCAR)",51,"Construc Jardin de Infantes Escuela Primaria N°381 'Dr. Fernando Prat Gay', Loc Leales, Tucuman -  PRINI (BID 4229/OCAR)",2024-07-01 00:00:00
2023,330,46,Fortalecimiento Edilicio de Jardines Infantiles,9,Ejecucion de Obras en Jardines en Region Noroeste Argentino - Etapa II,39,"Construccion Jardin de Inf. en Esc. N° 4063 D.Victorino  de la  Plaza EX-119 Cachi, Prov. de Salta- PROMEDU IV (BID 3455/OC-AR)",0,"Construccion Jardin de Inf. en Esc. N° 4063 D.Victorino  de la  Plaza EX-119 Cachi, Prov. de Salta- PROMEDU IV (BID 3455/OC-AR)",51,"Construccion Jardin de Inf. en Esc. N° 4063 D.Victorino  de la  Plaza EX-119 Cachi, Prov. de Salta- PROMEDU IV (BID 3455/OC-AR)",2024-07-01 00:00:00
2023,330,46,Fortalecimiento Edilicio de Jardines Infantiles,9,Ejecucion de Obras en Jardines en Region Noroeste Argentino - Etapa II,40,"Construccion Jardin en Escuela N° 4064 Facundo de Zuviria  (EX-121) localidad Cafayate,Prov.de Salta -PROMEDU IV(BID 3455/OC-AR)",0,"Construccion Jardin en Escuela N° 4064 Facundo de Zuviria  (EX-121) localidad Cafayate,Prov.de Salta -PROMEDU IV(BID 3455/OC-AR)",51,"Construccion Jardin en Escuela N° 4064 Facundo de Zuviria  (EX-121) localidad Cafayate,Prov.de Salta -PROMEDU IV(BID 3455/OC-AR)",2024-07-01 00:00:00
2023,330,46,Fortalecimiento Edilicio de Jardines Infantiles,9,Ejecucion de Obras en Jardines en Region Noroeste Argentino - Etapa II,47,"Construccion  Jardin de Infantes en la Escuela Martha Alcira Salotti, Localidad Las Talitas, Prov. de Tucuman(BID 3455/OC-AR)",0,"Construccion  Jardin de Infantes en la Escuela Martha Alcira Salotti, Localidad Las Talitas, Prov. de Tucuman(BID 3455/OC-AR)",51,"Construccion  Jardin de Infantes en la Escuela Martha Alcira Salotti, Localidad Las Talitas, Prov.de Tucuman(BID 3455/OC-AR)",2024-07-01 00:00:00
2023,330,46,Fortalecimiento Edilicio de Jardines Infantiles,9,Ejecucion de Obras en Jardines en Region Noroeste Argentino - Etapa II,51,"Construccion Jardin de Infantes en la Escuela N°  4041 Rafael  Patricio Sosa (EX-79) localidad Salta, (BID 4229 /OC-AR)",0,"Construccion Jardin de Infantes en la Escuela N°  4041 Rafael  Patricio Sosa (EX-79) localidad Salta, (BID 4229 /OC-AR)",51,"Construccion Jardin de Infantes en la Escuela N°  4041 Rafael  Patricio Sosa (EX-79) localidad Salta, (BID 4229 /OC-AR)",2024-07-01 00:00:00
2023,330,46,Fortalecimiento Edilicio de Jardines Infantiles,9,Ejecucion de Obras en Jardines en Region Noroeste Argentino - Etapa II,67,"Construccion Jardin de Infantes en el Barrio San Lorenzo, Localidad San Lorenzo, provincia Salta - PROMEDU IV (BID 3455/OC-AR)",0,"Construccion Jardin de Infantes en el Barrio San Lorenzo, Localidad San Lorenzo, provincia Salta - PROMEDU IV (BID 3455/OC-AR)",51,"Construccion Jardin de Infantes en el Barrio San Lorenzo, Localidad San Lorenzo, provincia Salta - PROMEDU IV (BID 3455/OC-AR)",2024-07-01 00:00:00
2023,330,46,Fortalecimiento Edilicio de Jardines Infantiles,9,Ejecucion de Obras en Jardines en Region Noroeste Argentino - Etapa II,68,"Construccion Jardin de Infantes en la Escuela N° 83 ISABEL MENA DE MATA, Burruyacu, localidad El Chañar, provincia de TUCUMAN -",0,"Construccion Jardin de Infantes en la Escuela N° 83 ISABEL MENA DE MATA, Burruyacu, localidad El Chañar, provincia de TUCUMAN -",51,"Construccion Jardin de Infantes en la Escuela N° 83 ISABEL MENA DE MATA, Burruyacu, localidad El Chañar, provincia de TUCUMAN -",2024-07-01 00:00:00
2023,330,46,Fortalecimiento Edilicio de Jardines Infantiles,9,Ejecucion de Obras en Jardines en Region Noroeste Argentino - Etapa II,69,"Construccion Jardin de Infantes en la Escuela N° 2, Chilecito, localidad de Malligasta, provincia de La Rioja - PROMEDU IV (BID",0,"Construccion Jardin de Infantes en la Escuela N° 2, Chilecito, localidad de Malligasta, provincia de La Rioja - PROMEDU IV (BID",51,"Construccion Jardin de Infantes en la Escuela N° 2, Chilecito, localidad de Malligasta, provincia de La Rioja - PROMEDU IV (BID",2024-07-01 00:00:00
2023,330,46,Fortalecimiento Edilicio de Jardines Infantiles,9,Ejecucion de Obras en Jardines en Region Noroeste Argentino - Etapa II,70,"Construccion Jardin Mama Antula, La Banda, localidad de La Banda, provincia de Santiago del Estero - PROMEDU IV (BID N° 3455/OC-",0,"Construccion Jardin Mama Antula, La Banda, localidad de La Banda, provincia de Santiago del Estero - PROMEDU IV (BID N° 3455/OC-",51,"Construccion Jardin Mama Antula, La Banda, localidad de La Banda, provincia de Santiago del Estero - PROMEDU IV (BID N° 3455/OC-",2024-07-01 00:00:00
2023,330,46,Fortalecimiento Edilicio de Jardines Infantiles,9,Ejecucion de Obras en Jardines en Region Noroeste Argentino - Etapa II,73,"Construccion Jardin en Escuela 4035 Profesor Alejandro Gauffin, Salta, Provincia de Salta - PRINI I (BID N° 4229 /OC-AR)",0,"Construccion Jardin en Escuela 4035 Profesor Alejandro Gauffin, Salta, Provincia de Salta - PRINI I (BID N° 4229 /OC-AR)",51,"Construccion Jardin en Escuela 4035 Profesor Alejandro Gauffin, Salta, Provincia de Salta - PRINI I (BID N° 4229 /OC-AR)",2024-07-01 00:00:00
2023,330,46,Fortalecimiento Edilicio de Jardines Infantiles,9,Ejecucion de Obras en Jardines en Region Noroeste Argentino - Etapa II,74,"Construccion Jardin en el barrio Sector C1 Ciudad Nueva, localidad La Rioja, provincia de La Rioja- PROMEDU IV (BID N° 3455/OC-A",0,"Construccion Jardin en el barrio Sector C1 Ciudad Nueva, localidad La Rioja, provincia de La Rioja- PROMEDU IV (BID N° 3455/OC-A",51,"Construccion Jardin en el barrio Sector C1 Ciudad Nueva, localidad La Rioja, provincia de La Rioja- PROMEDU IV (BID N° 3455/OC-A",2024-07-01 00:00:00
2023,330,46,Fortalecimiento Edilicio de Jardines Infantiles,9,Ejecucion de Obras en Jardines en Region Noroeste Argentino - Etapa II,76,"Construccion Jardin de Infantes N° 4070 “Dr. Mariano Boedo” (ex-129), Localidad de La Merced, Provincia de Salta PRINI II (BID 5",0,"Construccion Jardin de Infantes N° 4070 “Dr. Mariano Boedo” (ex-129), Localidad de La Merced, Provincia de Salta PRINI II (BID 5",51,"Construccion Jardin de Infantes N° 4070 “Dr. Mariano Boedo” (ex-129), Localidad de La Merced, Provincia de Salta PRINI II (BID 5",2024-07-01 00:00:00
2023,330,46,Fortalecimiento Edilicio de Jardines Infantiles,9,Ejecucion de Obras en Jardines en Region Noroeste Argentino - Etapa II,78,"Construccion Jardin de Infantes en Escuela N° 250 “Antonio Campo”, Timbo Viejo, Provincia de Tucuman – PRINI (BID 4229/OC-AR)",0,"Construccion Jardin de Infantes en Escuela N° 250 “Antonio Campo”, Timbo Viejo, Provincia de Tucuman – PRINI (BID 4229/OC-AR)",51,"Construccion Jardin de Infantes en Escuela N° 250 “Antonio Campo', Timbo Viejo, Provincia de Tucuman – PRINI (BID 4229/OC-AR)",2024-07-01 00:00:00
2023,330,46,Fortalecimiento Edilicio de Jardines Infantiles,11,Ejecucion de Obras en Jardines en Region Noreste Argentino - Etapa II,11,"Construccion Jardin de Infantes, a crear, N° 44 Anexo N°6, Localidad de Formosa, Provincia de Formosa - PRINI II (BID 5585/OC-AR",0,"Construccion Jardin de Infantes, a crear, N° 44 Anexo N°6, Localidad de Formosa, Provincia de Formosa - PRINI II (BID 5585/OC-AR",51,"Construccion Jardin de Infantes, a crear, N° 44 Anexo N°6, Localidad de Formosa, Provincia de Formosa - PRINI II (BID 5585/OC-AR",2024-07-01 00:00:00
2023,330,47,Conectar Igualdad,0,Conectar Igualdad,0,Conectar Igualdad,1,Direccion y Coordinacion,0,Conectar Igualdad,2024-07-01 00:00:00
2023,330,47,Conectar Igualdad,0,Conectar Igualdad,0,Conectar Igualdad,2,Adquisicion de Equipamiento,0,Conectar Igualdad,2024-07-01 00:00:00
2023,330,47,Conectar Igualdad,0,Conectar Igualdad,0,Conectar Igualdad,3,Desarrollo Pedagogico a traves de la Incorporacion de las Tecnologias de la Informacion y Comunicacion (TIC's),0,Conectar Igualdad,2024-07-01 00:00:00
2023,330,47,Conectar Igualdad,0,Conectar Igualdad,0,Conectar Igualdad,7,Conectividad e Infraestructura,0,Conectar Igualdad,2024-07-01 00:00:00
2023,330,48,Fortalecimiento Territorial y Acompañamiento de Organizaciones Educativas,0,Fortalecimiento Territorial y Acompañamiento de Organizaciones Educativas,0,Fortalecimiento Territorial y Acompañamiento de Organizaciones Educativas,1,Direccion y Coordinacion,0,Fortalecimiento Territorial y Acompañamiento de Organizaciones Educativas,2024-07-01 00:00:00
2023,330,48,Fortalecimiento Territorial y Acompañamiento de Organizaciones Educativas,0,Fortalecimiento Territorial y Acompañamiento de Organizaciones Educativas,0,Fortalecimiento Territorial y Acompañamiento de Organizaciones Educativas,7,Asistencia Financiera a Academias Nacionales,0,Fortalecimiento Territorial y Acompañamiento de Organizaciones Educativas,2024-07-01 00:00:00
2023,330,49,Gestion y Asignacion de Becas a Estudiantes,0,Gestion y Asignacion de Becas a Estudiantes,0,Gestion y Asignacion de Becas a Estudiantes,1,Direccion y Coordinacion,0,Gestion y Asignacion de Becas a Estudiantes,2024-07-01 00:00:00
2023,330,49,Gestion y Asignacion de Becas a Estudiantes,0,Gestion y Asignacion de Becas a Estudiantes,0,Gestion y Asignacion de Becas a Estudiantes,2,Otorgamiento de Becas Socioeducativas,0,Gestion y Asignacion de Becas a Estudiantes,2024-07-01 00:00:00
2023,330,49,Gestion y Asignacion de Becas a Estudiantes,0,Gestion y Asignacion de Becas a Estudiantes,0,Gestion y Asignacion de Becas a Estudiantes,3,Otorgamiento de Becas de Postgrado y Perfeccionamiento,0,Gestion y Asignacion de Becas a Estudiantes,2024-07-01 00:00:00
2023,330,49,Gestion y Asignacion de Becas a Estudiantes,0,Gestion y Asignacion de Becas a Estudiantes,0,Gestion y Asignacion de Becas a Estudiantes,4,Otorgamiento de Becas en el Exterior en Ciencia y Tecnologia - Programa BEC.AR (BID N° 3066/OC-AR),0,Gestion y Asignacion de Becas a Estudiantes,2024-07-01 00:00:00
2023,330,49,Gestion y Asignacion de Becas a Estudiantes,0,Gestion y Asignacion de Becas a Estudiantes,0,Gestion y Asignacion de Becas a Estudiantes,5,Diseño e Implementacion de una Plataforma de Gestion Integral de Becas (BID N° 4648/OC-AR),0,Gestion y Asignacion de Becas a Estudiantes,2024-07-01 00:00:00
2023,330,49,Gestion y Asignacion de Becas a Estudiantes,0,Gestion y Asignacion de Becas a Estudiantes,0,Gestion y Asignacion de Becas a Estudiantes,6,Acciones Complementarias para Fortalecer al Programa PROGRESAR -  (BIRF N° 8999),0,Gestion y Asignacion de Becas a Estudiantes,2024-07-01 00:00:00
2023,330,49,Gestion y Asignacion de Becas a Estudiantes,0,Gestion y Asignacion de Becas a Estudiantes,0,Gestion y Asignacion de Becas a Estudiantes,40,Otorgamiento de Becas Educativas: Progresar,0,Gestion y Asignacion de Becas a Estudiantes,2024-07-01 00:00:00
2023,330,49,Gestion y Asignacion de Becas a Estudiantes,0,Gestion y Asignacion de Becas a Estudiantes,0,Gestion y Asignacion de Becas a Estudiantes,44,Acompañamiento a las Trayectorias de Formacion - PROGRESAR,0,Gestion y Asignacion de Becas a Estudiantes,2024-07-01 00:00:00
2023,330,98,Fondo Nacional de Incentivo Docente,0,Fondo Nacional de Incentivo Docente,0,Fondo Nacional de Incentivo Docente,1,Fondo Nacional de Incentivo Docente,0,Fondo Nacional de Incentivo Docente,2024-07-01 00:00:00
2023,330,98,Fondo Nacional de Incentivo Docente,0,Fondo Nacional de Incentivo Docente,0,Fondo Nacional de Incentivo Docente,2,Programa Nacional de Compensacion Salarial Docente,0,Fondo Nacional de Incentivo Docente,2024-07-01 00:00:00
2023,331,1,Actividades Centrales,0,Actividades Centrales,0,Actividades Centrales,1,Direccion y Administracion,0,Actividades Centrales,2024-07-01 00:00:00
2023,331,16,Seguridad y Rehabilitacion del Interno,0,Seguridad y Rehabilitacion del Interno,0,Seguridad y Rehabilitacion del Interno,1,Atencion Medico Sanitaria,0,Seguridad y Rehabilitacion del Interno,2024-07-01 00:00:00
2023,331,16,Seguridad y Rehabilitacion del Interno,0,Seguridad y Rehabilitacion del Interno,0,Seguridad y Rehabilitacion del Interno,3,Seguridad y Traslados,0,Seguridad y Rehabilitacion del Interno,2024-07-01 00:00:00
2023,331,16,Seguridad y Rehabilitacion del Interno,0,Seguridad y Rehabilitacion del Interno,0,Seguridad y Rehabilitacion del Interno,4,Alojamiento y Tratamiento,0,Seguridad y Rehabilitacion del Interno,2024-07-01 00:00:00
2023,331,25,Formacion y Capacitacion,0,Formacion y Capacitacion,0,Formacion y Capacitacion,1,"Escuela de Oficiales, Suboficiales y Academia Superior de Estudios Penitenciarios",0,Formacion y Capacitacion,2024-07-01 00:00:00
2023,332,1,Actividades Centrales,0,Actividades Centrales,0,Actividades Centrales,1,Direccion Superior,0,Actividades Centrales,2024-07-01 00:00:00
2023,332,1,Actividades Centrales,0,Actividades Centrales,0,Actividades Centrales,2,Servicios de Auditoria,0,Actividades Centrales,2024-07-01 00:00:00
2023,332,1,Actividades Centrales,0,Actividades Centrales,0,Actividades Centrales,3,Servicios Administrativos,0,Actividades Centrales,2024-07-01 00:00:00
2023,332,1,Actividades Centrales,0,Actividades Centrales,0,Actividades Centrales,4,Asesoria Juridica,0,Actividades Centrales,2024-07-01 00:00:00
2023,332,1,Actividades Centrales,0,Actividades Centrales,0,Actividades Centrales,5,Gestion Informatica,0,Actividades Centrales,2024-07-01 00:00:00
2023,332,1,Actividades Centrales,0,Actividades Centrales,0,Actividades Centrales,11,Prensa y Ceremonial,0,Actividades Centrales,2024-07-01 00:00:00
2023,332,2,Actividades Comunes a los Programas de la Secretaria de Justicia,0,Actividades Comunes a los Programas de la Secretaria de Justicia,0,Actividades Comunes a los Programas de la Secretaria de Justicia,1,Conduccion Superior,0,Actividades Comunes a los Programas de la Secretaria de Justicia,2024-07-01 00:00:00
2023,332,18,Politica Criminal y Asuntos Penitenciarios,0,Politica Criminal y Asuntos Penitenciarios,0,Politica Criminal y Asuntos Penitenciarios,1,Politica Penitenciaria,0,Politica Criminal y Asuntos Penitenciarios,2024-07-01 00:00:00
2023,332,18,Politica Criminal y Asuntos Penitenciarios,0,Politica Criminal y Asuntos Penitenciarios,0,Politica Criminal y Asuntos Penitenciarios,6,Proteccion a Testigos e Imputados,0,Politica Criminal y Asuntos Penitenciarios,2024-07-01 00:00:00
2023,332,18,Politica Criminal y Asuntos Penitenciarios,0,Politica Criminal y Asuntos Penitenciarios,0,Politica Criminal y Asuntos Penitenciarios,43,Politica Criminal,0,Politica Criminal y Asuntos Penitenciarios,2024-07-01 00:00:00
2023,332,18,Politica Criminal y Asuntos Penitenciarios,0,Politica Criminal y Asuntos Penitenciarios,0,Politica Criminal y Asuntos Penitenciarios,45,Readaptacion Social,0,Politica Criminal y Asuntos Penitenciarios,2024-07-01 00:00:00
2023,332,18,Politica Criminal y Asuntos Penitenciarios,0,Politica Criminal y Asuntos Penitenciarios,0,Politica Criminal y Asuntos Penitenciarios,46,Asistencia de Personas Bajo Vigilancia Electronica,0,Politica Criminal y Asuntos Penitenciarios,2024-07-01 00:00:00
2023,332,18,Politica Criminal y Asuntos Penitenciarios,0,Politica Criminal y Asuntos Penitenciarios,0,Politica Criminal y Asuntos Penitenciarios,48,Rescate y Acompañamiento a Victimas de Trata (PPG),0,Politica Criminal y Asuntos Penitenciarios,2024-07-01 00:00:00
2023,332,19,Regulacion y Control Registral,0,Regulacion y Control Registral,0,Regulacion y Control Registral,1,Coordinacion y Control de Gestion Registral,0,Regulacion y Control Registral,2024-07-01 00:00:00
2023,332,19,Regulacion y Control Registral,0,Regulacion y Control Registral,0,Regulacion y Control Registral,2,"Inscripcion, Registro y Fiscalizacion de Sociedades",0,Regulacion y Control Registral,2024-07-01 00:00:00
2023,332,19,Regulacion y Control Registral,0,Regulacion y Control Registral,0,Regulacion y Control Registral,3,Registro de la Propiedad Inmueble,0,Regulacion y Control Registral,2024-07-01 00:00:00
2023,332,19,Regulacion y Control Registral,0,Regulacion y Control Registral,0,Regulacion y Control Registral,5,Registro de la Propiedad Intelectual,0,Regulacion y Control Registral,2024-07-01 00:00:00
2023,332,19,Regulacion y Control Registral,0,Regulacion y Control Registral,0,Regulacion y Control Registral,9,Registro de Reincidencia y Estadistica Criminal,0,Regulacion y Control Registral,2024-07-01 00:00:00
2023,332,19,Regulacion y Control Registral,0,Regulacion y Control Registral,0,Regulacion y Control Registral,11,Registro de Tierras Rurales,0,Regulacion y Control Registral,2024-07-01 00:00:00
2023,332,21,Representacion Notarial del Estado,0,Representacion Notarial del Estado,0,Representacion Notarial del Estado,2,Representacion Notarial del Estado,0,Representacion Notarial del Estado,2024-07-01 00:00:00
2023,332,26,Promocion y Defensa de los Derechos Humanos,0,Promocion y Defensa de los Derechos Humanos,0,Promocion y Defensa de los Derechos Humanos,10,Custodia del Archivo Nacional de la Memoria,0,Promocion y Defensa de los Derechos Humanos,2024-07-01 00:00:00
2023,332,26,Promocion y Defensa de los Derechos Humanos,0,Promocion y Defensa de los Derechos Humanos,0,Promocion y Defensa de los Derechos Humanos,41,Promocion y Defensa de los Derechos Humanos,0,Promocion y Defensa de los Derechos Humanos,2024-07-01 00:00:00
2023,332,26,Promocion y Defensa de los Derechos Humanos,0,Promocion y Defensa de los Derechos Humanos,0,Promocion y Defensa de los Derechos Humanos,42,Puesta en Valor de Sitios y Espacios de Memoria,0,Promocion y Defensa de los Derechos Humanos,2024-07-01 00:00:00
2023,332,26,Promocion y Defensa de los Derechos Humanos,0,Promocion y Defensa de los Derechos Humanos,0,Promocion y Defensa de los Derechos Humanos,43,Prevencion y Resolucion de Conflictos Sociales,0,Promocion y Defensa de los Derechos Humanos,2024-07-01 00:00:00
2023,332,26,Promocion y Defensa de los Derechos Humanos,0,Promocion y Defensa de los Derechos Humanos,0,Promocion y Defensa de los Derechos Humanos,48,Federalizacion y Abordaje Territorial de Politicas Publicas,0,Promocion y Defensa de los Derechos Humanos,2024-07-01 00:00:00
2023,332,27,Controles Anticorrupcion,0,Controles Anticorrupcion,0,Controles Anticorrupcion,41,Controles Anticorrupcion,0,Controles Anticorrupcion,2024-07-01 00:00:00
2023,332,38,Formacion Universitaria en Derechos Humanos,0,Formacion Universitaria en Derechos Humanos,0,Formacion Universitaria en Derechos Humanos,1,Formacion Universitaria en Derechos Humanos,0,Formacion Universitaria en Derechos Humanos,2024-07-01 00:00:00
2023,332,43,Afianzamiento de la Justicia,0,Afianzamiento de la Justicia,0,Afianzamiento de la Justicia,1,Acceso a la Justicia,0,Afianzamiento de la Justicia,2024-07-01 00:00:00
2023,332,43,Afianzamiento de la Justicia,0,Afianzamiento de la Justicia,0,Afianzamiento de la Justicia,2,Mediacion y Resolucion de Conflictos,0,Afianzamiento de la Justicia,2024-07-01 00:00:00
2023,332,43,Afianzamiento de la Justicia,0,Afianzamiento de la Justicia,0,Afianzamiento de la Justicia,5,Servicio de Base de Datos Juridicos,0,Afianzamiento de la Justicia,2024-07-01 00:00:00
2023,332,43,Afianzamiento de la Justicia,0,Afianzamiento de la Justicia,0,Afianzamiento de la Justicia,6,Relaciones con el Poder Judicial y la Comunidad Academica,0,Afianzamiento de la Justicia,2024-07-01 00:00:00
2023,332,43,Afianzamiento de la Justicia,0,Afianzamiento de la Justicia,0,Afianzamiento de la Justicia,7,"Apoyo al Servicio de Patrocinio Juridico Integral Destinado a Niños, Niñas y Adolescentes Victimas de Abuso Sexual (UNICEF-CENAV",0,Afianzamiento de la Justicia,2024-07-01 00:00:00
2023,332,43,Afianzamiento de la Justicia,0,Afianzamiento de la Justicia,0,Afianzamiento de la Justicia,44,Proteccion de Victimas de Violencias (PPG),0,Afianzamiento de la Justicia,2024-07-01 00:00:00
2023,334,24,Cooperacion Tecnica y Financiera para la Laborterapia de Internos,0,Cooperacion Tecnica y Financiera para la Laborterapia de Internos,0,Cooperacion Tecnica y Financiera para la Laborterapia de Internos,1,Cooperacion Tecnica y Financiera para la Laborterapia de Internos,0,Cooperacion Tecnica y Financiera para la Laborterapia de Internos,2024-07-01 00:00:00
2023,335,4,Mandamientos y Notificaciones,0,Mandamientos y Notificaciones,0,Mandamientos y Notificaciones,1,Mandamientos y Notificaciones,0,Mandamientos y Notificaciones,2024-07-01 00:00:00
2023,335,5,Pericias Judiciales,0,Pericias Judiciales,0,Pericias Judiciales,1,Pericias Judiciales,0,Pericias Judiciales,2024-07-01 00:00:00
2023,335,5,Pericias Judiciales,0,Pericias Judiciales,4,Ampliacion Laboratorio Fotografico Morgue Judicial - Junin 760,0,Ampliacion Laboratorio Fotografico Morgue Judicial - Junin 760,51,Ampliacion Laboratorio Fotografico Morgue Judicial - Junin 760,2024-07-01 00:00:00
2023,335,5,Pericias Judiciales,0,Pericias Judiciales,9,Readecuacion parcial Lavalle 1429 - Reemplazo Placas de Marmol,0,Readecuacion parcial Lavalle 1429 - Reemplazo Placas de Marmol,51,Readecuacion parcial Lavalle 1429 - Reemplazo Placas de Marmol,2024-07-01 00:00:00
2023,335,5,Pericias Judiciales,0,Pericias Judiciales,10,"Rehabilitacion del Deposito de Laboratorio de Analisis Clinicos de la Morgue Judicial  Junin N° 762, CABA",0,"Rehabilitacion del Deposito de Laboratorio de Analisis Clinicos de la Morgue Judicial  Junin N° 762, CABA",51,"Rehabilitacion del Deposito de Laboratorio de Analisis Clinicos de la Morgue Judicial  Junin N° 762, CABA",2024-07-01 00:00:00
2023,335,5,Pericias Judiciales,0,Pericias Judiciales,11,Instalacion del Laboratorio del Servicio de Genetica Forense de la CSJN - Lavalle 1423 - Capital Federal,0,Instalacion del Laboratorio del Servicio de Genetica Forense de la CSJN - Lavalle 1423 - Capital Federal,51,Instalacion del Laboratorio del Servicio de Genetica Forense de la CSJN - Lavalle 1423 - Capital Federal,2024-07-01 00:00:00
2023,335,6,Biblioteca y Jurisprudencia,0,Biblioteca y Jurisprudencia,0,Biblioteca y Jurisprudencia,1,Biblioteca y Jurisprudencia,0,Biblioteca y Jurisprudencia,2024-07-01 00:00:00
2023,335,7,Archivo General,0,Archivo General,0,Archivo General,1,Archivo General,0,Archivo General,2024-07-01 00:00:00
2023,335,8,Administracion General de la Corte Suprema de Justicia de la Nacion,0,Administracion General de la Corte Suprema de Justicia de la Nacion,0,Administracion General de la Corte Suprema de Justicia de la Nacion,1,Administracion General de la Corte Suprema de Justicia de la Nacion,0,Administracion General de la Corte Suprema de Justicia de la Nacion,2024-07-01 00:00:00
2023,335,21,Justicia de Maxima Instancia,0,Justicia de Maxima Instancia,0,Justicia de Maxima Instancia,1,Justicia de Maxima Instancia,0,Justicia de Maxima Instancia,2024-07-01 00:00:00
2023,335,21,Justicia de Maxima Instancia,0,Justicia de Maxima Instancia,12,Traslado del Servicio Juridico Gratuito de la Universidad de Buenos Aires,0,Traslado del Servicio Juridico Gratuito de la Universidad de Buenos Aires,51,Adecuacion Integral Edificio Tucuman 1511/23,2024-07-01 00:00:00
2023,335,21,Justicia de Maxima Instancia,0,Justicia de Maxima Instancia,25,Provision y Colocacion de Carpinterias del Palacio de Justicia,0,Provision y Colocacion de Carpinterias del Palacio de Justicia,51,Provision y Colocacion de Carpinterias del Palacio de Justicia,2024-07-01 00:00:00
2023,335,21,Justicia de Maxima Instancia,0,Justicia de Maxima Instancia,42,"Consolidacion, renovacion y obras complementarias a las fachadas del Palacio de Justicia",0,"Consolidacion, renovacion y obras complementarias a las fachadas del Palacio de Justicia",51,"Consolidacion, Renovacion y Obras Complementarias a las Fachadas del Palacio de Justicia",2024-07-01 00:00:00
2023,335,21,Justicia de Maxima Instancia,0,Justicia de Maxima Instancia,44,"Refuerzo estructural parcial, de la azotea del 7mo piso del Palacio (Etapa III)",0,"Refuerzo estructural parcial, de la azotea del 7mo piso del Palacio (Etapa III)",51,"Refuerzo estructural parcial, de la azotea del 7mo piso del Palacio (Etapa III)",2024-07-01 00:00:00
2023,335,21,Justicia de Maxima Instancia,0,Justicia de Maxima Instancia,45,"Refuerzo estructural parcial, de la azotea del 7mo piso del Palacio (Etapa IV)",0,"Refuerzo estructural parcial, de la azotea del 7mo piso del Palacio (Etapa IV)",51,"Refuerzo estructural parcial, de la azotea del 7mo piso del Palacio (Etapa IV)",2024-07-01 00:00:00
2023,335,25,Asistencia Social,0,Asistencia Social,0,Asistencia Social,1,Asistencia Social,0,Asistencia Social,2024-07-01 00:00:00
2023,335,27,Interceptacion y Captacion de las Comunicaciones,0,Interceptacion y Captacion de las Comunicaciones,0,Interceptacion y Captacion de las Comunicaciones,1,Interceptacion y Captacion de las Comunicaciones,0,Interceptacion y Captacion de las Comunicaciones,2024-07-01 00:00:00
2023,336,1,Actividades Centrales,0,Actividades Centrales,0,Actividades Centrales,1,Planificacion y Conduccion,0,Actividades Centrales,2024-07-01 00:00:00
2023,336,1,Actividades Centrales,0,Actividades Centrales,0,Actividades Centrales,2,Coordinacion Administrativa,0,Actividades Centrales,2024-07-01 00:00:00
2023,336,1,Actividades Centrales,0,Actividades Centrales,0,Actividades Centrales,3,Feria Tecnopolis,0,Actividades Centrales,2024-07-01 00:00:00
2023,336,1,Actividades Centrales,0,Actividades Centrales,0,Actividades Centrales,4,Programa Nacional de Popularizacion de la Ciencia e Innovacion,0,Actividades Centrales,2024-07-01 00:00:00
2023,336,1,Actividades Centrales,0,Actividades Centrales,0,Actividades Centrales,41,Programa Nacional de Igualdad de Generos en CTEI (PPG),0,Actividades Centrales,2024-07-01 00:00:00
2023,336,1,Actividades Centrales,0,Actividades Centrales,0,Actividades Centrales,49,Programa Nacional de Investigacion e Innovacion Productiva en Espacios Maritimos Argentinos (PROMAR) - Pampa Azul,0,Actividades Centrales,2024-07-01 00:00:00
2023,336,45,Planeamiento y Politicas en Ciencia Tecnologia e Innovacion,0,Planeamiento y Politicas en Ciencia Tecnologia e Innovacion,0,Planeamiento y Politicas en Ciencia Tecnologia e Innovacion,1,"Desarrollo y Gestion Estrategica en Politicas en Ciencia, Tecnologia e Innovacion",0,Planeamiento y Politicas en Ciencia Tecnologia e Innovacion,2024-07-01 00:00:00
2023,336,45,Planeamiento y Politicas en Ciencia Tecnologia e Innovacion,0,Planeamiento y Politicas en Ciencia Tecnologia e Innovacion,0,Planeamiento y Politicas en Ciencia Tecnologia e Innovacion,2,"Estudios y Prospectiva en Ciencia, Tecnologia e Innovacion",0,Planeamiento y Politicas en Ciencia Tecnologia e Innovacion,2024-07-01 00:00:00
2023,336,45,Planeamiento y Politicas en Ciencia Tecnologia e Innovacion,0,Planeamiento y Politicas en Ciencia Tecnologia e Innovacion,0,Planeamiento y Politicas en Ciencia Tecnologia e Innovacion,3,"Politicas en Ciencia, Tecnologia e Innovacion",0,Planeamiento y Politicas en Ciencia Tecnologia e Innovacion,2024-07-01 00:00:00
2023,336,45,Planeamiento y Politicas en Ciencia Tecnologia e Innovacion,0,Planeamiento y Politicas en Ciencia Tecnologia e Innovacion,0,Planeamiento y Politicas en Ciencia Tecnologia e Innovacion,4,Proyectos Estrategicos,0,Planeamiento y Politicas en Ciencia Tecnologia e Innovacion,2024-07-01 00:00:00
2023,336,45,Planeamiento y Politicas en Ciencia Tecnologia e Innovacion,0,Planeamiento y Politicas en Ciencia Tecnologia e Innovacion,0,Planeamiento y Politicas en Ciencia Tecnologia e Innovacion,5,Internacionalizacion de la Politica Cientifica Tecnologica y de Innovacion,0,Planeamiento y Politicas en Ciencia Tecnologia e Innovacion,2024-07-01 00:00:00
2023,336,46,"Formulacion, Coordinacion e Implementacion de Acciones de Articulacion en Ciencia y Tecnologia",0,"Formulacion, Coordinacion e Implementacion de Acciones de Articulacion en Ciencia y Tecnologia",0,"Formulacion, Coordinacion e Implementacion de Acciones de Articulacion en Ciencia y Tecnologia",1,Acciones de Articulacion con Instituciones de C y T,0,"Formulacion, Coordinacion e Implementacion de Acciones de Articulacion en Ciencia y Tecnologia",2024-07-01 00:00:00
2023,336,46,"Formulacion, Coordinacion e Implementacion de Acciones de Articulacion en Ciencia y Tecnologia",0,"Formulacion, Coordinacion e Implementacion de Acciones de Articulacion en Ciencia y Tecnologia",0,"Formulacion, Coordinacion e Implementacion de Acciones de Articulacion en Ciencia y Tecnologia",2,Fortalecimiento de Instituciones de Ciencia y Tecnologia,0,"Formulacion, Coordinacion e Implementacion de Acciones de Articulacion en Ciencia y Tecnologia",2024-07-01 00:00:00
2023,336,46,"Formulacion, Coordinacion e Implementacion de Acciones de Articulacion en Ciencia y Tecnologia",0,"Formulacion, Coordinacion e Implementacion de Acciones de Articulacion en Ciencia y Tecnologia",0,"Formulacion, Coordinacion e Implementacion de Acciones de Articulacion en Ciencia y Tecnologia",3,Promocion del Impacto de la Ciencia y la Tecnologia en la Gestion Publica y la Comunidad,0,"Formulacion, Coordinacion e Implementacion de Acciones de Articulacion en Ciencia y Tecnologia",2024-07-01 00:00:00
2023,336,47,Financiamiento de Organismos Internacionales para Desarrollo Cientifico - Tecnologico,0,Financiamiento de Organismos Internacionales para Desarrollo Cientifico - Tecnologico,0,Financiamiento de Organismos Internacionales para Desarrollo Cientifico - Tecnologico,1,Promocion de la Capacidad Emprendedora (CAF N° 8919),0,Financiamiento de Organismos Internacionales para Desarrollo Cientifico - Tecnologico,2024-07-01 00:00:00
2023,336,47,Financiamiento de Organismos Internacionales para Desarrollo Cientifico - Tecnologico,0,Financiamiento de Organismos Internacionales para Desarrollo Cientifico - Tecnologico,0,Financiamiento de Organismos Internacionales para Desarrollo Cientifico - Tecnologico,2,Programa de Innovacion Federal (PIF) BID N° 5293/OC-AR,0,Financiamiento de Organismos Internacionales para Desarrollo Cientifico - Tecnologico,2024-07-01 00:00:00
2023,336,48,"Federalizacion de las Politicas en Ciencia, Tecnologia e Innovacion",0,"Federalizacion de las Politicas en Ciencia, Tecnologia e Innovacion",0,"Federalizacion de las Politicas en Ciencia, Tecnologia e Innovacion",1,"Promocion Federal de la Ciencia, la Tecnologia y la Innovacion (Ley Nro. 27.614)",0,"Federalizacion de las Politicas en Ciencia, Tecnologia e Innovacion",2024-07-01 00:00:00
2023,336,48,"Federalizacion de las Politicas en Ciencia, Tecnologia e Innovacion",0,"Federalizacion de las Politicas en Ciencia, Tecnologia e Innovacion",0,"Federalizacion de las Politicas en Ciencia, Tecnologia e Innovacion",10,Coordinacion e Implementacion de Politicas Federales de Ciencia y Tecnologia,0,"Federalizacion de las Politicas en Ciencia, Tecnologia e Innovacion",2024-07-01 00:00:00
2023,337,1,Actividades Centrales,0,Actividades Centrales,0,Actividades Centrales,1,"Conduccion, Planificacion y Supervision",0,Actividades Centrales,2024-07-01 00:00:00
2023,337,1,Actividades Centrales,0,Actividades Centrales,0,Actividades Centrales,7,Coordinacion y Control de Gestion,0,Actividades Centrales,2024-07-01 00:00:00
2023,337,16,Promocion e Integracion Cultural,0,Promocion e Integracion Cultural,0,Promocion e Integracion Cultural,1,"Conduccion, Planificacion y Supervision",0,Promocion e Integracion Cultural,2024-07-01 00:00:00
2023,337,16,Promocion e Integracion Cultural,0,Promocion e Integracion Cultural,0,Promocion e Integracion Cultural,2,"Presencia en Fiestas, Ferias, Festivales Nacionales",0,Promocion e Integracion Cultural,2024-07-01 00:00:00
2023,337,16,Promocion e Integracion Cultural,0,Promocion e Integracion Cultural,0,Promocion e Integracion Cultural,10,"Otorgamiento de Becas, Premios y Ayudas Federales",0,Promocion e Integracion Cultural,2024-07-01 00:00:00
2023,337,16,Promocion e Integracion Cultural,0,Promocion e Integracion Cultural,0,Promocion e Integracion Cultural,14,Apoyo a Organizaciones Sociales y Colectivos Culturales: Puntos de Cultura,0,Promocion e Integracion Cultural,2024-07-01 00:00:00
2023,337,16,Promocion e Integracion Cultural,0,Promocion e Integracion Cultural,0,Promocion e Integracion Cultural,16,"Fortalecimiento de Publicos, Redes de Cooperacion y Experimentacion",0,Promocion e Integracion Cultural,2024-07-01 00:00:00
2023,337,16,Promocion e Integracion Cultural,0,Promocion e Integracion Cultural,0,Promocion e Integracion Cultural,17,Formacion y Capacitacion Profesional y Artistica,0,Promocion e Integracion Cultural,2024-07-01 00:00:00
2023,337,16,Promocion e Integracion Cultural,0,Promocion e Integracion Cultural,0,Promocion e Integracion Cultural,18,Apoyo y Asistencia Tecnica y/o Financiera a Proyectos Culturales,0,Promocion e Integracion Cultural,2024-07-01 00:00:00
2023,337,16,Promocion e Integracion Cultural,0,Promocion e Integracion Cultural,0,Promocion e Integracion Cultural,41,Acciones Federales (NNA),0,Promocion e Integracion Cultural,2024-07-01 00:00:00
2023,337,16,Promocion e Integracion Cultural,0,Promocion e Integracion Cultural,0,Promocion e Integracion Cultural,43,Intervenciones Socio-Culturales en el Territorio (NNA),0,Promocion e Integracion Cultural,2024-07-01 00:00:00
2023,337,16,Promocion e Integracion Cultural,0,Promocion e Integracion Cultural,0,Promocion e Integracion Cultural,44,"Promocion de las Manifestaciones Culturales de las Minorias y Colectivos Vulnerables, Genero, Diversidades y DDHH (PPG) (NNA)",0,Promocion e Integracion Cultural,2024-07-01 00:00:00
2023,337,17,Gestion de Organismos Estables,0,Gestion de Organismos Estables,0,Gestion de Organismos Estables,1,"Conduccion, Planificacion y Supervision",0,Gestion de Organismos Estables,2024-07-01 00:00:00
2023,337,18,Gestion de Museos Nacionales,0,Gestion de Museos Nacionales,0,Gestion de Museos Nacionales,1,"Conduccion, Planificacion y Supervision de Museos Nacionales",0,Gestion de Museos Nacionales,2024-07-01 00:00:00
2023,337,18,Gestion de Museos Nacionales,0,Gestion de Museos Nacionales,7,Restauracion y Puesta en Valor de Museos Nacionales - Etapa 1,0,Restauracion y Puesta en Valor de Museos Nacionales - Etapa 1,51,Restauracion y Puesta en Valor de Museos Nacionales - Etapa 1,2024-07-01 00:00:00
2023,337,18,Gestion de Museos Nacionales,1,Gestion del Museo Nacional de Bellas Artes - MNBA,0,Gestion del Museo Nacional de Bellas Artes - MNBA,1,"Conduccion, Administracion y Servicios Generales",0,Gestion del Museo Nacional de Bellas Artes - MNBA,2024-07-01 00:00:00
2023,337,18,Gestion de Museos Nacionales,2,Gestion del Complejo Historico Cultural Manzana de las Luces,0,Gestion del Complejo Historico Cultural Manzana de las Luces,1,"Conduccion, Planificacion y Supervision",0,Gestion del Complejo Historico Cultural Manzana de las Luces,2024-07-01 00:00:00
2023,337,18,Gestion de Museos Nacionales,3,Gestion de la Casa Historica de la Independencia,0,Gestion de la Casa Historica de la Independencia,1,"Conduccion, Planificacion y Supervision",0,Gestion de la Casa Historica de la Independencia,2024-07-01 00:00:00
2023,337,18,Gestion de Museos Nacionales,4,Gestion del Museo Historico Nacional,0,Gestion del Museo Historico Nacional,1,"Conduccion, Planificacion y Supervision",0,Gestion del Museo Historico Nacional,2024-07-01 00:00:00
2023,337,18,Gestion de Museos Nacionales,5,Gestion del Museo Historico Nacional del Cabildo de Buenos Aires y de la Revolucion de Mayo,0,Gestion del Museo Historico Nacional del Cabildo de Buenos Aires y de la Revolucion de Mayo,1,"Conduccion, Planificacion y Supervision",0,Gestion del Museo Historico Nacional del Cabildo de Buenos Aires y de la Revolucion de Mayo,2024-07-01 00:00:00
2023,337,18,Gestion de Museos Nacionales,6,Gestion del Palacio San Jose Museo y Monumento Nacional - Justo Jose De Urquiza,0,Gestion del Palacio San Jose Museo y Monumento Nacional - Justo Jose De Urquiza,1,"Conduccion, Planificacion y Supervision",0,Gestion del Palacio San Jose Museo y Monumento Nacional - Justo Jose De Urquiza,2024-07-01 00:00:00
2023,337,18,Gestion de Museos Nacionales,7,Gestion del Museo Nacional de Arte Decorativo,0,Gestion del Museo Nacional de Arte Decorativo,1,"Conduccion, Planificacion y Supervision",0,Gestion del Museo Nacional de Arte Decorativo,2024-07-01 00:00:00
2023,337,18,Gestion de Museos Nacionales,8,Gestion del Museo Malvinas e Islas del Atlantico Sur,0,Gestion del Museo Malvinas e Islas del Atlantico Sur,1,"Conduccion, Planificacion y Supervision",0,Gestion del Museo Malvinas e Islas del Atlantico Sur,2024-07-01 00:00:00
2023,337,18,Gestion de Museos Nacionales,9,Gestion de la Casa Nacional del Bicentenario y Museo Nacional del Grabado,0,Gestion de la Casa Nacional del Bicentenario y Museo Nacional del Grabado,1,"Conduccion, Planificacion y Supervision",0,Gestion de la Casa Nacional del Bicentenario y Museo Nacional del Grabado,2024-07-01 00:00:00
2023,337,18,Gestion de Museos Nacionales,10,Gestion del Palacio Nacional de Las Artes,0,Gestion del Palacio Nacional de Las Artes,1,"Conduccion, Planificacion y Supervision",0,Gestion del Palacio Nacional de Las Artes,2024-07-01 00:00:00
2023,337,18,Gestion de Museos Nacionales,11,Gestion de Otros Museos Nacionales en la Ciudad Autonoma de Buenos Aires,0,Gestion de Otros Museos Nacionales en la Ciudad Autonoma de Buenos Aires,1,"Conduccion, Planificacion y Supervision",0,Gestion de Otros Museos Nacionales en la Ciudad Autonoma de Buenos Aires,2024-07-01 00:00:00
2023,337,18,Gestion de Museos Nacionales,12,Gestion de Otros Museos Nacionales en Provincia de Buenos Aires,0,Gestion de Otros Museos Nacionales en Provincia de Buenos Aires,1,"Conduccion, Planificacion y Supervision",0,Gestion de Otros Museos Nacionales en Provincia de Buenos Aires,2024-07-01 00:00:00
2023,337,18,Gestion de Museos Nacionales,13,Gestion de Otros Museos Nacionales en Cordoba,0,Gestion de Otros Museos Nacionales en Cordoba,1,"Conduccion, Planificacion y Supervision",0,Gestion de Otros Museos Nacionales en Cordoba,2024-07-01 00:00:00
2023,337,18,Gestion de Museos Nacionales,14,Gestion de Otros Museos Nacionales en el Norte,0,Gestion de Otros Museos Nacionales en el Norte,1,"Conduccion, Planificacion y Supervision",0,Gestion de Otros Museos Nacionales en el Norte,2024-07-01 00:00:00
2023,337,18,Gestion de Museos Nacionales,15,Gestion de Otros Museos Nacionales en San Juan,0,Gestion de Otros Museos Nacionales en San Juan,1,"Conduccion, Planificacion y Supervision",0,Gestion de Otros Museos Nacionales en San Juan,2024-07-01 00:00:00
2023,337,19,Difusion y Fortalecimiento del Patrimonio Cultural,0,Difusion y Fortalecimiento del Patrimonio Cultural,0,Difusion y Fortalecimiento del Patrimonio Cultural,1,"Conduccion, Planificacion y Supervision",0,Difusion y Fortalecimiento del Patrimonio Cultural,2024-07-01 00:00:00
2023,337,19,Difusion y Fortalecimiento del Patrimonio Cultural,0,Difusion y Fortalecimiento del Patrimonio Cultural,0,Difusion y Fortalecimiento del Patrimonio Cultural,3,"Preservacion, Gestion y Salvaguardia del Patrimonio Cultural",0,Difusion y Fortalecimiento del Patrimonio Cultural,2024-07-01 00:00:00
2023,337,19,Difusion y Fortalecimiento del Patrimonio Cultural,0,Difusion y Fortalecimiento del Patrimonio Cultural,0,Difusion y Fortalecimiento del Patrimonio Cultural,6,Fortalecimiento de los Institutos Nacionales,0,Difusion y Fortalecimiento del Patrimonio Cultural,2024-07-01 00:00:00
2023,337,19,Difusion y Fortalecimiento del Patrimonio Cultural,0,Difusion y Fortalecimiento del Patrimonio Cultural,0,Difusion y Fortalecimiento del Patrimonio Cultural,9,"Preservacion Institucional de Monumentos, Lugares y Bienes Historicos",0,Difusion y Fortalecimiento del Patrimonio Cultural,2024-07-01 00:00:00
2023,337,19,Difusion y Fortalecimiento del Patrimonio Cultural,0,Difusion y Fortalecimiento del Patrimonio Cultural,0,Difusion y Fortalecimiento del Patrimonio Cultural,10,Gestion del Instituto Nacional de Antropologia y Pensamiento Latinoamericano,0,Difusion y Fortalecimiento del Patrimonio Cultural,2024-07-01 00:00:00
2023,337,19,Difusion y Fortalecimiento del Patrimonio Cultural,0,Difusion y Fortalecimiento del Patrimonio Cultural,0,Difusion y Fortalecimiento del Patrimonio Cultural,40,Programacion Innovadora en Museos Argentinos,0,Difusion y Fortalecimiento del Patrimonio Cultural,2024-07-01 00:00:00
2023,337,21,Desarrollo y Fomento de la Cultura Ciudadana y la Economia Creativa,0,Desarrollo y Fomento de la Cultura Ciudadana y la Economia Creativa,0,Desarrollo y Fomento de la Cultura Ciudadana y la Economia Creativa,1,"Conduccion, Planificacion y Supervision",0,Desarrollo y Fomento de la Cultura Ciudadana y la Economia Creativa,2024-07-01 00:00:00
2023,337,21,Desarrollo y Fomento de la Cultura Ciudadana y la Economia Creativa,0,Desarrollo y Fomento de la Cultura Ciudadana y la Economia Creativa,0,Desarrollo y Fomento de la Cultura Ciudadana y la Economia Creativa,10,Impulso a la Economia de la Cultura (NNA),0,Desarrollo y Fomento de la Cultura Ciudadana y la Economia Creativa,2024-07-01 00:00:00
2023,337,21,Desarrollo y Fomento de la Cultura Ciudadana y la Economia Creativa,0,Desarrollo y Fomento de la Cultura Ciudadana y la Economia Creativa,0,Desarrollo y Fomento de la Cultura Ciudadana y la Economia Creativa,13,Promocion de la Innovacion Cultural (DIS),0,Desarrollo y Fomento de la Cultura Ciudadana y la Economia Creativa,2024-07-01 00:00:00
2023,337,21,Desarrollo y Fomento de la Cultura Ciudadana y la Economia Creativa,0,Desarrollo y Fomento de la Cultura Ciudadana y la Economia Creativa,0,Desarrollo y Fomento de la Cultura Ciudadana y la Economia Creativa,44,Integracion Federal y Cooperacion Internacional (PPG),0,Desarrollo y Fomento de la Cultura Ciudadana y la Economia Creativa,2024-07-01 00:00:00
2023,337,21,Desarrollo y Fomento de la Cultura Ciudadana y la Economia Creativa,0,Desarrollo y Fomento de la Cultura Ciudadana y la Economia Creativa,0,Desarrollo y Fomento de la Cultura Ciudadana y la Economia Creativa,45,Planificacion Estrategica (PPG) (NNA) (DIS),0,Desarrollo y Fomento de la Cultura Ciudadana y la Economia Creativa,2024-07-01 00:00:00
2023,337,26,Gestion de Espacios Culturales y Proyectos Especiales,0,Gestion de Espacios Culturales y Proyectos Especiales,0,Gestion de Espacios Culturales y Proyectos Especiales,1,"Conduccion, Planificacion y Supervision",0,Gestion de Espacios Culturales y Proyectos Especiales,2024-07-01 00:00:00
2023,337,26,Gestion de Espacios Culturales y Proyectos Especiales,1,"Gestion del Parque Tecnopolis del Bicentenario, Ciencia, Tecnologia, Cultura y Arte",0,"Gestion del Parque Tecnopolis del Bicentenario, Ciencia, Tecnologia, Cultura y Arte",1,"Conduccion, Planificacion y Supervision",0,"Gestion del Parque Tecnopolis del Bicentenario, Ciencia, Tecnologia, Cultura y Arte",2024-07-01 00:00:00
2023,337,26,Gestion de Espacios Culturales y Proyectos Especiales,2,Gestion del Centro Cultural del Bicentenario Presidente Dr. Nestor Carlos Kirchner,0,Gestion del Centro Cultural del Bicentenario Presidente Dr. Nestor Carlos Kirchner,1,"Conduccion, Planificacion y Supervision",0,Gestion del Centro Cultural del Bicentenario Presidente Dr. Nestor Carlos Kirchner,2024-07-01 00:00:00
2023,337,26,Gestion de Espacios Culturales y Proyectos Especiales,3,Gestion del Centro Cultural Borges,0,Gestion del Centro Cultural Borges,1,"Conduccion, Planificacion y Supervision",0,Gestion del Centro Cultural Borges,2024-07-01 00:00:00
2023,337,40,Fomento y Apoyo Economico a Bibliotecas Populares,0,Fomento y Apoyo Economico a Bibliotecas Populares,0,Fomento y Apoyo Economico a Bibliotecas Populares,1,Acciones de Fomento y Apoyo Economico a Bibliotecas Populares (PPG) (NNA) (DIS),0,Fomento y Apoyo Economico a Bibliotecas Populares,2024-07-01 00:00:00
2023,337,41,Estudios e Investigaciones Historicas sobre Juan Domingo Peron,0,Estudios e Investigaciones Historicas sobre Juan Domingo Peron,0,Estudios e Investigaciones Historicas sobre Juan Domingo Peron,1,Estudios e Investigaciones Historicas sobre Juan Domingo Peron,0,Estudios e Investigaciones Historicas sobre Juan Domingo Peron,2024-07-01 00:00:00
2023,337,54,"Fomento, Promocion y Apoyo a la Cultura",0,"Fomento, Promocion y Apoyo a la Cultura",0,"Fomento, Promocion y Apoyo a la Cultura",1,"Fomento, Promocion y Apoyo a la Cultura",0,"Fomento, Promocion y Apoyo a la Cultura",2024-07-01 00:00:00
2023,337,55,Estudios e Investigaciones Historicas sobre Maria Eva Duarte de Peron,0,Estudios e Investigaciones Historicas sobre Maria Eva Duarte de Peron,0,Estudios e Investigaciones Historicas sobre Maria Eva Duarte de Peron,1,Estudios e Investigaciones Historicas sobre Maria Eva Duarte de Peron,0,Estudios e Investigaciones Historicas sobre Maria Eva Duarte de Peron,2024-07-01 00:00:00
2023,338,20,Asistencia Legal y Tecnica,0,Asistencia Legal y Tecnica,0,Asistencia Legal y Tecnica,1,Asistencia Legal y Tecnica,0,Asistencia Legal y Tecnica,2024-07-01 00:00:00
2023,338,20,Asistencia Legal y Tecnica,0,Asistencia Legal y Tecnica,0,Asistencia Legal y Tecnica,2,Registro de los Actos de Gobierno,0,Asistencia Legal y Tecnica,2024-07-01 00:00:00
2023,338,20,Asistencia Legal y Tecnica,0,Asistencia Legal y Tecnica,0,Asistencia Legal y Tecnica,3,Registro de Dominios de Internet,0,Asistencia Legal y Tecnica,2024-07-01 00:00:00
2023,340,26,Proteccion de los Derechos del Interno Penitenciario,0,Proteccion de los Derechos del Interno Penitenciario,0,Proteccion de los Derechos del Interno Penitenciario,1,Proteccion de los Derechos del Interno Penitenciario,0,Proteccion de los Derechos del Interno Penitenciario,2024-07-01 00:00:00
2023,341,4,"Actividades Comunes a los Programas 44, 45, 46, 47 y 49",0,"Actividades Comunes a los Programas 44, 45, 46, 47 y 49",0,"Actividades Comunes a los Programas 44, 45, 46, 47 y 49",1,Conduccion y Administracion,0,"Actividades Comunes a los Programas 44, 45, 46, 47 y 49",2024-07-01 00:00:00
2023,341,44,"Acciones para la Promocion y Proteccion Integral de los Derechos de Niños, Niñas y Adolescentes",0,"Acciones para la Promocion y Proteccion Integral de los Derechos de Niños, Niñas y Adolescentes",0,"Acciones para la Promocion y Proteccion Integral de los Derechos de Niños, Niñas y Adolescentes",1,Acciones de Acompañamiento para el Egreso de Jovenes sin Cuidados Parentales,0,"Acciones para la Promocion y Proteccion Integral de los Derechos de Niños, Niñas y Adolescentes",2024-07-01 00:00:00
2023,341,44,"Acciones para la Promocion y Proteccion Integral de los Derechos de Niños, Niñas y Adolescentes",0,"Acciones para la Promocion y Proteccion Integral de los Derechos de Niños, Niñas y Adolescentes",0,"Acciones para la Promocion y Proteccion Integral de los Derechos de Niños, Niñas y Adolescentes",3,Politicas Federales  Destinadas a Adolescentes Infractores a la Ley Penal,0,"Acciones para la Promocion y Proteccion Integral de los Derechos de Niños, Niñas y Adolescentes",2024-07-01 00:00:00
2023,341,44,"Acciones para la Promocion y Proteccion Integral de los Derechos de Niños, Niñas y Adolescentes",0,"Acciones para la Promocion y Proteccion Integral de los Derechos de Niños, Niñas y Adolescentes",0,"Acciones para la Promocion y Proteccion Integral de los Derechos de Niños, Niñas y Adolescentes",4,Direccion Superior,0,"Acciones para la Promocion y Proteccion Integral de los Derechos de Niños, Niñas y Adolescentes",2024-07-01 00:00:00
2023,341,44,"Acciones para la Promocion y Proteccion Integral de los Derechos de Niños, Niñas y Adolescentes",0,"Acciones para la Promocion y Proteccion Integral de los Derechos de Niños, Niñas y Adolescentes",0,"Acciones para la Promocion y Proteccion Integral de los Derechos de Niños, Niñas y Adolescentes",5,"Acciones de Reparacion de Derechos de Niñas, Niños y Adolescentes Hijos de Victimas de Femicidio - Ley Brisa (PPG)",0,"Acciones para la Promocion y Proteccion Integral de los Derechos de Niños, Niñas y Adolescentes",2024-07-01 00:00:00
2023,341,44,"Acciones para la Promocion y Proteccion Integral de los Derechos de Niños, Niñas y Adolescentes",0,"Acciones para la Promocion y Proteccion Integral de los Derechos de Niños, Niñas y Adolescentes",0,"Acciones para la Promocion y Proteccion Integral de los Derechos de Niños, Niñas y Adolescentes",41,Acciones de Prevencion y Restitucion de Derechos,0,"Acciones para la Promocion y Proteccion Integral de los Derechos de Niños, Niñas y Adolescentes",2024-07-01 00:00:00
2023,341,44,"Acciones para la Promocion y Proteccion Integral de los Derechos de Niños, Niñas y Adolescentes",0,"Acciones para la Promocion y Proteccion Integral de los Derechos de Niños, Niñas y Adolescentes",0,"Acciones para la Promocion y Proteccion Integral de los Derechos de Niños, Niñas y Adolescentes",42,Acciones Directas de Promocion y Proteccion de Derechos,0,"Acciones para la Promocion y Proteccion Integral de los Derechos de Niños, Niñas y Adolescentes",2024-07-01 00:00:00
2023,341,44,"Acciones para la Promocion y Proteccion Integral de los Derechos de Niños, Niñas y Adolescentes",0,"Acciones para la Promocion y Proteccion Integral de los Derechos de Niños, Niñas y Adolescentes",0,"Acciones para la Promocion y Proteccion Integral de los Derechos de Niños, Niñas y Adolescentes",44,Fortalecimiento de Espacios de Inclusion y Desarrollo para Organismos de la Sociedad Civil,0,"Acciones para la Promocion y Proteccion Integral de los Derechos de Niños, Niñas y Adolescentes",2024-07-01 00:00:00
2023,341,44,"Acciones para la Promocion y Proteccion Integral de los Derechos de Niños, Niñas y Adolescentes",0,"Acciones para la Promocion y Proteccion Integral de los Derechos de Niños, Niñas y Adolescentes",0,"Acciones para la Promocion y Proteccion Integral de los Derechos de Niños, Niñas y Adolescentes",45,Acompañamiento a Familias en la Crianza de Niños - Programa Primeros Años (PPG),0,"Acciones para la Promocion y Proteccion Integral de los Derechos de Niños, Niñas y Adolescentes",2024-07-01 00:00:00
2023,341,45,Politicas Federales para la Promocion de los Derechos de Niños y Adolescentes,0,Politicas Federales para la Promocion de los Derechos de Niños y Adolescentes,0,Politicas Federales para la Promocion de los Derechos de Niños y Adolescentes,2,Politicas Federales para el Fortalecimiento Familiar y Comunitario (PPG),0,Politicas Federales para la Promocion de los Derechos de Niños y Adolescentes,2024-07-01 00:00:00
2023,341,45,Politicas Federales para la Promocion de los Derechos de Niños y Adolescentes,0,Politicas Federales para la Promocion de los Derechos de Niños y Adolescentes,0,Politicas Federales para la Promocion de los Derechos de Niños y Adolescentes,4,Direccion Superior,0,Politicas Federales para la Promocion de los Derechos de Niños y Adolescentes,2024-07-01 00:00:00
2023,341,45,Politicas Federales para la Promocion de los Derechos de Niños y Adolescentes,0,Politicas Federales para la Promocion de los Derechos de Niños y Adolescentes,0,Politicas Federales para la Promocion de los Derechos de Niños y Adolescentes,6,Politicas Federales para el Fortalecimiento del Sistema de Proteccion,0,Politicas Federales para la Promocion de los Derechos de Niños y Adolescentes,2024-07-01 00:00:00
2023,341,45,Politicas Federales para la Promocion de los Derechos de Niños y Adolescentes,0,Politicas Federales para la Promocion de los Derechos de Niños y Adolescentes,0,Politicas Federales para la Promocion de los Derechos de Niños y Adolescentes,43,"Politicas de Fortalecimiento de Canales de Escucha para Niñas, Niños y Adolescentes- Linea 102",0,Politicas Federales para la Promocion de los Derechos de Niños y Adolescentes,2024-07-01 00:00:00
2023,341,46,Promocion y Proteccion de los Derechos de Adultos Mayores,0,Promocion y Proteccion de los Derechos de Adultos Mayores,0,Promocion y Proteccion de los Derechos de Adultos Mayores,2,Asistencia en Modalidad Residencial para Adultos Mayores,0,Promocion y Proteccion de los Derechos de Adultos Mayores,2024-07-01 00:00:00
2023,341,46,Promocion y Proteccion de los Derechos de Adultos Mayores,0,Promocion y Proteccion de los Derechos de Adultos Mayores,0,Promocion y Proteccion de los Derechos de Adultos Mayores,4,Direccion Superior,0,Promocion y Proteccion de los Derechos de Adultos Mayores,2024-07-01 00:00:00
2023,341,46,Promocion y Proteccion de los Derechos de Adultos Mayores,0,Promocion y Proteccion de los Derechos de Adultos Mayores,0,Promocion y Proteccion de los Derechos de Adultos Mayores,5,Capacitacion para Brindar Cuidados Domiciliarios y Promocion de Calidad de Vida,0,Promocion y Proteccion de los Derechos de Adultos Mayores,2024-07-01 00:00:00
2023,341,46,Promocion y Proteccion de los Derechos de Adultos Mayores,0,Promocion y Proteccion de los Derechos de Adultos Mayores,0,Promocion y Proteccion de los Derechos de Adultos Mayores,6,Actividades de Promocion de los Derechos de Adultos Mayores,0,Promocion y Proteccion de los Derechos de Adultos Mayores,2024-07-01 00:00:00
2023,341,47,Promocion y Asistencia a Espacios de Primera Infancia,0,Promocion y Asistencia a Espacios de Primera Infancia,0,Promocion y Asistencia a Espacios de Primera Infancia,4,Direccion Superior,0,Promocion y Asistencia a Espacios de Primera Infancia,2024-07-01 00:00:00
2023,341,47,Promocion y Asistencia a Espacios de Primera Infancia,0,Promocion y Asistencia a Espacios de Primera Infancia,0,Promocion y Asistencia a Espacios de Primera Infancia,41,Acciones Federales para el Desarrollo de la Primera Infancia,0,Promocion y Asistencia a Espacios de Primera Infancia,2024-07-01 00:00:00
2023,341,49,Acciones para el Fortalecimiento de las Familias y su Inclusion Comunitaria,0,Acciones para el Fortalecimiento de las Familias y su Inclusion Comunitaria,0,Acciones para el Fortalecimiento de las Familias y su Inclusion Comunitaria,1,Conduccion y Coordinacion,0,Acciones para el Fortalecimiento de las Familias y su Inclusion Comunitaria,2024-07-01 00:00:00
2023,341,49,Acciones para el Fortalecimiento de las Familias y su Inclusion Comunitaria,0,Acciones para el Fortalecimiento de las Familias y su Inclusion Comunitaria,0,Acciones para el Fortalecimiento de las Familias y su Inclusion Comunitaria,2,Fortalecimiento de las Capacidades Institucionales para el Abordaje Integral,0,Acciones para el Fortalecimiento de las Familias y su Inclusion Comunitaria,2024-07-01 00:00:00
2023,341,49,Acciones para el Fortalecimiento de las Familias y su Inclusion Comunitaria,0,Acciones para el Fortalecimiento de las Familias y su Inclusion Comunitaria,0,Acciones para el Fortalecimiento de las Familias y su Inclusion Comunitaria,3,Articulacion Territorial del Abordaje Familiar,0,Acciones para el Fortalecimiento de las Familias y su Inclusion Comunitaria,2024-07-01 00:00:00
2023,343,1,Actividades Centrales,0,Actividades Centrales,0,Actividades Centrales,1,Conduccion Superior,0,Actividades Centrales,2024-07-01 00:00:00
2023,343,1,Actividades Centrales,0,Actividades Centrales,0,Actividades Centrales,2,Coordinacion Administrativa,0,Actividades Centrales,2024-07-01 00:00:00
2023,343,1,Actividades Centrales,0,Actividades Centrales,0,Actividades Centrales,9,Programa Federal de Seguridad (BID N° 4113/OC-AR),0,Actividades Centrales,2024-07-01 00:00:00
2023,343,1,Actividades Centrales,0,Actividades Centrales,0,Actividades Centrales,10,Acciones de Inteligencia Criminal,0,Actividades Centrales,2024-07-01 00:00:00
2023,343,1,Actividades Centrales,0,Actividades Centrales,0,Actividades Centrales,12,Acciones de Ciberseguridad y Ciberdelito,0,Actividades Centrales,2024-07-01 00:00:00
2023,343,39,Seguridad en Eventos Deportivos,0,Seguridad en Eventos Deportivos,0,Seguridad en Eventos Deportivos,3,Acciones de Seguridad en Eventos Deportivos,0,Seguridad en Eventos Deportivos,2024-07-01 00:00:00
2023,343,44,Acciones de Formacion y Capacitacion,0,Acciones de Formacion y Capacitacion,0,Acciones de Formacion y Capacitacion,1,Conduccion de las Acciones de Formacion y Capacitacion,0,Acciones de Formacion y Capacitacion,2024-07-01 00:00:00
2023,343,48,Proyectos Especiales en Seguridad Publica,0,Proyectos Especiales en Seguridad Publica,0,Proyectos Especiales en Seguridad Publica,1,Conduccion de los Proyectos Especiales en Seguridad Publica,0,Proyectos Especiales en Seguridad Publica,2024-07-01 00:00:00
2023,343,49,Coordinacion Institucional del Ministerio de Seguridad y Fuerzas Policiales y de Seguridad,0,Coordinacion Institucional del Ministerio de Seguridad y Fuerzas Policiales y de Seguridad,0,Coordinacion Institucional del Ministerio de Seguridad y Fuerzas Policiales y de Seguridad,1,Conduccion y Administracion,0,Coordinacion Institucional del Ministerio de Seguridad y Fuerzas Policiales y de Seguridad,2024-07-01 00:00:00
2023,343,49,Coordinacion Institucional del Ministerio de Seguridad y Fuerzas Policiales y de Seguridad,0,Coordinacion Institucional del Ministerio de Seguridad y Fuerzas Policiales y de Seguridad,0,Coordinacion Institucional del Ministerio de Seguridad y Fuerzas Policiales y de Seguridad,4,Planificacion Logistica y Equipamiento Federal,0,Coordinacion Institucional del Ministerio de Seguridad y Fuerzas Policiales y de Seguridad,2024-07-01 00:00:00
2023,343,50,Articulacion Federal de la Seguridad,0,Articulacion Federal de la Seguridad,0,Articulacion Federal de la Seguridad,1,Conduccion y Administracion,0,Articulacion Federal de la Seguridad,2024-07-01 00:00:00
2023,343,50,Articulacion Federal de la Seguridad,0,Articulacion Federal de la Seguridad,0,Articulacion Federal de la Seguridad,2,Programacion Federal de la Seguridad y Cooperacion con el Poder Legislativo,0,Articulacion Federal de la Seguridad,2024-07-01 00:00:00
2023,343,50,Articulacion Federal de la Seguridad,0,Articulacion Federal de la Seguridad,0,Articulacion Federal de la Seguridad,4,"Acciones de Proteccion Civil, Prevencion y Reduccion del Riesgo de Desastre",0,Articulacion Federal de la Seguridad,2024-07-01 00:00:00
2023,343,50,Articulacion Federal de la Seguridad,0,Articulacion Federal de la Seguridad,0,Articulacion Federal de la Seguridad,7,Asistencia a Bomberos Voluntarios,0,Articulacion Federal de la Seguridad,2024-07-01 00:00:00
2023,343,51,Acciones de Seguridad y Politica Criminal,0,Acciones de Seguridad y Politica Criminal,0,Acciones de Seguridad y Politica Criminal,1,Conduccion y Administracion,0,Acciones de Seguridad y Politica Criminal,2024-07-01 00:00:00
2023,343,51,Acciones de Seguridad y Politica Criminal,0,Acciones de Seguridad y Politica Criminal,0,Acciones de Seguridad y Politica Criminal,2,"Cooperacion Judicial, Ministerios Publicos e Investigacion Criminal",0,Acciones de Seguridad y Politica Criminal,2024-07-01 00:00:00
2023,343,51,Acciones de Seguridad y Politica Criminal,0,Acciones de Seguridad y Politica Criminal,0,Acciones de Seguridad y Politica Criminal,3,Administracion del Fondo Permanente de Recompensas,0,Acciones de Seguridad y Politica Criminal,2024-07-01 00:00:00
2023,343,51,Acciones de Seguridad y Politica Criminal,0,Acciones de Seguridad y Politica Criminal,0,Acciones de Seguridad y Politica Criminal,5,Acciones de Control y Lucha contra el Narcotrafico,0,Acciones de Seguridad y Politica Criminal,2024-07-01 00:00:00
2023,343,51,Acciones de Seguridad y Politica Criminal,0,Acciones de Seguridad y Politica Criminal,0,Acciones de Seguridad y Politica Criminal,6,Acciones de Intervencion Federal,0,Acciones de Seguridad y Politica Criminal,2024-07-01 00:00:00
2023,343,51,Acciones de Seguridad y Politica Criminal,0,Acciones de Seguridad y Politica Criminal,0,Acciones de Seguridad y Politica Criminal,7,"Acciones de Coordinacion, Diseño, Monitoreo, Control y Vigilancia en Fronteras",0,Acciones de Seguridad y Politica Criminal,2024-07-01 00:00:00
2023,343,51,Acciones de Seguridad y Politica Criminal,0,Acciones de Seguridad y Politica Criminal,0,Acciones de Seguridad y Politica Criminal,8,"Desarrollo de Infraestructura, Equipamiento y Capacitacion de Complejos Fronterizos (FONPLATA ARG 28/2016)",0,Acciones de Seguridad y Politica Criminal,2024-07-01 00:00:00
2023,343,51,Acciones de Seguridad y Politica Criminal,0,Acciones de Seguridad y Politica Criminal,0,Acciones de Seguridad y Politica Criminal,10,"Control, Planificacion e Intervencion Operativa para Prevencion del Delito",0,Acciones de Seguridad y Politica Criminal,2024-07-01 00:00:00
2023,343,51,Acciones de Seguridad y Politica Criminal,0,Acciones de Seguridad y Politica Criminal,0,Acciones de Seguridad y Politica Criminal,12,Elaboracion y Actualizacion de Estadistica Criminal,0,Acciones de Seguridad y Politica Criminal,2024-07-01 00:00:00
2023,343,52,"Fortalecimiento de Integridad Publica y Proteccion de Derechos, Bienestar y Genero en el ambito de la Seguridad",0,"Fortalecimiento de Integridad Publica y Proteccion de Derechos, Bienestar y Genero en el ambito de la Seguridad",0,"Fortalecimiento de Integridad Publica y Proteccion de Derechos, Bienestar y Genero en el ambito de la Seguridad",1,Conduccion y Administracion,0,"Fortalecimiento de Integridad Publica y Proteccion de Derechos, Bienestar y Genero en el ambito de la Seguridad",2024-07-01 00:00:00
2023,343,52,"Fortalecimiento de Integridad Publica y Proteccion de Derechos, Bienestar y Genero en el ambito de la Seguridad",0,"Fortalecimiento de Integridad Publica y Proteccion de Derechos, Bienestar y Genero en el ambito de la Seguridad",0,"Fortalecimiento de Integridad Publica y Proteccion de Derechos, Bienestar y Genero en el ambito de la Seguridad",2,"Acciones de Transparencia, Integridad Publica, Genero y Diversidad y Bienestar",0,"Fortalecimiento de Integridad Publica y Proteccion de Derechos, Bienestar y Genero en el ambito de la Seguridad",2024-07-01 00:00:00
2023,345,1,Actividades Centrales,0,Actividades Centrales,0,Actividades Centrales,1,Direccion y Conduccion,0,Actividades Centrales,2024-07-01 00:00:00
2023,345,21,Asistencia y Coordinacion de Politicas Sociales,0,Asistencia y Coordinacion de Politicas Sociales,0,Asistencia y Coordinacion de Politicas Sociales,1,Asistencia y Coordinacion de Politicas Sociales,0,Asistencia y Coordinacion de Politicas Sociales,2024-07-01 00:00:00
2023,345,21,Asistencia y Coordinacion de Politicas Sociales,0,Asistencia y Coordinacion de Politicas Sociales,0,Asistencia y Coordinacion de Politicas Sociales,5,Identificacion Tributaria y Social,0,Asistencia y Coordinacion de Politicas Sociales,2024-07-01 00:00:00
2023,345,21,Asistencia y Coordinacion de Politicas Sociales,0,Asistencia y Coordinacion de Politicas Sociales,0,Asistencia y Coordinacion de Politicas Sociales,6,"Sistema de Informacion, Evaluacion y Monitoreo",0,Asistencia y Coordinacion de Politicas Sociales,2024-07-01 00:00:00
2023,345,21,Asistencia y Coordinacion de Politicas Sociales,0,Asistencia y Coordinacion de Politicas Sociales,0,Asistencia y Coordinacion de Politicas Sociales,7,Sistema Identificacion y Seleccion de Familias Beneficiarias de Programas Sociales,0,Asistencia y Coordinacion de Politicas Sociales,2024-07-01 00:00:00
2023,345,21,Asistencia y Coordinacion de Politicas Sociales,0,Asistencia y Coordinacion de Politicas Sociales,0,Asistencia y Coordinacion de Politicas Sociales,8,Direccion y Conduccion,0,Asistencia y Coordinacion de Politicas Sociales,2024-07-01 00:00:00
2023,345,21,Asistencia y Coordinacion de Politicas Sociales,0,Asistencia y Coordinacion de Politicas Sociales,0,Asistencia y Coordinacion de Politicas Sociales,9,Articulacion de Objetivos de Desarrollo Sostenible,0,Asistencia y Coordinacion de Politicas Sociales,2024-07-01 00:00:00
2023,346,36,Defensa del Publico de Servicios de Comunicacion Audiovisual,0,Defensa del Publico de Servicios de Comunicacion Audiovisual,0,Defensa del Publico de Servicios de Comunicacion Audiovisual,1,Defensa del Publico de Servicios de Comunicacion Audiovisual,0,Defensa del Publico de Servicios de Comunicacion Audiovisual,2024-07-01 00:00:00
2023,346,36,Defensa del Publico de Servicios de Comunicacion Audiovisual,0,Defensa del Publico de Servicios de Comunicacion Audiovisual,0,Defensa del Publico de Servicios de Comunicacion Audiovisual,3,Acciones de Promocion y Proteccion de Derechos NNA en Medios de Comunicacion,0,Defensa del Publico de Servicios de Comunicacion Audiovisual,2024-07-01 00:00:00
2023,347,8,Actividad Comun a los Programas 74 y 75,0,Actividad Comun a los Programas 74 y 75,0,Actividad Comun a los Programas 74 y 75,1,Conduccion Superior,0,Actividad Comun a los Programas 74 y 75,2024-07-01 00:00:00
2023,347,8,Actividad Comun a los Programas 74 y 75,0,Actividad Comun a los Programas 74 y 75,0,Actividad Comun a los Programas 74 y 75,2,"Apoyo Administrativo, Funcional y de Infraestructura",0,Actividad Comun a los Programas 74 y 75,2024-07-01 00:00:00
2023,347,74,Prensa y Difusion de Actos de Gobierno,0,Prensa y Difusion de Actos de Gobierno,0,Prensa y Difusion de Actos de Gobierno,1,Prensa y Difusion de Actos de Gobierno,0,Prensa y Difusion de Actos de Gobierno,2024-07-01 00:00:00
2023,347,75,Acciones para la Federalizacion de la Comunicacion Publica y de los Contenidos,0,Acciones para la Federalizacion de la Comunicacion Publica y de los Contenidos,0,Acciones para la Federalizacion de la Comunicacion Publica y de los Contenidos,1,Fortalecimiento de Medios de Comunicacion en el Territorio Nacional,0,Acciones para la Federalizacion de la Comunicacion Publica y de los Contenidos,2024-07-01 00:00:00
2023,347,75,Acciones para la Federalizacion de la Comunicacion Publica y de los Contenidos,0,Acciones para la Federalizacion de la Comunicacion Publica y de los Contenidos,0,Acciones para la Federalizacion de la Comunicacion Publica y de los Contenidos,2,Creacion de Contenidos,0,Acciones para la Federalizacion de la Comunicacion Publica y de los Contenidos,2024-07-01 00:00:00
2023,349,21,Defensa y Representacion Juridica del Estado,0,Defensa y Representacion Juridica del Estado,0,Defensa y Representacion Juridica del Estado,1,Defensa y Representacion Juridica del Estado,0,Defensa y Representacion Juridica del Estado,2024-07-01 00:00:00
2023,350,1,Actividades Centrales,0,Actividades Centrales,0,Actividades Centrales,1,Conduccion General de la Politica Laboral  y de,0,Actividades Centrales,2024-07-01 00:00:00
2023,350,1,Actividades Centrales,0,Actividades Centrales,0,Actividades Centrales,5,Apoyo al Fortalecimiento y Modernizacion de la,0,Actividades Centrales,2024-07-01 00:00:00
2023,350,1,Actividades Centrales,0,Actividades Centrales,0,Actividades Centrales,9,Planificacion y Estudios Laborales,0,Actividades Centrales,2024-07-01 00:00:00
2023,350,1,Actividades Centrales,0,Actividades Centrales,0,Actividades Centrales,10,Gestion Administrativa de Prestamo (BIRF N° 9337 - AR),0,Actividades Centrales,2024-07-01 00:00:00
2023,350,16,Acciones de Empleo,0,Acciones de Empleo,0,Acciones de Empleo,1,Conduccion y Coordinacion,0,Acciones de Empleo,2024-07-01 00:00:00
2023,350,16,Acciones de Empleo,0,Acciones de Empleo,0,Acciones de Empleo,10,Acciones de Empleo,0,Acciones de Empleo,2024-07-01 00:00:00
2023,350,16,Acciones de Empleo,0,Acciones de Empleo,0,Acciones de Empleo,11,Programa de Recuperacion y Sostenimiento Productivo (REPRO),0,Acciones de Empleo,2024-07-01 00:00:00
2023,350,16,Acciones de Empleo,0,Acciones de Empleo,0,Acciones de Empleo,12,Asistencia a la Insercion de Trabajadores con Discapacidad,0,Acciones de Empleo,2024-07-01 00:00:00
2023,350,16,Acciones de Empleo,0,Acciones de Empleo,0,Acciones de Empleo,14,Implementacion del Programa Jovenes MIPYME - Te Sumo,0,Acciones de Empleo,2024-07-01 00:00:00
2023,350,16,Acciones de Empleo,0,Acciones de Empleo,0,Acciones de Empleo,15,Apoyo a la Insercion al Empleo Formal y Productivo (BIRF N° 9337 – AR),0,Acciones de Empleo,2024-07-01 00:00:00
2023,350,16,Acciones de Empleo,0,Acciones de Empleo,0,Acciones de Empleo,16,Apoyo a la Insercion de Trabajadores de Casas Particulares (REGISTRADAS),0,Acciones de Empleo,2024-07-01 00:00:00
2023,350,18,Analisis y Formulacion de la Politica de Seguridad Social,0,Analisis y Formulacion de la Politica de Seguridad Social,0,Analisis y Formulacion de la Politica de Seguridad Social,1,Conduccion y Coordinacion,0,Analisis y Formulacion de la Politica de Seguridad Social,2024-07-01 00:00:00
2023,350,20,Formulacion y Regulacion de la Politica Laboral,0,Formulacion y Regulacion de la Politica Laboral,0,Formulacion y Regulacion de la Politica Laboral,1,Conduccion y Coordinacion,0,Formulacion y Regulacion de la Politica Laboral,2024-07-01 00:00:00
2023,350,20,Formulacion y Regulacion de la Politica Laboral,0,Formulacion y Regulacion de la Politica Laboral,0,Formulacion y Regulacion de la Politica Laboral,2,Inclusion en el Mercado Laboral,0,Formulacion y Regulacion de la Politica Laboral,2024-07-01 00:00:00
2023,350,22,Regularizacion del Trabajo,0,Regularizacion del Trabajo,0,Regularizacion del Trabajo,1,Regularizacion del Trabajo,0,Regularizacion del Trabajo,2024-07-01 00:00:00
2023,350,23,Acciones de Capacitacion Laboral,0,Acciones de Capacitacion Laboral,0,Acciones de Capacitacion Laboral,1,Acciones de Capacitacion,0,Acciones de Capacitacion Laboral,2024-07-01 00:00:00
2023,350,23,Acciones de Capacitacion Laboral,0,Acciones de Capacitacion Laboral,0,Acciones de Capacitacion Laboral,14,Fortalecimiento de Acciones de Orientacion Laboral y Formacion Profesional (BIRF N° 9337 - AR),0,Acciones de Capacitacion Laboral,2024-07-01 00:00:00
2023,350,27,Acciones de Articulacion Territorial,0,Acciones de Articulacion Territorial,0,Acciones de Articulacion Territorial,1,Acciones de Articulacion Territorial,0,Acciones de Articulacion Territorial,2024-07-01 00:00:00
2023,355,98,Deudas Directas de la Administracion Central,1,Servicio de la Deuda Publica (Intereses y Comisiones),0,Servicio de la Deuda Publica (Intereses y Comisiones),1,Servicio de la Deuda Publica (Intereses y Comisiones),0,Servicio de la Deuda Publica (Intereses y Comisiones),2024-07-01 00:00:00
2023,355,98,Deudas Directas de la Administracion Central,1,Servicio de la Deuda Publica (Intereses y Comisiones),0,Servicio de la Deuda Publica (Intereses y Comisiones),90,Intereses Intrasector Publico,0,Servicio de la Deuda Publica (Intereses y Comisiones),2024-07-01 00:00:00
2023,355,98,Deudas Directas de la Administracion Central,1,Servicio de la Deuda Publica (Intereses y Comisiones),0,Servicio de la Deuda Publica (Intereses y Comisiones),91,Intereses Extrasector Publico,0,Servicio de la Deuda Publica (Intereses y Comisiones),2024-07-01 00:00:00
2023,356,66,Asistencia Financiera a Empresas Publicas y Otros Entes dependientes de la Jefatura de Gabinete de Ministros,0,Asistencia Financiera a Empresas Publicas y Otros Entes dependientes de la Jefatura de Gabinete de Ministros,0,Asistencia Financiera a Empresas Publicas y Otros Entes dependientes de la Jefatura de Gabinete de Ministros,1,Asistencia Financiera a Empresas Publicas y Otros Entes dependientes de la Jefatura de Gabinete de Ministros,0,Asistencia Financiera a Empresas Publicas y Otros Entes dependientes de la Jefatura de Gabinete de Ministros,2024-07-01 00:00:00
2023,356,68,Fondo de Fortalecimiento Fiscal de la Provincia de Buenos Aires,0,Fondo de Fortalecimiento Fiscal de la Provincia de Buenos Aires,0,Fondo de Fortalecimiento Fiscal de la Provincia de Buenos Aires,1,Fondo de Fortalecimiento Fiscal de la Provincia de Buenos Aires,0,Fondo de Fortalecimiento Fiscal de la Provincia de Buenos Aires,2024-07-01 00:00:00
2023,356,72,Asistencia Financiera a Empresas Publicas y Otros Entes dependientes de la Secretaria de Medios y Comunicacion Publica,0,Asistencia Financiera a Empresas Publicas y Otros Entes dependientes de la Secretaria de Medios y Comunicacion Publica,0,Asistencia Financiera a Empresas Publicas y Otros Entes dependientes de la Secretaria de Medios y Comunicacion Publica,1,Asistencia Financiera a Empresas Publicas y Otros Entes dependientes de la Secretaria de Medios y Comunicacion Publica,0,Asistencia Financiera a Empresas Publicas y Otros Entes dependientes de la Secretaria de Medios y Comunicacion Publica,2024-07-01 00:00:00
2023,356,73,Asistencia Financiera a Empresas Publicas y Otros Entes del Ministerio de Turismo y Deportes,0,Asistencia Financiera a Empresas Publicas y Otros Entes del Ministerio de Turismo y Deportes,0,Asistencia Financiera a Empresas Publicas y Otros Entes del Ministerio de Turismo y Deportes,2,Asistencia Financiera a Empresas Publicas y Otros Entes del Sector Deportes,0,Asistencia Financiera a Empresas Publicas y Otros Entes del Ministerio de Turismo y Deportes,2024-07-01 00:00:00
2023,356,75,Asistencia Financiera a Empresas Publicas y Otros Entes del Ministerio de Educacion,0,Asistencia Financiera a Empresas Publicas y Otros Entes del Ministerio de Educacion,0,Asistencia Financiera a Empresas Publicas y Otros Entes del Ministerio de Educacion,2,Asistencia Financiera a Empresas  y Otros Entes del Sector de Comunicaciones,0,Asistencia Financiera a Empresas Publicas y Otros Entes del Ministerio de Educacion,2024-07-01 00:00:00
2023,356,76,Asistencia Financiera a Empresas Publicas y Otros Entes de la Secretaria de Energia,0,Asistencia Financiera a Empresas Publicas y Otros Entes de la Secretaria de Energia,0,Asistencia Financiera a Empresas Publicas y Otros Entes de la Secretaria de Energia,1,Asistencia Financiera a Empresas Publicas y Otros Entes de la Secretaria de Energia,0,Asistencia Financiera a Empresas Publicas y Otros Entes de la Secretaria de Energia,2024-07-01 00:00:00
2023,356,77,Asistencia Financiera a Empresas Publicas y Otros Entes del Ministerio de  Obras Publicas,0,Asistencia Financiera a Empresas Publicas y Otros Entes del Ministerio de  Obras Publicas,0,Asistencia Financiera a Empresas Publicas y Otros Entes del Ministerio de  Obras Publicas,1,Asistencia Financiera a Empresas del Sector Agua Potable,0,Asistencia Financiera a Empresas Publicas y Otros Entes del Ministerio de  Obras Publicas,2024-07-01 00:00:00
2023,356,77,Asistencia Financiera a Empresas Publicas y Otros Entes del Ministerio de  Obras Publicas,0,Asistencia Financiera a Empresas Publicas y Otros Entes del Ministerio de  Obras Publicas,0,Asistencia Financiera a Empresas Publicas y Otros Entes del Ministerio de  Obras Publicas,2,Asistencia Financiera a Empresas del Sector Transporte,0,Asistencia Financiera a Empresas Publicas y Otros Entes del Ministerio de  Obras Publicas,2024-07-01 00:00:00
2023,356,77,Asistencia Financiera a Empresas Publicas y Otros Entes del Ministerio de  Obras Publicas,0,Asistencia Financiera a Empresas Publicas y Otros Entes del Ministerio de  Obras Publicas,0,Asistencia Financiera a Empresas Publicas y Otros Entes del Ministerio de  Obras Publicas,77,Asistencia Financiera a Empresas del Sector Agua Potable para Acciones en la Cuenca Matanza - Riachuelo,0,Asistencia Financiera a Empresas Publicas y Otros Entes del Ministerio de  Obras Publicas,2024-07-01 00:00:00
2023,356,77,Asistencia Financiera a Empresas Publicas y Otros Entes del Ministerio de  Obras Publicas,0,Asistencia Financiera a Empresas Publicas y Otros Entes del Ministerio de  Obras Publicas,0,Asistencia Financiera a Empresas Publicas y Otros Entes del Ministerio de  Obras Publicas,78,Asistencia Financiera para Acciones en la Cuenca Matanza - Riachuelo,0,Asistencia Financiera a Empresas Publicas y Otros Entes del Ministerio de  Obras Publicas,2024-07-01 00:00:00
2023,356,83,Asistencia Financiera a Empresas Publicas y Otros Entes del Ministerio de Defensa,0,Asistencia Financiera a Empresas Publicas y Otros Entes del Ministerio de Defensa,0,Asistencia Financiera a Empresas Publicas y Otros Entes del Ministerio de Defensa,1,Asistencia Financiera a Empresas Publicas y Otros Entes del Sector Industrial,0,Asistencia Financiera a Empresas Publicas y Otros Entes del Ministerio de Defensa,2024-07-01 00:00:00
2023,356,87,Asistencia Financiera a Empresas Publicas y Otros Entes del Ministerio de Transporte,1,Asistencia Financiera a Empresas Publicas y Otros Entes del Ministerio de Transporte,0,Asistencia Financiera a Empresas Publicas y Otros Entes del Ministerio de Transporte,46,Asistencia Financiera a Empresas del Sector Ferroviario,0,Asistencia Financiera a Empresas Publicas y Otros Entes del Ministerio de Transporte,2024-07-01 00:00:00
2023,356,87,Asistencia Financiera a Empresas Publicas y Otros Entes del Ministerio de Transporte,1,Asistencia Financiera a Empresas Publicas y Otros Entes del Ministerio de Transporte,0,Asistencia Financiera a Empresas Publicas y Otros Entes del Ministerio de Transporte,48,Asistencia Financiera a Empresas del Sector Aereo,0,Asistencia Financiera a Empresas Publicas y Otros Entes del Ministerio de Transporte,2024-07-01 00:00:00
2023,356,96,Atencion Servicios Financieros y Gastos Judiciales,1,Servicios Financieros,0,Servicios Financieros,1,Servicios Financieros,0,Servicios Financieros,2024-07-01 00:00:00
2023,356,96,Atencion Servicios Financieros y Gastos Judiciales,2,Gastos Judiciales,0,Gastos Judiciales,1,Gastos Judiciales,0,Gastos Judiciales,2024-07-01 00:00:00
2023,356,98,Asistencia Financiera a Provincias y Municipios,1,Asistencia Financiera a Provincias,0,Asistencia Financiera a Provincias,1,Asistencia a Provincias,0,Asistencia Financiera a Provincias,2024-07-01 00:00:00
2023,356,98,Asistencia Financiera a Provincias y Municipios,1,Asistencia Financiera a Provincias,0,Asistencia Financiera a Provincias,2,Otras Asistencias,0,Asistencia Financiera a Provincias,2024-07-01 00:00:00
2023,356,98,Asistencia Financiera a Provincias y Municipios,2,Asistencia Financiera a Municipalidades,0,Asistencia Financiera a Municipalidades,1,Asistencia a Municipalidades,0,Asistencia Financiera a Municipalidades,2024-07-01 00:00:00
2023,356,99,Otras Asistencias Financieras,2,Asistencia en Defensa y Seguridad,0,Asistencia en Defensa y Seguridad,1,Defensa,0,Asistencia en Defensa y Seguridad,2024-07-01 00:00:00
2023,356,99,Otras Asistencias Financieras,2,Asistencia en Defensa y Seguridad,0,Asistencia en Defensa y Seguridad,2,Seguridad Interior,0,Asistencia en Defensa y Seguridad,2024-07-01 00:00:00
2023,356,99,Otras Asistencias Financieras,3,Otras Asistencias,0,Otras Asistencias,1,Otras Asistencias,0,Otras Asistencias,2024-07-01 00:00:00
2023,356,99,Otras Asistencias Financieras,3,Otras Asistencias,0,Otras Asistencias,4,Judicial,0,Otras Asistencias,2024-07-01 00:00:00
2023,356,99,Otras Asistencias Financieras,3,Otras Asistencias,0,Otras Asistencias,10,Relaciones Interiores,0,Otras Asistencias,2024-07-01 00:00:00
2023,356,99,Otras Asistencias Financieras,3,Otras Asistencias,0,Otras Asistencias,11,Direccion Superior Ejecutiva,0,Otras Asistencias,2024-07-01 00:00:00
2023,356,99,Otras Asistencias Financieras,4,Asistencia Social,0,Asistencia Social,4,Ciencia y Tecnica,0,Asistencia Social,2024-07-01 00:00:00
2023,356,99,Otras Asistencias Financieras,4,Asistencia Social,0,Asistencia Social,5,Asistencia Educacion y Cultura,0,Asistencia Social,2024-07-01 00:00:00
2023,356,99,Otras Asistencias Financieras,4,Asistencia Social,0,Asistencia Social,7,Vivienda y Urbanismo,0,Asistencia Social,2024-07-01 00:00:00
2023,356,99,Otras Asistencias Financieras,6,Asistencia en Servicios Economicos,0,Asistencia en Servicios Economicos,1,Comunicaciones,0,Asistencia en Servicios Economicos,2024-07-01 00:00:00
2023,356,99,Otras Asistencias Financieras,6,Asistencia en Servicios Economicos,0,Asistencia en Servicios Economicos,2,Ecologia y Medio Ambiente,0,Asistencia en Servicios Economicos,2024-07-01 00:00:00
2023,356,99,Otras Asistencias Financieras,6,Asistencia en Servicios Economicos,0,Asistencia en Servicios Economicos,3,Agricultura,0,Asistencia en Servicios Economicos,2024-07-01 00:00:00
2023,356,99,Otras Asistencias Financieras,6,Asistencia en Servicios Economicos,0,Asistencia en Servicios Economicos,6,"Comercio, Tursimo y Otros Servicios",0,Asistencia en Servicios Economicos,2024-07-01 00:00:00
2023,356,99,Otras Asistencias Financieras,6,Asistencia en Servicios Economicos,0,Asistencia en Servicios Economicos,7,Transporte,0,Asistencia en Servicios Economicos,2024-07-01 00:00:00
2023,356,99,Otras Asistencias Financieras,6,Asistencia en Servicios Economicos,0,Asistencia en Servicios Economicos,8,Seguros y Finanzas,0,Asistencia en Servicios Economicos,2024-07-01 00:00:00
2023,357,1,Actividades Centrales,0,Actividades Centrales,0,Actividades Centrales,1,Conduccion y Direccion Superior,0,Actividades Centrales,2024-07-01 00:00:00
2023,357,1,Actividades Centrales,0,Actividades Centrales,0,Actividades Centrales,2,Coordinacion,0,Actividades Centrales,2024-07-01 00:00:00
2023,357,1,Actividades Centrales,0,Actividades Centrales,0,Actividades Centrales,3,Normalizacion Patrimonial,0,Actividades Centrales,2024-07-01 00:00:00
2023,357,12,Actividades Comunes a los Programas de la Secretaria de Hacienda,0,Actividades Comunes a los Programas de la Secretaria de Hacienda,0,Actividades Comunes a los Programas de la Secretaria de Hacienda,1,Conduccion de la Politica de las Finanzas Publicas,0,Actividades Comunes a los Programas de la Secretaria de Hacienda,2024-07-01 00:00:00
2023,357,12,Actividades Comunes a los Programas de la Secretaria de Hacienda,0,Actividades Comunes a los Programas de la Secretaria de Hacienda,0,Actividades Comunes a los Programas de la Secretaria de Hacienda,2,"Programacion, Registro y Control de las Obligaciones a Cargo del Tesoro Nacional",0,Actividades Comunes a los Programas de la Secretaria de Hacienda,2024-07-01 00:00:00
2023,357,12,Actividades Comunes a los Programas de la Secretaria de Hacienda,0,Actividades Comunes a los Programas de la Secretaria de Hacienda,0,Actividades Comunes a los Programas de la Secretaria de Hacienda,3,Apoyo a la Gestion Integrada del Gasto Publico (BID 4802/OC-AR),0,Actividades Comunes a los Programas de la Secretaria de Hacienda,2024-07-01 00:00:00
2023,357,18,Formulacion y Ejecucion de Politicas Economicas,0,Formulacion y Ejecucion de Politicas Economicas,0,Formulacion y Ejecucion de Politicas Economicas,1,Formulacion y Ejecucion de Politicas Economicas,0,Formulacion y Ejecucion de Politicas Economicas,2024-07-01 00:00:00
2023,357,18,Formulacion y Ejecucion de Politicas Economicas,0,Formulacion y Ejecucion de Politicas Economicas,0,Formulacion y Ejecucion de Politicas Economicas,15,Planificacion Economica,0,Formulacion y Ejecucion de Politicas Economicas,2024-07-01 00:00:00
2023,357,18,Formulacion y Ejecucion de Politicas Economicas,0,Formulacion y Ejecucion de Politicas Economicas,0,Formulacion y Ejecucion de Politicas Economicas,17,Definicion de Politicas de Programacion Macroeconomica,0,Formulacion y Ejecucion de Politicas Economicas,2024-07-01 00:00:00
2023,357,18,Formulacion y Ejecucion de Politicas Economicas,0,Formulacion y Ejecucion de Politicas Economicas,0,Formulacion y Ejecucion de Politicas Economicas,37,Evaluacion de Politicas de Igualdad y Genero (PPG),0,Formulacion y Ejecucion de Politicas Economicas,2024-07-01 00:00:00
2023,357,22,"Finanzas, Bancos y Seguros",0,"Finanzas, Bancos y Seguros",0,"Finanzas, Bancos y Seguros",1,Conduccion de las Finanzas del Estado Nacional,0,"Finanzas, Bancos y Seguros",2024-07-01 00:00:00
2023,357,22,"Finanzas, Bancos y Seguros",0,"Finanzas, Bancos y Seguros",0,"Finanzas, Bancos y Seguros",3,Administracion del Financiamiento,0,"Finanzas, Bancos y Seguros",2024-07-01 00:00:00
2023,357,22,"Finanzas, Bancos y Seguros",0,"Finanzas, Bancos y Seguros",0,"Finanzas, Bancos y Seguros",15,Coordinacion de Gestion de la Sostenibilidad de la Deuda Publica Externa,0,"Finanzas, Bancos y Seguros",2024-07-01 00:00:00
2023,357,22,"Finanzas, Bancos y Seguros",0,"Finanzas, Bancos y Seguros",0,"Finanzas, Bancos y Seguros",41,Coordinacion y Desarrollo de los Servicios Financieros,0,"Finanzas, Bancos y Seguros",2024-07-01 00:00:00
2023,357,26,Administracion Financiera,0,Administracion Financiera,0,Administracion Financiera,1,Conduccion del Sistema de Administracion Financiera,0,Administracion Financiera,2024-07-01 00:00:00
2023,357,26,Administracion Financiera,0,Administracion Financiera,0,Administracion Financiera,2,Direccion y Coordinacion del Proceso Presupuestario,0,Administracion Financiera,2024-07-01 00:00:00
2023,357,26,Administracion Financiera,0,Administracion Financiera,0,Administracion Financiera,3,Generacion y Analisis de Informacion Financiera,0,Administracion Financiera,2024-07-01 00:00:00
2023,357,26,Administracion Financiera,0,Administracion Financiera,0,Administracion Financiera,4,Programacion y Administracion de Ingresos y Pagos,0,Administracion Financiera,2024-07-01 00:00:00
2023,357,26,Administracion Financiera,0,Administracion Financiera,0,Administracion Financiera,6,Coordinacion Informatica de la Administracion Financiera,0,Administracion Financiera,2024-07-01 00:00:00
2023,357,27,Administracion de Ingresos Publicos y Politica Tributaria,0,Administracion de Ingresos Publicos y Politica Tributaria,0,Administracion de Ingresos Publicos y Politica Tributaria,2,Administracion de Ingresos Publicos,0,Administracion de Ingresos Publicos y Politica Tributaria,2024-07-01 00:00:00
2023,357,47,Coordinacion Fiscal con las Provincias,0,Coordinacion Fiscal con las Provincias,0,Coordinacion Fiscal con las Provincias,1,Coordinacion Fiscal con las Provincias,0,Coordinacion Fiscal con las Provincias,2024-07-01 00:00:00
2023,357,48,Administracion de los Asuntos Economicos y Financieros  Internacionales,0,Administracion de los Asuntos Economicos y Financieros  Internacionales,0,Administracion de los Asuntos Economicos y Financieros  Internacionales,1,Conduccion de los Asuntos Economicos y Financieros Internacionales,0,Administracion de los Asuntos Economicos y Financieros  Internacionales,2024-07-01 00:00:00
2023,357,48,Administracion de los Asuntos Economicos y Financieros  Internacionales,0,Administracion de los Asuntos Economicos y Financieros  Internacionales,0,Administracion de los Asuntos Economicos y Financieros  Internacionales,2,Coordinacion y Gestion Internacional,0,Administracion de los Asuntos Economicos y Financieros  Internacionales,2024-07-01 00:00:00
2023,357,52,Formulacion y Ejecucion de Politicas de Desarrollo y Competitividad Federal,0,Formulacion y Ejecucion de Politicas de Desarrollo y Competitividad Federal,0,Formulacion y Ejecucion de Politicas de Desarrollo y Competitividad Federal,1,Conduccion y Direccion Superior,0,Formulacion y Ejecucion de Politicas de Desarrollo y Competitividad Federal,2024-07-01 00:00:00
2023,357,53,Coordinacion de Financiamientos Transversales y Federales y de la Asistencia a la Produccion,0,Coordinacion de Financiamientos Transversales y Federales y de la Asistencia a la Produccion,0,Coordinacion de Financiamientos Transversales y Federales y de la Asistencia a la Produccion,2,Gestion Integral de Riesgos en el Sistema Agroindustrial Rural - GISAR (BIRF N° 8867),0,Coordinacion de Financiamientos Transversales y Federales y de la Asistencia a la Produccion,2024-07-01 00:00:00
2023,357,53,Coordinacion de Financiamientos Transversales y Federales y de la Asistencia a la Produccion,0,Coordinacion de Financiamientos Transversales y Federales y de la Asistencia a la Produccion,0,Coordinacion de Financiamientos Transversales y Federales y de la Asistencia a la Produccion,3,Sistemas Agroaliementarios Climaticamente Inteligentes e Inclusivos (CIAF - AGRO XXI) (BIRF N° 9313),0,Coordinacion de Financiamientos Transversales y Federales y de la Asistencia a la Produccion,2024-07-01 00:00:00
2023,357,53,Coordinacion de Financiamientos Transversales y Federales y de la Asistencia a la Produccion,0,Coordinacion de Financiamientos Transversales y Federales y de la Asistencia a la Produccion,0,Coordinacion de Financiamientos Transversales y Federales y de la Asistencia a la Produccion,4,Desarrollo de Infraestructura Rural en Argentina (Etapa II) (CAF N°9458),0,Coordinacion de Financiamientos Transversales y Federales y de la Asistencia a la Produccion,2024-07-01 00:00:00
2023,357,53,Coordinacion de Financiamientos Transversales y Federales y de la Asistencia a la Produccion,0,Coordinacion de Financiamientos Transversales y Federales y de la Asistencia a la Produccion,0,Coordinacion de Financiamientos Transversales y Federales y de la Asistencia a la Produccion,6,Desarrollo de las Cadenas Caprinas - PRODECCA (FIDA Prestamo N° 2000001744),0,Coordinacion de Financiamientos Transversales y Federales y de la Asistencia a la Produccion,2024-07-01 00:00:00
2023,357,53,Coordinacion de Financiamientos Transversales y Federales y de la Asistencia a la Produccion,0,Coordinacion de Financiamientos Transversales y Federales y de la Asistencia a la Produccion,0,Coordinacion de Financiamientos Transversales y Federales y de la Asistencia a la Produccion,7,Insercion Economica de los Pequeños  Productores en las Cadenas de Valor del Norte Argentino - PROCANOR (FIDA 642-AR),0,Coordinacion de Financiamientos Transversales y Federales y de la Asistencia a la Produccion,2024-07-01 00:00:00
2023,357,53,Coordinacion de Financiamientos Transversales y Federales y de la Asistencia a la Produccion,0,Coordinacion de Financiamientos Transversales y Federales y de la Asistencia a la Produccion,0,Coordinacion de Financiamientos Transversales y Federales y de la Asistencia a la Produccion,11,Sustentabilidad y Competitividad Forestal (BID N° 2853/OC-AR),0,Coordinacion de Financiamientos Transversales y Federales y de la Asistencia a la Produccion,2024-07-01 00:00:00
2023,357,53,Coordinacion de Financiamientos Transversales y Federales y de la Asistencia a la Produccion,0,Coordinacion de Financiamientos Transversales y Federales y de la Asistencia a la Produccion,0,Coordinacion de Financiamientos Transversales y Federales y de la Asistencia a la Produccion,12,Inclusion Socio-Economica en Areas Rurales - PISEAR (BIRF N° 8093-AR),0,Coordinacion de Financiamientos Transversales y Federales y de la Asistencia a la Produccion,2024-07-01 00:00:00
2023,357,53,Coordinacion de Financiamientos Transversales y Federales y de la Asistencia a la Produccion,0,Coordinacion de Financiamientos Transversales y Federales y de la Asistencia a la Produccion,0,Coordinacion de Financiamientos Transversales y Federales y de la Asistencia a la Produccion,13,Servicios Agricolas Provinciales -  (BID N° 3806/OC-AR),0,Coordinacion de Financiamientos Transversales y Federales y de la Asistencia a la Produccion,2024-07-01 00:00:00
2023,357,53,Coordinacion de Financiamientos Transversales y Federales y de la Asistencia a la Produccion,0,Coordinacion de Financiamientos Transversales y Federales y de la Asistencia a la Produccion,0,Coordinacion de Financiamientos Transversales y Federales y de la Asistencia a la Produccion,14,Conduccion de la Direccion General de Programas y Proyectos Sectoriales y Especiales,0,Coordinacion de Financiamientos Transversales y Federales y de la Asistencia a la Produccion,2024-07-01 00:00:00
2023,357,53,Coordinacion de Financiamientos Transversales y Federales y de la Asistencia a la Produccion,0,Coordinacion de Financiamientos Transversales y Federales y de la Asistencia a la Produccion,1,Centro de Reproduccion y Genetica Provincia de Tierra del Fuego (BID N° 3806/OC-AR),0,Centro de Reproduccion y Genetica Provincia de Tierra del Fuego (BID N° 3806/OC-AR),51,Centro de Reproduccion y Genetica Provincia de Tierra del Fuego (BID N° 3806/OC-AR),2024-07-01 00:00:00
2023,357,63,Coordinacion de Relaciones Financieras Internacionales,0,Coordinacion de Relaciones Financieras Internacionales,0,Coordinacion de Relaciones Financieras Internacionales,1,Coordinacion y Direccion de las Relaciones Financieras Internacionales,0,Coordinacion de Relaciones Financieras Internacionales,2024-07-01 00:00:00
2023,357,63,Coordinacion de Relaciones Financieras Internacionales,0,Coordinacion de Relaciones Financieras Internacionales,0,Coordinacion de Relaciones Financieras Internacionales,9,Fortalecimiento Institucional del Ministerio de Economia  (BID 3759/OC-AR),0,Coordinacion de Relaciones Financieras Internacionales,2024-07-01 00:00:00
2023,360,16,Ejercicio de la Accion Publica y Defensa de la Legalidad,0,Ejercicio de la Accion Publica y Defensa de la Legalidad,0,Ejercicio de la Accion Publica y Defensa de la Legalidad,1,Procuracion General,0,Ejercicio de la Accion Publica y Defensa de la Legalidad,2024-07-01 00:00:00
2023,361,17,"Representacion, Defensa y Curatela Publica Oficial",0,"Representacion, Defensa y Curatela Publica Oficial",0,"Representacion, Defensa y Curatela Publica Oficial",1,"Representacion, Defensa y Curatela Publica Oficial",0,"Representacion, Defensa y Curatela Publica Oficial",2024-07-01 00:00:00
2023,361,17,"Representacion, Defensa y Curatela Publica Oficial",0,"Representacion, Defensa y Curatela Publica Oficial",13,Remodelacion y Puesta en  Funcionamiento de la  Defensoria de La Rioja,0,Remodelacion y Puesta en  Funcionamiento de la  Defensoria de La Rioja,51,Remodelacion y Puesta en  Funcionamiento de la  Defensoria de La Rioja,2024-07-01 00:00:00
2023,361,17,"Representacion, Defensa y Curatela Publica Oficial",0,"Representacion, Defensa y Curatela Publica Oficial",23,"Remodelacion y Puesta en Funcionamiento de la Defensoria de Rosario, Provincia de Santa Fe",0,"Remodelacion y Puesta en Funcionamiento de la Defensoria de Rosario, Provincia de Santa Fe",51,"Remodelacion y Puesta en Funcionamiento de la Defensoria de Rosario, Provincia de Santa Fe",2024-07-01 00:00:00
2023,361,17,"Representacion, Defensa y Curatela Publica Oficial",0,"Representacion, Defensa y Curatela Publica Oficial",27,Adecuacion del Nuevo Edificio de la Defensoria de Salta,0,Adecuacion del Nuevo Edificio de la Defensoria de Salta,51,Adecuacion del Nuevo Edificio de la Defensoria de Salta,2024-07-01 00:00:00
2023,361,17,"Representacion, Defensa y Curatela Publica Oficial",0,"Representacion, Defensa y Curatela Publica Oficial",29,Adecuacion del Edificio Sede de la Defensoria de San Luis,0,Adecuacion del Edificio Sede de la Defensoria de San Luis,51,Adecuacion del Edificio Sede de la Defensoria de San Luis,2024-07-01 00:00:00
2023,361,17,"Representacion, Defensa y Curatela Publica Oficial",0,"Representacion, Defensa y Curatela Publica Oficial",34,Construccion de Inmueble para Sede de la Defensoria de Pehuajo.,0,Construccion de Inmueble para Sede de la Defensoria de Pehuajo.,51,Construccion de Inmueble para Sede de la Defensoria de Pehuajo.,2024-07-01 00:00:00
2023,361,17,"Representacion, Defensa y Curatela Publica Oficial",0,"Representacion, Defensa y Curatela Publica Oficial",42,"Replanteo, Reforma y Reciclado de tres inmuebles en CABA",0,"Replanteo, Reforma y Reciclado de tres inmuebles en CABA",51,"Replanteo, Reforma y Reciclado de tres inmuebles en CABA",2024-07-01 00:00:00
2023,361,17,"Representacion, Defensa y Curatela Publica Oficial",1,Ejercicio de la Curatela Publica Oficial,0,Ejercicio de la Curatela Publica Oficial,1,Ejercicio de la Curatela Publica Oficial,0,Ejercicio de la Curatela Publica Oficial,2024-07-01 00:00:00
2023,361,17,"Representacion, Defensa y Curatela Publica Oficial",2,Ejercicio del Derecho a la Proteccion de la Salud Mental,0,Ejercicio del Derecho a la Proteccion de la Salud Mental,1,Ejercicio del Derecho a la Proteccion de la Salud Mental,0,Ejercicio del Derecho a la Proteccion de la Salud Mental,2024-07-01 00:00:00
2023,362,13,Actividades Comunes a los Programas de Industria y Desarrollo Productivo,0,Actividades Comunes a los Programas de Industria y Desarrollo Productivo,0,Actividades Comunes a los Programas de Industria y Desarrollo Productivo,1,Conduccion y Administracion,0,Actividades Comunes a los Programas de Industria y Desarrollo Productivo,2024-07-01 00:00:00
2023,362,17,Definicion de Politicas de Comercio Exterior,0,Definicion de Politicas de Comercio Exterior,0,Definicion de Politicas de Comercio Exterior,1,Conduccion  y Administracion,0,Definicion de Politicas de Comercio Exterior,2024-07-01 00:00:00
2023,362,17,Definicion de Politicas de Comercio Exterior,0,Definicion de Politicas de Comercio Exterior,0,Definicion de Politicas de Comercio Exterior,43,Promocion del Comercio Internacional 'Proargentina' - Negociaciones Internacionales (PNUD ARG 15/007),0,Definicion de Politicas de Comercio Exterior,2024-07-01 00:00:00
2023,362,17,Definicion de Politicas de Comercio Exterior,0,Definicion de Politicas de Comercio Exterior,0,Definicion de Politicas de Comercio Exterior,45,Implementacion de la Ventanilla Unica de Comercio Exterior (VUCE) (BID N° 3869/OC-AR),0,Definicion de Politicas de Comercio Exterior,2024-07-01 00:00:00
2023,362,31,Defensa de la Libre Competencia,0,Defensa de la Libre Competencia,0,Defensa de la Libre Competencia,1,Conduccion y Administracion,0,Defensa de la Libre Competencia,2024-07-01 00:00:00
2023,362,32,Formulacion y Ejecucion de la Politica Geologico - Minera,0,Formulacion y Ejecucion de la Politica Geologico - Minera,0,Formulacion y Ejecucion de la Politica Geologico - Minera,1,Direccion y Coordinacion Superior,0,Formulacion y Ejecucion de la Politica Geologico - Minera,2024-07-01 00:00:00
2023,362,32,Formulacion y Ejecucion de la Politica Geologico - Minera,0,Formulacion y Ejecucion de la Politica Geologico - Minera,0,Formulacion y Ejecucion de la Politica Geologico - Minera,40,Promocion de Inversiones y Fomento de la Competitividad,0,Formulacion y Ejecucion de la Politica Geologico - Minera,2024-07-01 00:00:00
2023,362,32,Formulacion y Ejecucion de la Politica Geologico - Minera,0,Formulacion y Ejecucion de la Politica Geologico - Minera,0,Formulacion y Ejecucion de la Politica Geologico - Minera,41,Desarrollo Sustentable de la Mineria,0,Formulacion y Ejecucion de la Politica Geologico - Minera,2024-07-01 00:00:00
2023,362,32,Formulacion y Ejecucion de la Politica Geologico - Minera,0,Formulacion y Ejecucion de la Politica Geologico - Minera,0,Formulacion y Ejecucion de la Politica Geologico - Minera,43,Transparencia y Fortalecimiento Institucional de la Mineria Argentina,0,Formulacion y Ejecucion de la Politica Geologico - Minera,2024-07-01 00:00:00
2023,362,45,Promocion de la Productividad y Competitividad PyME y el Desarrollo de los Emprendedores,0,Promocion de la Productividad y Competitividad PyME y el Desarrollo de los Emprendedores,0,Promocion de la Productividad y Competitividad PyME y el Desarrollo de los Emprendedores,14,"Promocion de la Competitividad, Innovacion y Desarrollo Productivo para Pymes y Emprendedores",0,Promocion de la Productividad y Competitividad PyME y el Desarrollo de los Emprendedores,2024-07-01 00:00:00
2023,362,45,Promocion de la Productividad y Competitividad PyME y el Desarrollo de los Emprendedores,0,Promocion de la Productividad y Competitividad PyME y el Desarrollo de los Emprendedores,0,Promocion de la Productividad y Competitividad PyME y el Desarrollo de los Emprendedores,43,Programa de Apoyo a la Competitividad  (BID N°2923/OC-AR),0,Promocion de la Productividad y Competitividad PyME y el Desarrollo de los Emprendedores,2024-07-01 00:00:00
2023,362,45,Promocion de la Productividad y Competitividad PyME y el Desarrollo de los Emprendedores,0,Promocion de la Productividad y Competitividad PyME y el Desarrollo de los Emprendedores,0,Promocion de la Productividad y Competitividad PyME y el Desarrollo de los Emprendedores,47,Innovacion Productiva para las PyME,0,Promocion de la Productividad y Competitividad PyME y el Desarrollo de los Emprendedores,2024-07-01 00:00:00
2023,362,65,Gestion Productiva,0,Gestion Productiva,0,Gestion Productiva,1,Conduccion y Administracion,0,Gestion Productiva,2024-07-01 00:00:00
2023,362,65,Gestion Productiva,0,Gestion Productiva,0,Gestion Productiva,8,Programa Nacional de Parques Industriales,0,Gestion Productiva,2024-07-01 00:00:00
2023,362,65,Gestion Productiva,0,Gestion Productiva,0,Gestion Productiva,41,Desarrollo de Proveedores,0,Gestion Productiva,2024-07-01 00:00:00
2023,362,66,Fomento al Desarrollo Tecnologico,0,Fomento al Desarrollo Tecnologico,0,Fomento al Desarrollo Tecnologico,1,Conduccion y Administracion,0,Fomento al Desarrollo Tecnologico,2024-07-01 00:00:00
2023,362,66,Fomento al Desarrollo Tecnologico,0,Fomento al Desarrollo Tecnologico,0,Fomento al Desarrollo Tecnologico,5,Desarrollo de Empresas e Instituciones Tecnologicas,0,Fomento al Desarrollo Tecnologico,2024-07-01 00:00:00
2023,362,67,Financiamiento de la Produccion,0,Financiamiento de la Produccion,0,Financiamiento de la Produccion,10,Fondo Nacional de Desarrollo Productivo (FONDEP),0,Financiamiento de la Produccion,2024-07-01 00:00:00
2023,362,67,Financiamiento de la Produccion,0,Financiamiento de la Produccion,0,Financiamiento de la Produccion,13,Competitividad de Economias Regionales (BID N° 3174/OC-AR),0,Financiamiento de la Produccion,2024-07-01 00:00:00
2023,362,67,Financiamiento de la Produccion,0,Financiamiento de la Produccion,0,Financiamiento de la Produccion,16,Programa Global de Credito para la Reactivacion del Sector Productivo (BID 5057/OC-AR),0,Financiamiento de la Produccion,2024-07-01 00:00:00
2023,362,67,Financiamiento de la Produccion,0,Financiamiento de la Produccion,0,Financiamiento de la Produccion,17,Transformacion Digital de las Pymes Argentinas (BCIE N°2274),0,Financiamiento de la Produccion,2024-07-01 00:00:00
2023,362,68,Acciones para la Transformacion e Integracion Productiva,0,Acciones para la Transformacion e Integracion Productiva,0,Acciones para la Transformacion e Integracion Productiva,1,Conduccion y Administracion del Programa,0,Acciones para la Transformacion e Integracion Productiva,2024-07-01 00:00:00
2023,362,71,Definicion de Politicas de Comercio Interior,0,Definicion de Politicas de Comercio Interior,0,Definicion de Politicas de Comercio Interior,1,Conduccion y Administracion,0,Definicion de Politicas de Comercio Interior,2024-07-01 00:00:00
2023,362,71,Definicion de Politicas de Comercio Interior,0,Definicion de Politicas de Comercio Interior,0,Definicion de Politicas de Comercio Interior,2,Acciones Inherentes a la Defensa del Consumidor,0,Definicion de Politicas de Comercio Interior,2024-07-01 00:00:00
2023,363,3,"Actividades Comunes de los Programas de la Secretaria de Agricultura, Ganaderia y Pesca",0,"Actividades Comunes de los Programas de la Secretaria de Agricultura, Ganaderia y Pesca",0,"Actividades Comunes de los Programas de la Secretaria de Agricultura, Ganaderia y Pesca",1,Conduccion y Administracion,0,"Actividades Comunes de los Programas de la Secretaria de Agricultura, Ganaderia y Pesca",2024-07-01 00:00:00
2023,363,36,Politicas para el Aumento de la Produccion y Productividad en las Cadenas Agroindustriales en Forma Sostenible,0,Politicas para el Aumento de la Produccion y Productividad en las Cadenas Agroindustriales en Forma Sostenible,0,Politicas para el Aumento de la Produccion y Productividad en las Cadenas Agroindustriales en Forma Sostenible,1,Conduccion y Direccion Superior,0,Politicas para el Aumento de la Produccion y Productividad en las Cadenas Agroindustriales en Forma Sostenible,2024-07-01 00:00:00
2023,363,36,Politicas para el Aumento de la Produccion y Productividad en las Cadenas Agroindustriales en Forma Sostenible,0,Politicas para el Aumento de la Produccion y Productividad en las Cadenas Agroindustriales en Forma Sostenible,0,Politicas para el Aumento de la Produccion y Productividad en las Cadenas Agroindustriales en Forma Sostenible,14,Regimen de Promocion de la Ganaderia Bovina en Zonas Aridas y Semiaridas Ley 27.066,0,Politicas para el Aumento de la Produccion y Productividad en las Cadenas Agroindustriales en Forma Sostenible,2024-07-01 00:00:00
2023,363,36,Politicas para el Aumento de la Produccion y Productividad en las Cadenas Agroindustriales en Forma Sostenible,0,Politicas para el Aumento de la Produccion y Productividad en las Cadenas Agroindustriales en Forma Sostenible,0,Politicas para el Aumento de la Produccion y Productividad en las Cadenas Agroindustriales en Forma Sostenible,40,Reconversion Productiva para la PYME Agropecuaria (Cambio Rural),0,Politicas para el Aumento de la Produccion y Productividad en las Cadenas Agroindustriales en Forma Sostenible,2024-07-01 00:00:00
2023,363,36,Politicas para el Aumento de la Produccion y Productividad en las Cadenas Agroindustriales en Forma Sostenible,0,Politicas para el Aumento de la Produccion y Productividad en las Cadenas Agroindustriales en Forma Sostenible,0,Politicas para el Aumento de la Produccion y Productividad en las Cadenas Agroindustriales en Forma Sostenible,45,Formulacion de Politicas de los Sectores Pesquero y Acuicola,0,Politicas para el Aumento de la Produccion y Productividad en las Cadenas Agroindustriales en Forma Sostenible,2024-07-01 00:00:00
2023,363,36,Politicas para el Aumento de la Produccion y Productividad en las Cadenas Agroindustriales en Forma Sostenible,0,Politicas para el Aumento de la Produccion y Productividad en las Cadenas Agroindustriales en Forma Sostenible,0,Politicas para el Aumento de la Produccion y Productividad en las Cadenas Agroindustriales en Forma Sostenible,61,Acciones del Programa Avanzar Productivo,0,Politicas para el Aumento de la Produccion y Productividad en las Cadenas Agroindustriales en Forma Sostenible,2024-07-01 00:00:00
2023,363,38,Programa Federal de Reconversion Productiva y Apoyo a la Actividad Ganadera,0,Programa Federal de Reconversion Productiva y Apoyo a la Actividad Ganadera,0,Programa Federal de Reconversion Productiva y Apoyo a la Actividad Ganadera,3,Plan de la Ganaderia Argentina 2022-2023 (GanAr),0,Programa Federal de Reconversion Productiva y Apoyo a la Actividad Ganadera,2024-07-01 00:00:00
2023,363,39,Formulacion de Politicas para la Agricultura Familiar y Desarrollo Productivo,0,Formulacion de Politicas para la Agricultura Familiar y Desarrollo Productivo,0,Formulacion de Politicas para la Agricultura Familiar y Desarrollo Productivo,1,Conduccion y Direccion Superior,0,Formulacion de Politicas para la Agricultura Familiar y Desarrollo Productivo,2024-07-01 00:00:00
2023,363,39,Formulacion de Politicas para la Agricultura Familiar y Desarrollo Productivo,0,Formulacion de Politicas para la Agricultura Familiar y Desarrollo Productivo,0,Formulacion de Politicas para la Agricultura Familiar y Desarrollo Productivo,15,"Promocion del Trabajo, Arraigo y Abastecimiento Local",0,Formulacion de Politicas para la Agricultura Familiar y Desarrollo Productivo,2024-07-01 00:00:00
2023,363,39,Formulacion de Politicas para la Agricultura Familiar y Desarrollo Productivo,0,Formulacion de Politicas para la Agricultura Familiar y Desarrollo Productivo,0,Formulacion de Politicas para la Agricultura Familiar y Desarrollo Productivo,40,Formulacion de Politicas para el Desarrollo de la Agricultura Familiar  y el Desarrollo Territorial,0,Formulacion de Politicas para la Agricultura Familiar y Desarrollo Productivo,2024-07-01 00:00:00
2023,363,59,Politicas para la Gestion del Riesgo Agropecuario,0,Politicas para la Gestion del Riesgo Agropecuario,0,Politicas para la Gestion del Riesgo Agropecuario,42,Apoyo a la Emergencia,0,Politicas para la Gestion del Riesgo Agropecuario,2024-07-01 00:00:00
2023,363,61,Administracion y Control Comercial Agropecuario,0,Administracion y Control Comercial Agropecuario,0,Administracion y Control Comercial Agropecuario,41,Administracion y Control Comercial Agropecuario,0,Administracion y Control Comercial Agropecuario,2024-07-01 00:00:00
2023,363,62,Fortalecimiento del Desarrollo Regional de Alimentos y Bioeconomia,0,Fortalecimiento del Desarrollo Regional de Alimentos y Bioeconomia,0,Fortalecimiento del Desarrollo Regional de Alimentos y Bioeconomia,1,Conduccion y Direccion Superior,0,Fortalecimiento del Desarrollo Regional de Alimentos y Bioeconomia,2024-07-01 00:00:00
2023,363,62,Fortalecimiento del Desarrollo Regional de Alimentos y Bioeconomia,0,Fortalecimiento del Desarrollo Regional de Alimentos y Bioeconomia,0,Fortalecimiento del Desarrollo Regional de Alimentos y Bioeconomia,9,Formulacion de Politicas para el Desarrollo de Economias Regionales,0,Fortalecimiento del Desarrollo Regional de Alimentos y Bioeconomia,2024-07-01 00:00:00
2023,363,62,Fortalecimiento del Desarrollo Regional de Alimentos y Bioeconomia,0,Fortalecimiento del Desarrollo Regional de Alimentos y Bioeconomia,0,Fortalecimiento del Desarrollo Regional de Alimentos y Bioeconomia,11,Impulso al Desarrollo de Economias Regionales,0,Fortalecimiento del Desarrollo Regional de Alimentos y Bioeconomia,2024-07-01 00:00:00
2023,363,62,Fortalecimiento del Desarrollo Regional de Alimentos y Bioeconomia,0,Fortalecimiento del Desarrollo Regional de Alimentos y Bioeconomia,0,Fortalecimiento del Desarrollo Regional de Alimentos y Bioeconomia,12,Acciones para las Agropymes Industriales,0,Fortalecimiento del Desarrollo Regional de Alimentos y Bioeconomia,2024-07-01 00:00:00
2023,363,62,Fortalecimiento del Desarrollo Regional de Alimentos y Bioeconomia,0,Fortalecimiento del Desarrollo Regional de Alimentos y Bioeconomia,0,Fortalecimiento del Desarrollo Regional de Alimentos y Bioeconomia,13,Bioinsumos Agropecuarios Argentinos (PROBIAAR),0,Fortalecimiento del Desarrollo Regional de Alimentos y Bioeconomia,2024-07-01 00:00:00
2023,363,62,Fortalecimiento del Desarrollo Regional de Alimentos y Bioeconomia,0,Fortalecimiento del Desarrollo Regional de Alimentos y Bioeconomia,0,Fortalecimiento del Desarrollo Regional de Alimentos y Bioeconomia,14,Politicas para el Agregado de Valor para Cooperativas Agroindustriales – CoopAR,0,Fortalecimiento del Desarrollo Regional de Alimentos y Bioeconomia,2024-07-01 00:00:00
2023,363,62,Fortalecimiento del Desarrollo Regional de Alimentos y Bioeconomia,0,Fortalecimiento del Desarrollo Regional de Alimentos y Bioeconomia,0,Fortalecimiento del Desarrollo Regional de Alimentos y Bioeconomia,45,Implementacion de Politicas para el Desarrollo del Agregado de Valor en las Cadenas Agroalimentarias,0,Fortalecimiento del Desarrollo Regional de Alimentos y Bioeconomia,2024-07-01 00:00:00
2023,364,1,Actividades Centrales,0,Actividades Centrales,0,Actividades Centrales,1,Conduccion y Administracion,0,Actividades Centrales,2024-07-01 00:00:00
2023,364,10,Actividades Comunes a los Programas de la Secretaria de Obras Publicas,0,Actividades Comunes a los Programas de la Secretaria de Obras Publicas,0,Actividades Comunes a los Programas de la Secretaria de Obras Publicas,1,Conduccion y Administracion,0,Actividades Comunes a los Programas de la Secretaria de Obras Publicas,2024-07-01 00:00:00
2023,364,11,Actividades Comunes a los Programas de la Secretaria de Infraestructura y Politica Hidrica,0,Actividades Comunes a los Programas de la Secretaria de Infraestructura y Politica Hidrica,0,Actividades Comunes a los Programas de la Secretaria de Infraestructura y Politica Hidrica,1,Conduccion y Administracion,0,Actividades Comunes a los Programas de la Secretaria de Infraestructura y Politica Hidrica,2024-07-01 00:00:00
2023,364,20,Planificacion Territorial de la Inversion Publica,0,Planificacion Territorial de la Inversion Publica,0,Planificacion Territorial de la Inversion Publica,22,Fortalecimiento del Ciclo de la Inversion Publica (BID N° 5490/OC-AR),0,Planificacion Territorial de la Inversion Publica,2024-07-01 00:00:00
2023,364,44,Desarrollo Sustentable de la Cuenca Matanza - Riachuelo,0,Desarrollo Sustentable de la Cuenca Matanza - Riachuelo,0,Desarrollo Sustentable de la Cuenca Matanza - Riachuelo,82,Acciones de Saneamiento (BIRF Nº 9008-AC),0,Desarrollo Sustentable de la Cuenca Matanza - Riachuelo,2024-07-01 00:00:00
2023,364,44,Desarrollo Sustentable de la Cuenca Matanza - Riachuelo,0,Desarrollo Sustentable de la Cuenca Matanza - Riachuelo,0,Desarrollo Sustentable de la Cuenca Matanza - Riachuelo,84,"Asistencia para Obras del Sistema Riachuelo L1, L2 y L3 - CABA y PBA (BIRF 9252)",0,Desarrollo Sustentable de la Cuenca Matanza - Riachuelo,2024-07-01 00:00:00
2023,364,44,Desarrollo Sustentable de la Cuenca Matanza - Riachuelo,0,Desarrollo Sustentable de la Cuenca Matanza - Riachuelo,6,Construccion Planta de Tratamiento Efluentes Liquidos Industriales PIC Lanus (BIRF N°7706-AC),0,Construccion Planta de Tratamiento Efluentes Liquidos Industriales PIC Lanus (BIRF N°7706-AC),51,Construccion Planta de Tratamiento Efluentes Liquidos Industriales PIC Lanus (BIRF N°7706-AC),2024-07-01 00:00:00
2023,364,44,Desarrollo Sustentable de la Cuenca Matanza - Riachuelo,0,Desarrollo Sustentable de la Cuenca Matanza - Riachuelo,7,"Saneamiento Agua y Cloacas-Barrios Tres Rosas, San Blas (Villa 21/24) (BIRF N°7706-AC)",0,"Saneamiento Agua y Cloacas-Barrios Tres Rosas, San Blas (Villa 21/24) (BIRF N°7706-AC)",51,"Saneamiento Agua y Cloacas-Barrios Tres Rosas, San Blas (Villa 21/24) (BIRF N°7706-AC)",2024-07-01 00:00:00
2023,364,44,Desarrollo Sustentable de la Cuenca Matanza - Riachuelo,0,Desarrollo Sustentable de la Cuenca Matanza - Riachuelo,10,"Construccion de dos puentes sobre Arroyo Sarandi, Avellaneda, Provincia de Buenos Aires (BIRF 9008)",0,"Construccion de dos puentes sobre Arroyo Sarandi, Avellaneda, Provincia de Buenos Aires (BIRF 9008)",51,"Construccion de dos puentes sobre Arroyo Sarandi, Avellaneda, Provincia de Buenos Aires (BIRF 9008)",2024-07-01 00:00:00
2023,364,48,Acciones de la Unidad Plan Belgrano,0,Acciones de la Unidad Plan Belgrano,0,Acciones de la Unidad Plan Belgrano,1,Acciones de la Unidad Plan Belgrano,0,Acciones de la Unidad Plan Belgrano,2024-07-01 00:00:00
2023,364,66,Prevencion Sismica,0,Prevencion Sismica,0,Prevencion Sismica,1,Prevencion Sismica,0,Prevencion Sismica,2024-07-01 00:00:00
2023,364,66,Prevencion Sismica,0,Prevencion Sismica,0,Prevencion Sismica,2,Conduccion y Administracion,0,Prevencion Sismica,2024-07-01 00:00:00
2023,364,66,Prevencion Sismica,0,Prevencion Sismica,4,Ampliacion de las Redes de Instrumental Sismico - Etapa 4,0,Ampliacion de las Redes de Instrumental Sismico - Etapa 4,51,Ampliacion de las Redes de Instrumental Sismico - Etapa 4,2024-07-01 00:00:00
2023,364,68,Fortalecimiento de la Infraestructura para el Transporte y la Movilidad Sostenible,1,Infraestructura de Transporte,0,Infraestructura de Transporte,1,Apoyo para la Construccion de Pasos Bajo Nivel,0,Infraestructura de Transporte,2024-07-01 00:00:00
2023,364,68,Fortalecimiento de la Infraestructura para el Transporte y la Movilidad Sostenible,1,Infraestructura de Transporte,0,Infraestructura de Transporte,2,Desarrollo de Obras de Pavimentacion y Jerarquizacion Urbana,0,Infraestructura de Transporte,2024-07-01 00:00:00
2023,364,68,Fortalecimiento de la Infraestructura para el Transporte y la Movilidad Sostenible,1,Infraestructura de Transporte,24,Desarrollo del Sistema de Omnibus de Transito Rapido y Carriles Exclusivos -  AMBA,0,Desarrollo del Sistema de Omnibus de Transito Rapido y Carriles Exclusivos -  AMBA,51,Desarrollo del Sistema de Omnibus de Transito Rapido y Carriles Exclusivos - VAP II,2024-07-01 00:00:00
2023,364,68,Fortalecimiento de la Infraestructura para el Transporte y la Movilidad Sostenible,1,Infraestructura de Transporte,26,"Programa MAS, AMBA - Etapa IV - Construccion y Rehabilitacion de Corredores Urbanos en la Region Metropolitana de Buenos Aires",0,"Programa MAS, AMBA - Etapa IV - Construccion y Rehabilitacion de Corredores Urbanos en la Region Metropolitana de Buenos Aires",51,"Programa MAS, AMBA - Etapa IV - Constr y Rehab Corredores Urbanos - Loc. de Vicente Lopez, San Isidro, San Fernando, Tigre - Z1",2024-07-01 00:00:00
2023,364,68,Fortalecimiento de la Infraestructura para el Transporte y la Movilidad Sostenible,1,Infraestructura de Transporte,26,"Programa MAS, AMBA - Etapa IV - Construccion y Rehabilitacion de Corredores Urbanos en la Region Metropolitana de Buenos Aires",0,"Programa MAS, AMBA - Etapa IV - Construccion y Rehabilitacion de Corredores Urbanos en la Region Metropolitana de Buenos Aires",52,"Prog MAS, AMBA - Etapa IV - Constr y Rehab Corredores Urb.  - S Martin, 3 de Febrero, S. Miguel, Malv Argentinas, JC. Paz - Z2",2024-07-01 00:00:00
2023,364,68,Fortalecimiento de la Infraestructura para el Transporte y la Movilidad Sostenible,1,Infraestructura de Transporte,26,"Programa MAS, AMBA - Etapa IV - Construccion y Rehabilitacion de Corredores Urbanos en la Region Metropolitana de Buenos Aires",0,"Programa MAS, AMBA - Etapa IV - Construccion y Rehabilitacion de Corredores Urbanos en la Region Metropolitana de Buenos Aires",53,"Programa MAS, AMBA - Etapa IV - Constr y Rehab Corredores Urbanos  - Loc. Moron, Hurlingham, Ituzaingo, Merlo, Moreno - Z3",2024-07-01 00:00:00
2023,364,68,Fortalecimiento de la Infraestructura para el Transporte y la Movilidad Sostenible,1,Infraestructura de Transporte,26,"Programa MAS, AMBA - Etapa IV - Construccion y Rehabilitacion de Corredores Urbanos en la Region Metropolitana de Buenos Aires",0,"Programa MAS, AMBA - Etapa IV - Construccion y Rehabilitacion de Corredores Urbanos en la Region Metropolitana de Buenos Aires",54,"Programa MAS, AMBA - Etapa IV - Constr y Rehab Corredores Urbanos  - Localidad de La Matanza - Z4",2024-07-01 00:00:00
2023,364,68,Fortalecimiento de la Infraestructura para el Transporte y la Movilidad Sostenible,1,Infraestructura de Transporte,26,"Programa MAS, AMBA - Etapa IV - Construccion y Rehabilitacion de Corredores Urbanos en la Region Metropolitana de Buenos Aires",0,"Programa MAS, AMBA - Etapa IV - Construccion y Rehabilitacion de Corredores Urbanos en la Region Metropolitana de Buenos Aires",55,"Programa MAS, AMBA - Etapa IV - Constr y Rehab Corredores Urbanos - Loc. L. de Zamora, Esteban Echeverria, Ezeiza, Alm. Brown Z5",2024-07-01 00:00:00
2023,364,68,Fortalecimiento de la Infraestructura para el Transporte y la Movilidad Sostenible,1,Infraestructura de Transporte,39,Ejecucion de Obras de Pavimentacion Interjurisdiccionales,0,Ejecucion de Obras de Pavimentacion Interjurisdiccionales,51,Ejecucion de Obras de Pavimentacion Interjurisdiccionales,2024-07-01 00:00:00
2023,364,68,Fortalecimiento de la Infraestructura para el Transporte y la Movilidad Sostenible,1,Infraestructura de Transporte,42,Construccion y Rehabilitacion de Corredores Urbanos en la Region Metropolitana de Buenos Aires - Programa MAS - Etapa II,0,Construccion y Rehabilitacion de Corredores Urbanos en la Region Metropolitana de Buenos Aires - Programa MAS - Etapa II,51,Construccion y Rehabilitacion de Corredores Urbanos en la Region Metropolitana de Buenos Aires - Programa MAS - Etapa II,2024-07-01 00:00:00
2023,364,68,Fortalecimiento de la Infraestructura para el Transporte y la Movilidad Sostenible,1,Infraestructura de Transporte,63,"Construccion y Rehabilitacion de Corredores Urbanos en la Region Metropolitana de Buenos Aires (Programa MAS, Etapa III)",0,"Construccion y Rehabilitacion de Corredores Urbanos en la Region Metropolitana de Buenos Aires (Programa MAS, Etapa III)",51,"Construccion y Rehabilitacion de Corredores Urbanos en la Region Metropolitana de Buenos Aires - Zona 1  (MAS, Etapa III)",2024-07-01 00:00:00
2023,364,68,Fortalecimiento de la Infraestructura para el Transporte y la Movilidad Sostenible,1,Infraestructura de Transporte,63,"Construccion y Rehabilitacion de Corredores Urbanos en la Region Metropolitana de Buenos Aires (Programa MAS, Etapa III)",0,"Construccion y Rehabilitacion de Corredores Urbanos en la Region Metropolitana de Buenos Aires (Programa MAS, Etapa III)",52,"Construccion y Rehabilitacion de Corredores Urbanos en la Region Metropolitana de Buenos Aires - Zona 2  (MAS, Etapa III)",2024-07-01 00:00:00
2023,364,68,Fortalecimiento de la Infraestructura para el Transporte y la Movilidad Sostenible,1,Infraestructura de Transporte,63,"Construccion y Rehabilitacion de Corredores Urbanos en la Region Metropolitana de Buenos Aires (Programa MAS, Etapa III)",0,"Construccion y Rehabilitacion de Corredores Urbanos en la Region Metropolitana de Buenos Aires (Programa MAS, Etapa III)",53,"Construccion y Rehabilitacion de Corredores Urbanos en la Region Metropolitana de Buenos Aires - Zona 3  (MAS, Etapa III)",2024-07-01 00:00:00
2023,364,68,Fortalecimiento de la Infraestructura para el Transporte y la Movilidad Sostenible,1,Infraestructura de Transporte,63,"Construccion y Rehabilitacion de Corredores Urbanos en la Region Metropolitana de Buenos Aires (Programa MAS, Etapa III)",0,"Construccion y Rehabilitacion de Corredores Urbanos en la Region Metropolitana de Buenos Aires (Programa MAS, Etapa III)",54,"Construccion y Rehabilitacion de Corredores Urbanos en la Region Metropolitana de Buenos Aires - Zona 4  (MAS, Etapa III)",2024-07-01 00:00:00
2023,364,68,Fortalecimiento de la Infraestructura para el Transporte y la Movilidad Sostenible,1,Infraestructura de Transporte,63,"Construccion y Rehabilitacion de Corredores Urbanos en la Region Metropolitana de Buenos Aires (Programa MAS, Etapa III)",0,"Construccion y Rehabilitacion de Corredores Urbanos en la Region Metropolitana de Buenos Aires (Programa MAS, Etapa III)",55,"Construccion y Rehabilitacion de Corredores Urbanos en la Region Metropolitana de Buenos Aires - Zona 5  (MAS, Etapa III)",2024-07-01 00:00:00
2023,364,68,Fortalecimiento de la Infraestructura para el Transporte y la Movilidad Sostenible,1,Infraestructura de Transporte,63,"Construccion y Rehabilitacion de Corredores Urbanos en la Region Metropolitana de Buenos Aires (Programa MAS, Etapa III)",0,"Construccion y Rehabilitacion de Corredores Urbanos en la Region Metropolitana de Buenos Aires (Programa MAS, Etapa III)",56,"Construccion y Rehabilitacion de Corredores Urbanos en la Region Metropolitana de Buenos Aires - Zona 6  (MAS, Etapa III)",2024-07-01 00:00:00
2023,364,74,"Fortalecimiento de la Infraestructura Social, del Cuidado y Sanitaria",1,Apoyo para el Desarrollo de Infraestructura Social,0,Apoyo para el Desarrollo de Infraestructura Social,2,Asistencia Financiera a Obras de Proteccion de la Diversidad y Genero,0,Apoyo para el Desarrollo de Infraestructura Social,2024-07-01 00:00:00
2023,364,74,"Fortalecimiento de la Infraestructura Social, del Cuidado y Sanitaria",1,Apoyo para el Desarrollo de Infraestructura Social,0,Apoyo para el Desarrollo de Infraestructura Social,5,Asistencia Financiera para Infraestructura Social,0,Apoyo para el Desarrollo de Infraestructura Social,2024-07-01 00:00:00
2023,364,74,"Fortalecimiento de la Infraestructura Social, del Cuidado y Sanitaria",2,Desarrollo de Infraestructura del Cuidado y Sanitaria,0,Desarrollo de Infraestructura del Cuidado y Sanitaria,1,Apoyo para la Construccion de Centros de Desarrollo Infantil (NNA),0,Desarrollo de Infraestructura del Cuidado y Sanitaria,2024-07-01 00:00:00
2023,364,74,"Fortalecimiento de la Infraestructura Social, del Cuidado y Sanitaria",2,Desarrollo de Infraestructura del Cuidado y Sanitaria,0,Desarrollo de Infraestructura del Cuidado y Sanitaria,19,Apoyo para el Desarrollo de la Infraestructura Sanitaria,0,Desarrollo de Infraestructura del Cuidado y Sanitaria,2024-07-01 00:00:00
2023,364,74,"Fortalecimiento de la Infraestructura Social, del Cuidado y Sanitaria",2,Desarrollo de Infraestructura del Cuidado y Sanitaria,61,"Puesta en Valor de los Sanitarios del Hospital Nacional Profesor Alejandro Posadas en Moron, Buenos Aires",0,"Puesta en Valor de los Sanitarios del Hospital Nacional Profesor Alejandro Posadas en Moron, Buenos Aires",51,"Puesta en Valor de los Sanitarios del Hospital Nacional Profesor Alejandro Posadas en Moron, Buenos Aires",2024-07-01 00:00:00
2023,364,74,"Fortalecimiento de la Infraestructura Social, del Cuidado y Sanitaria",2,Desarrollo de Infraestructura del Cuidado y Sanitaria,62,Impermeabilizacion y Tratamiento de Fachadas del Hospital de Pediatria Prof. Dr. Juan P. Garrahan - CABA,0,Impermeabilizacion y Tratamiento de Fachadas del Hospital de Pediatria Prof. Dr. Juan P. Garrahan - CABA,51,Impermeabilizacion y Tratamiento de Fachadas del Hospital de Pediatria Prof. Dr. Juan P. Garrahan - CABA,2024-07-01 00:00:00
2023,364,75,Desarrollo de la Infraestructura Ambiental,0,Desarrollo de la Infraestructura Ambiental,0,Desarrollo de la Infraestructura Ambiental,1,Apoyo para la Construccion de Parques Publicos,0,Desarrollo de la Infraestructura Ambiental,2024-07-01 00:00:00
2023,364,76,Desarrollo de la Infraestructura Hidraulica,2,Apoyo para la Expansion de Obras de Adaptacion a Extremos Climaticos,0,Apoyo para la Expansion de Obras de Adaptacion a Extremos Climaticos,50,Obras en el Marco del Plan de Adaptacion a Extremos Climaticos,0,Apoyo para la Expansion de Obras de Adaptacion a Extremos Climaticos,2024-07-01 00:00:00
2023,364,76,Desarrollo de la Infraestructura Hidraulica,2,Apoyo para la Expansion de Obras de Adaptacion a Extremos Climaticos,46,Construccion de 10 Radares Meteorologicos Argentinos - Etapa III,0,Construccion de 10 Radares Meteorologicos Argentinos - Etapa III,51,Construccion de 10 Radares Meteorologicos Argentinos - Etapa III,2024-07-01 00:00:00
2023,364,76,Desarrollo de la Infraestructura Hidraulica,3,Apoyo para la Expansion de la Infraestructura para Agua y Saneamiento,0,Apoyo para la Expansion de la Infraestructura para Agua y Saneamiento,53,Desarrollo de Obras de Infraestructura Hidrica - (BIRF Nº 8032),0,Apoyo para la Expansion de la Infraestructura para Agua y Saneamiento,2024-07-01 00:00:00
2023,364,76,Desarrollo de la Infraestructura Hidraulica,3,Apoyo para la Expansion de la Infraestructura para Agua y Saneamiento,0,Apoyo para la Expansion de la Infraestructura para Agua y Saneamiento,54,Programa de Desarrollo de los Servicios de Agua y Saneamiento - Plan Belgrano (BID N°4312/ OC-AR),0,Apoyo para la Expansion de la Infraestructura para Agua y Saneamiento,2024-07-01 00:00:00
2023,364,76,Desarrollo de la Infraestructura Hidraulica,3,Apoyo para la Expansion de la Infraestructura para Agua y Saneamiento,0,Apoyo para la Expansion de la Infraestructura para Agua y Saneamiento,55,Infraestructura Hidrica del Norte Grande (BID Nº 2776 OC/AR),0,Apoyo para la Expansion de la Infraestructura para Agua y Saneamiento,2024-07-01 00:00:00
2023,364,76,Desarrollo de la Infraestructura Hidraulica,3,Apoyo para la Expansion de la Infraestructura para Agua y Saneamiento,0,Apoyo para la Expansion de la Infraestructura para Agua y Saneamiento,60,Ejecucion de Obras de Infraestructura de Saneamiento Norte Grande Etapa II (CAF N° 8640),0,Apoyo para la Expansion de la Infraestructura para Agua y Saneamiento,2024-07-01 00:00:00
2023,364,76,Desarrollo de la Infraestructura Hidraulica,3,Apoyo para la Expansion de la Infraestructura para Agua y Saneamiento,0,Apoyo para la Expansion de la Infraestructura para Agua y Saneamiento,64,Programa para el Desarrollo de los Servicios de Agua Potable y Saneamiento - Plan Belgrano. Bilateral- Agencia Francesa de Desar,0,Apoyo para la Expansion de la Infraestructura para Agua y Saneamiento,2024-07-01 00:00:00
2023,364,76,Desarrollo de la Infraestructura Hidraulica,3,Apoyo para la Expansion de la Infraestructura para Agua y Saneamiento,0,Apoyo para la Expansion de la Infraestructura para Agua y Saneamiento,65,Apoyo para el desarrollo de obras de Agua y Saneamiento,0,Apoyo para la Expansion de la Infraestructura para Agua y Saneamiento,2024-07-01 00:00:00
2023,364,76,Desarrollo de la Infraestructura Hidraulica,3,Apoyo para la Expansion de la Infraestructura para Agua y Saneamiento,0,Apoyo para la Expansion de la Infraestructura para Agua y Saneamiento,66,Apoyo para el desarrollo de obras en el marco del Programa de Agua Segura para Comunidades Rurales Dispersas (CAF S/N),0,Apoyo para la Expansion de la Infraestructura para Agua y Saneamiento,2024-07-01 00:00:00
2023,364,76,Desarrollo de la Infraestructura Hidraulica,3,Apoyo para la Expansion de la Infraestructura para Agua y Saneamiento,0,Apoyo para la Expansion de la Infraestructura para Agua y Saneamiento,67,Gestion de Recursos Hidricos y Acueductos (BID N° 5578),0,Apoyo para la Expansion de la Infraestructura para Agua y Saneamiento,2024-07-01 00:00:00
2023,364,76,Desarrollo de la Infraestructura Hidraulica,3,Apoyo para la Expansion de la Infraestructura para Agua y Saneamiento,0,Apoyo para la Expansion de la Infraestructura para Agua y Saneamiento,68,Desarrollo de la Cuenca del Rio Bermejo - 2ª Etapa (FONPLATA ARG 59/2022),0,Apoyo para la Expansion de la Infraestructura para Agua y Saneamiento,2024-07-01 00:00:00
2023,364,77,Desarrollo de la Infraestructura Productiva,0,Desarrollo de la Infraestructura Productiva,0,Desarrollo de la Infraestructura Productiva,1,Apoyo para el Desarrollo de la Infraestructura Productiva,0,Desarrollo de la Infraestructura Productiva,2024-07-01 00:00:00
2023,364,78,"Consolidacion Urbana, Mejoramiento de Barrios y Puesta en Valor de Centralidades",1,Desarrollo de Infraestructura de Culto,61,Restauracion Descanso Del Peregrino Y Construccion de Baptisterio + Variante 1,0,Restauracion Descanso Del Peregrino Y Construccion de Baptisterio + Variante 1,51,Restauracion Descanso Del Peregrino Y Construccion de Baptisterio + Variante 1,2024-07-01 00:00:00
2023,364,78,"Consolidacion Urbana, Mejoramiento de Barrios y Puesta en Valor de Centralidades",2,Desarrollo de Infraestructura Penitenciaria,0,Desarrollo de Infraestructura Penitenciaria,1,Asistencia Financiera para Infraestructura Penitenciaria,0,Desarrollo de Infraestructura Penitenciaria,2024-07-01 00:00:00
2023,364,78,"Consolidacion Urbana, Mejoramiento de Barrios y Puesta en Valor de Centralidades",2,Desarrollo de Infraestructura Penitenciaria,0,Desarrollo de Infraestructura Penitenciaria,3,Asistencia Financiera para Infraestructura Judicial,0,Desarrollo de Infraestructura Penitenciaria,2024-07-01 00:00:00
2023,364,78,"Consolidacion Urbana, Mejoramiento de Barrios y Puesta en Valor de Centralidades",2,Desarrollo de Infraestructura Penitenciaria,10,Complejo Federal de Condenados de Agote,0,Complejo Federal de Condenados de Agote,51,Complejo Federal de Condenados de Agote,2024-07-01 00:00:00
2023,364,78,"Consolidacion Urbana, Mejoramiento de Barrios y Puesta en Valor de Centralidades",2,Desarrollo de Infraestructura Penitenciaria,12,"Centro Federal Penitenciario Federal del Litoral, Coronda",0,"Centro Federal Penitenciario Federal del Litoral, Coronda",51,"Centro Federal Penitenciario Federal del Litoral, Coronda",2024-07-01 00:00:00
2023,364,78,"Consolidacion Urbana, Mejoramiento de Barrios y Puesta en Valor de Centralidades",3,Desarrollo de Infraestructura Cultural y Turistica,0,Desarrollo de Infraestructura Cultural y Turistica,20,Asistencia Financiera para Obras de Infraestructura Cultural,0,Desarrollo de Infraestructura Cultural y Turistica,2024-07-01 00:00:00
2023,364,78,"Consolidacion Urbana, Mejoramiento de Barrios y Puesta en Valor de Centralidades",3,Desarrollo de Infraestructura Cultural y Turistica,12,"Conservacion del Espacio de Memoria y DDHH ex CCDTyE 'La Escuelita', Bahia Blanca (provincia de Buenos Aires)",0,"Conservacion del Espacio de Memoria y DDHH ex CCDTyE 'La Escuelita', Bahia Blanca (provincia de Buenos Aires)",51,"Conservacion del Espacio de Memoria y DDHH ex CCDTyE 'La Escuelita', Bahia Blanca (provincia de Buenos Aires)",2024-07-01 00:00:00
2023,364,78,"Consolidacion Urbana, Mejoramiento de Barrios y Puesta en Valor de Centralidades",3,Desarrollo de Infraestructura Cultural y Turistica,14,Puesta en Valor de Espacio de la Memoria 'Faro de la Memoria',0,Puesta en Valor de Espacio de la Memoria 'Faro de la Memoria',51,Puesta en Valor de Espacio de la Memoria 'Faro de la Memoria',2024-07-01 00:00:00
2023,364,78,"Consolidacion Urbana, Mejoramiento de Barrios y Puesta en Valor de Centralidades",3,Desarrollo de Infraestructura Cultural y Turistica,15,Construccion de Bar Nuevo y Plantacion de Espacio Verde del Museo Historico Sarmiento,0,Construccion de Bar Nuevo y Plantacion de Espacio Verde del Museo Historico Sarmiento,51,Construccion de Bar Nuevo y Plantacion de Espacio Verde del Museo Historico Sarmiento,2024-07-01 00:00:00
2023,364,78,"Consolidacion Urbana, Mejoramiento de Barrios y Puesta en Valor de Centralidades",3,Desarrollo de Infraestructura Cultural y Turistica,22,"Monumento Nacional de la Bandera Etapa II- Restauracion - Rosario, Santa Fe",0,"Monumento Nacional de la Bandera Etapa II- Restauracion - Rosario, Santa Fe",51,"Monumento Nacional de la Bandera Etapa II- Restauracion - Rosario, Santa Fe",2024-07-01 00:00:00
2023,364,78,"Consolidacion Urbana, Mejoramiento de Barrios y Puesta en Valor de Centralidades",3,Desarrollo de Infraestructura Cultural y Turistica,25,Restauracion y Refuncionalizacion del Palacio Haedo,0,Restauracion y Refuncionalizacion del Palacio Haedo,51,Restauracion y Refuncionalizacion del Palacio Haedo,2024-07-01 00:00:00
2023,364,78,"Consolidacion Urbana, Mejoramiento de Barrios y Puesta en Valor de Centralidades",3,Desarrollo de Infraestructura Cultural y Turistica,35,Conservacion y restauracion del edificio para la Nueva Sede Institucional UNaB,0,Conservacion y restauracion del edificio para la Nueva Sede Institucional UNaB,51,Conservacion y restauracion del edificio para la Nueva Sede Institucional UNaB,2024-07-01 00:00:00
2023,364,78,"Consolidacion Urbana, Mejoramiento de Barrios y Puesta en Valor de Centralidades",3,Desarrollo de Infraestructura Cultural y Turistica,78,"Refuncionalizacion y Restauracion del Hotel N°4 de la Unidad Turistica del Complejo Chapadmalal, Municipio General Pueyrredon, P",0,"Refuncionalizacion y Restauracion del Hotel N°4 de la Unidad Turistica del Complejo Chapadmalal, Municipio General Pueyrredon, P",51,"Refuncionalizacion y Restauracion del Hotel N°4 de la Unidad Turistica del Complejo Chapadmalal, Municipio General Pueyrredon, P",2024-07-01 00:00:00
2023,364,78,"Consolidacion Urbana, Mejoramiento de Barrios y Puesta en Valor de Centralidades",3,Desarrollo de Infraestructura Cultural y Turistica,80,Restauracion y Puesta en Valor del MHN Ex Biblioteca Nacional,0,Restauracion y Puesta en Valor del MHN Ex Biblioteca Nacional,51,Restauracion y Puesta en Valor del MHN Ex Biblioteca Nacional,2024-07-01 00:00:00
2023,364,78,"Consolidacion Urbana, Mejoramiento de Barrios y Puesta en Valor de Centralidades",3,Desarrollo de Infraestructura Cultural y Turistica,88,"Refuncionalizacion y Restauracion del Hotel N°1 de la Unidad Turistica del Complejo Embalse - Ciudad de Embalse, Provincia de Co",0,"Refuncionalizacion y Restauracion del Hotel N°1 de la Unidad Turistica del Complejo Embalse - Ciudad de Embalse, Provincia de Co",51,"Refuncionalizacion y Restauracion del Hotel N°1 de la Unidad Turistica del Complejo Embalse - Ciudad de Embalse, Provincia de Co",2024-07-01 00:00:00
2023,364,78,"Consolidacion Urbana, Mejoramiento de Barrios y Puesta en Valor de Centralidades",3,Desarrollo de Infraestructura Cultural y Turistica,89,"Palacio Nacional de Las Artes (Palais de Glace), Restauracion, Puesta en Valor Y Adecuacion Tecnologica",0,"Palacio Nacional de Las Artes (Palais de Glace), Restauracion, Puesta en Valor Y Adecuacion Tecnologica",51,"Palacio Nacional de Las Artes (Palais de Glace), Restauracion, Puesta en Valor Y Adecuacion Tecnologica",2024-07-01 00:00:00
2023,364,78,"Consolidacion Urbana, Mejoramiento de Barrios y Puesta en Valor de Centralidades",3,Desarrollo de Infraestructura Cultural y Turistica,94,Ampliacion y Acondicionamiento de Oficinas Publicas del Estado Nacional,0,Ampliacion y Acondicionamiento de Oficinas Publicas del Estado Nacional,51,Ampliacion y Acondicionamiento de Oficinas Publicas del Estado Nacional,2024-07-01 00:00:00
2023,364,79,Apoyo para el Desarrollo de Obra Publica,0,Apoyo para el Desarrollo de Obra Publica,0,Apoyo para el Desarrollo de Obra Publica,18,Acciones para la Mejora y Desarrollo de la Infraestructura Municipal (BID N° 2929/OC-AR),0,Apoyo para el Desarrollo de Obra Publica,2024-07-01 00:00:00
2023,364,79,Apoyo para el Desarrollo de Obra Publica,0,Apoyo para el Desarrollo de Obra Publica,0,Apoyo para el Desarrollo de Obra Publica,23,Desarrollo de Infraestructura Urbana – Plan Argentina Hace,0,Apoyo para el Desarrollo de Obra Publica,2024-07-01 00:00:00
2023,364,79,Apoyo para el Desarrollo de Obra Publica,0,Apoyo para el Desarrollo de Obra Publica,0,Apoyo para el Desarrollo de Obra Publica,27,Programa de Desarrollo de Infraestructura Municipal - Etapa I (CAF N° 11553),0,Apoyo para el Desarrollo de Obra Publica,2024-07-01 00:00:00
2023,364,79,Apoyo para el Desarrollo de Obra Publica,0,Apoyo para el Desarrollo de Obra Publica,0,Apoyo para el Desarrollo de Obra Publica,28,Programa de Apoyo a la Infraestructura Comunitaria en Barrios Populares en la Emergencia (FONPLATA ARG 56/2021),0,Apoyo para el Desarrollo de Obra Publica,2024-07-01 00:00:00
2023,364,80,Apoyo para el Desarrollo de la Infraestructura Hidraulica,0,Apoyo para el Desarrollo de la Infraestructura Hidraulica,0,Apoyo para el Desarrollo de la Infraestructura Hidraulica,2,Coordinacion y Politica de los Recursos Hidricos,0,Apoyo para el Desarrollo de la Infraestructura Hidraulica,2024-07-01 00:00:00
2023,364,80,Apoyo para el Desarrollo de la Infraestructura Hidraulica,0,Apoyo para el Desarrollo de la Infraestructura Hidraulica,0,Apoyo para el Desarrollo de la Infraestructura Hidraulica,67,Desarrollo de Infraestructura Hidrica - Plan Argentina Hace,0,Apoyo para el Desarrollo de la Infraestructura Hidraulica,2024-07-01 00:00:00
2023,364,86,Apoyo para el Desarrollo de Infraestructura Urbana en Municipios,0,Apoyo para el Desarrollo de Infraestructura Urbana en Municipios,0,Apoyo para el Desarrollo de Infraestructura Urbana en Municipios,3,Asistencia Financiera para Obras de Infraestructura Social y Economica,0,Apoyo para el Desarrollo de Infraestructura Urbana en Municipios,2024-07-01 00:00:00
2023,364,87,Desarrollo de la Infraestructura del Conocimiento,0,Desarrollo de la Infraestructura del Conocimiento,0,Desarrollo de la Infraestructura del Conocimiento,5,Apoyo para el Desarrollo de la Infraestructura Universitaria II - Etapa B (CAF N° 8945),0,Desarrollo de la Infraestructura del Conocimiento,2024-07-01 00:00:00
2023,364,87,Desarrollo de la Infraestructura del Conocimiento,0,Desarrollo de la Infraestructura del Conocimiento,0,Desarrollo de la Infraestructura del Conocimiento,11,Programa de Infraestructura Universitaria Fase IV (CAF 11746),0,Desarrollo de la Infraestructura del Conocimiento,2024-07-01 00:00:00
2023,364,87,Desarrollo de la Infraestructura del Conocimiento,0,Desarrollo de la Infraestructura del Conocimiento,0,Desarrollo de la Infraestructura del Conocimiento,20,Asistencia Financiera para Obras en Establecimientos Educativos,0,Desarrollo de la Infraestructura del Conocimiento,2024-07-01 00:00:00
2023,364,94,Asistencia Financiera a Empresas Publicas,0,Asistencia Financiera a Empresas Publicas,0,Asistencia Financiera a Empresas Publicas,56,"Ejecucion de Obras de Agua Potable y Saneamiento para el AMBA y Partidos del I, II, III Cordon del Conurbano Bonaerense-1° Tramo",0,Asistencia Financiera a Empresas Publicas,2024-07-01 00:00:00
2023,364,94,Asistencia Financiera a Empresas Publicas,0,Asistencia Financiera a Empresas Publicas,0,Asistencia Financiera a Empresas Publicas,86,Programa de Agua y Saneamiento con Atencion en Zonas Vulnerables (BIRF N° 9207),0,Asistencia Financiera a Empresas Publicas,2024-07-01 00:00:00
2023,365,1,Actividades Centrales,0,Actividades Centrales,0,Actividades Centrales,1,Conduccion y Administracion,0,Actividades Centrales,2024-07-01 00:00:00
2023,365,39,Planificacion y Desarrollo Territorial,0,Planificacion y Desarrollo Territorial,0,Planificacion y Desarrollo Territorial,1,Conduccion y Administracion,0,Planificacion y Desarrollo Territorial,2024-07-01 00:00:00
2023,365,39,Planificacion y Desarrollo Territorial,0,Planificacion y Desarrollo Territorial,0,Planificacion y Desarrollo Territorial,3,Acciones Tendientes a la Produccion de Suelo Urbano,0,Planificacion y Desarrollo Territorial,2024-07-01 00:00:00
2023,365,39,Planificacion y Desarrollo Territorial,0,Planificacion y Desarrollo Territorial,0,Planificacion y Desarrollo Territorial,4,Apoyo a la Ejecucion del PRO.CRE.AR,0,Planificacion y Desarrollo Territorial,2024-07-01 00:00:00
2023,365,39,Planificacion y Desarrollo Territorial,0,Planificacion y Desarrollo Territorial,0,Planificacion y Desarrollo Territorial,7,Desarrollo de Areas Metropolitanas del Interior - DAMI II (BID N°3780/OC-AR),0,Planificacion y Desarrollo Territorial,2024-07-01 00:00:00
2023,365,39,Planificacion y Desarrollo Territorial,0,Planificacion y Desarrollo Territorial,0,Planificacion y Desarrollo Territorial,9,Fortalecimiento Institucional de la Planificacion Territorial - Etapa II (FONPLATA ARG-25/2016),0,Planificacion y Desarrollo Territorial,2024-07-01 00:00:00
2023,365,40,Produccion Integral y Acceso al Habitat,0,Produccion Integral y Acceso al Habitat,0,Produccion Integral y Acceso al Habitat,1,Conduccion y Administracion,0,Produccion Integral y Acceso al Habitat,2024-07-01 00:00:00
2023,365,40,Produccion Integral y Acceso al Habitat,0,Produccion Integral y Acceso al Habitat,0,Produccion Integral y Acceso al Habitat,2,Acciones para Garantizar el Acceso al Habitat a traves de la Dotacion de Infraestructura Basica y Equipamiento Urbano y Comunita,0,Produccion Integral y Acceso al Habitat,2024-07-01 00:00:00
2023,365,40,Produccion Integral y Acceso al Habitat,0,Produccion Integral y Acceso al Habitat,0,Produccion Integral y Acceso al Habitat,3,"Acciones para la Planificacion, Desarrollo, Direccion y Seguimiento de Proyectos Integrales del Habitat",0,Produccion Integral y Acceso al Habitat,2024-07-01 00:00:00
2023,365,40,Produccion Integral y Acceso al Habitat,0,Produccion Integral y Acceso al Habitat,0,Produccion Integral y Acceso al Habitat,5,Apoyo a la Ejecucion del Fideicomiso para Vivienda Social,0,Produccion Integral y Acceso al Habitat,2024-07-01 00:00:00
2023,365,40,Produccion Integral y Acceso al Habitat,0,Produccion Integral y Acceso al Habitat,0,Produccion Integral y Acceso al Habitat,7,Acciones de Mejoramiento Barrial (BID N° 3458/OC-AR),0,Produccion Integral y Acceso al Habitat,2024-07-01 00:00:00
2023,365,40,Produccion Integral y Acceso al Habitat,0,Produccion Integral y Acceso al Habitat,0,Produccion Integral y Acceso al Habitat,8,Mejoramiento Integral del Habitat (BIRF N° 8712-AR),0,Produccion Integral y Acceso al Habitat,2024-07-01 00:00:00
2023,365,40,Produccion Integral y Acceso al Habitat,0,Produccion Integral y Acceso al Habitat,0,Produccion Integral y Acceso al Habitat,9,Acciones para la Mejora Integral para Asentamientos Fronterizos (FONPLATA ARG-29),0,Produccion Integral y Acceso al Habitat,2024-07-01 00:00:00
2023,365,40,Produccion Integral y Acceso al Habitat,0,Produccion Integral y Acceso al Habitat,0,Produccion Integral y Acceso al Habitat,11,Proyecto de Eficiencia Energetica y Energia Renovable en la Vivienda Social Argentina (FMAM N° GRT/FM-15083-AR y BID ATN/OC-1415,0,Produccion Integral y Acceso al Habitat,2024-07-01 00:00:00
2023,365,40,Produccion Integral y Acceso al Habitat,0,Produccion Integral y Acceso al Habitat,0,Produccion Integral y Acceso al Habitat,13,Acciones para el Desarrollo Integral del Habitat (CAF N°10099),0,Produccion Integral y Acceso al Habitat,2024-07-01 00:00:00
2023,368,16,Acciones de Comunicacion y Prensa Institucional,0,Acciones de Comunicacion y Prensa Institucional,0,Acciones de Comunicacion y Prensa Institucional,1,Acciones de Comunicacion y Prensa Institucional,0,Acciones de Comunicacion y Prensa Institucional,2024-07-01 00:00:00
2023,368,16,Acciones de Comunicacion y Prensa Institucional,0,Acciones de Comunicacion y Prensa Institucional,0,Acciones de Comunicacion y Prensa Institucional,2,Acciones de Contenido de Comunicacion y Difusion,0,Acciones de Comunicacion y Prensa Institucional,2024-07-01 00:00:00
2023,369,42,Apoyo al Congreso Nacional en Materia Fiscal,0,Apoyo al Congreso Nacional en Materia Fiscal,0,Apoyo al Congreso Nacional en Materia Fiscal,1,Apoyo al Congreso Nacional en Materia Fiscal,0,Apoyo al Congreso Nacional en Materia Fiscal,2024-07-01 00:00:00
2023,370,16,Conduccion y Planificacion para la Defensa,0,Conduccion y Planificacion para la Defensa,0,Conduccion y Planificacion para la Defensa,1,Conduccion de la Politica de Defensa Nacional,0,Conduccion y Planificacion para la Defensa,2024-07-01 00:00:00
2023,370,16,Conduccion y Planificacion para la Defensa,0,Conduccion y Planificacion para la Defensa,0,Conduccion y Planificacion para la Defensa,2,Servicios de Inteligencia,0,Conduccion y Planificacion para la Defensa,2024-07-01 00:00:00
2023,370,16,Conduccion y Planificacion para la Defensa,0,Conduccion y Planificacion para la Defensa,0,Conduccion y Planificacion para la Defensa,5,Coordinacion de Emergencias,0,Conduccion y Planificacion para la Defensa,2024-07-01 00:00:00
2023,370,16,Conduccion y Planificacion para la Defensa,0,Conduccion y Planificacion para la Defensa,0,Conduccion y Planificacion para la Defensa,7,Ciberdefensa para la Defensa Nacional,0,Conduccion y Planificacion para la Defensa,2024-07-01 00:00:00
2023,370,18,"Mantenimiento, Produccion y Soporte Logistico para la Defensa - Fondo Nacional de la Defensa 'FONDEF'",0,"Mantenimiento, Produccion y Soporte Logistico para la Defensa - Fondo Nacional de la Defensa 'FONDEF'",0,"Mantenimiento, Produccion y Soporte Logistico para la Defensa - Fondo Nacional de la Defensa 'FONDEF'",5,"Mantenimiento, Produccion y Soporte Logistico para la Defensa Aerea",0,"Mantenimiento, Produccion y Soporte Logistico para la Defensa - Fondo Nacional de la Defensa 'FONDEF'",2024-07-01 00:00:00
2023,370,22,Servicios  de Hidrografia,0,Servicios  de Hidrografia,0,Servicios  de Hidrografia,2,Conduccion y Planeamiento,0,Servicios  de Hidrografia,2024-07-01 00:00:00
2023,370,98,Transferencias Varias,0,Transferencias Varias,0,Transferencias Varias,1,Transferencias,0,Transferencias Varias,2024-07-01 00:00:00
2023,371,1,Actividades Centrales,0,Actividades Centrales,0,Actividades Centrales,1,Conduccion y Coordinacion,0,Actividades Centrales,2024-07-01 00:00:00
2023,371,1,Actividades Centrales,0,Actividades Centrales,0,Actividades Centrales,2,Gestion Economica Financiera,0,Actividades Centrales,2024-07-01 00:00:00
2023,371,1,Actividades Centrales,0,Actividades Centrales,0,Actividades Centrales,3,Atencion Delegaciones y Agregadurias en el Exterior,0,Actividades Centrales,2024-07-01 00:00:00
2023,371,16,Planeamiento Militar Conjunto,0,Planeamiento Militar Conjunto,0,Planeamiento Militar Conjunto,1,Estrategia Militar Conjunta,0,Planeamiento Militar Conjunto,2024-07-01 00:00:00
2023,371,16,Planeamiento Militar Conjunto,0,Planeamiento Militar Conjunto,0,Planeamiento Militar Conjunto,4,Elaboracion de Estudios Estrategicos para la Defensa,0,Planeamiento Militar Conjunto,2024-07-01 00:00:00
2023,371,16,Planeamiento Militar Conjunto,0,Planeamiento Militar Conjunto,0,Planeamiento Militar Conjunto,7,Atencion a las Actividades de Aeronavegabilidad Militar,0,Planeamiento Militar Conjunto,2024-07-01 00:00:00
2023,371,17,Fuerzas de Paz,0,Fuerzas de Paz,0,Fuerzas de Paz,1,Fuerza de Tarea Argentina - FTA Chipre,0,Fuerzas de Paz,2024-07-01 00:00:00
2023,371,17,Fuerzas de Paz,0,Fuerzas de Paz,0,Fuerzas de Paz,5,Unidad de Helicopteros - Helochipre Chipre,0,Fuerzas de Paz,2024-07-01 00:00:00
2023,371,17,Fuerzas de Paz,0,Fuerzas de Paz,0,Fuerzas de Paz,8,Entrenamiento para Operaciones de Paz,0,Fuerzas de Paz,2024-07-01 00:00:00
2023,371,17,Fuerzas de Paz,0,Fuerzas de Paz,0,Fuerzas de Paz,13,Atencion a la Fuerza de Paz Binacional 'Cruz del Sur',0,Fuerzas de Paz,2024-07-01 00:00:00
2023,371,18,Sanidad Militar Conjunta,0,Sanidad Militar Conjunta,0,Sanidad Militar Conjunta,1,Conduccion y Administracion,0,Sanidad Militar Conjunta,2024-07-01 00:00:00
2023,371,18,Sanidad Militar Conjunta,0,Sanidad Militar Conjunta,0,Sanidad Militar Conjunta,2,Investigacion y Produccion de Medicamentos y/o Cosmeticos,0,Sanidad Militar Conjunta,2024-07-01 00:00:00
2023,371,18,Sanidad Militar Conjunta,0,Sanidad Militar Conjunta,0,Sanidad Militar Conjunta,3,Salud Mental Conjunta,0,Sanidad Militar Conjunta,2024-07-01 00:00:00
2023,371,19,Formacion y Capacitacion,0,Formacion y Capacitacion,0,Formacion y Capacitacion,1,Formacion Inteligencia Conjunta,0,Formacion y Capacitacion,2024-07-01 00:00:00
2023,371,19,Formacion y Capacitacion,0,Formacion y Capacitacion,0,Formacion y Capacitacion,2,Educacion Superior Conjunta,0,Formacion y Capacitacion,2024-07-01 00:00:00
2023,371,19,Formacion y Capacitacion,0,Formacion y Capacitacion,0,Formacion y Capacitacion,4,Formacion Conjunta en Ciberdefensa,0,Formacion y Capacitacion,2024-07-01 00:00:00
2023,371,20,Sosten Logistico Antartico,0,Sosten Logistico Antartico,0,Sosten Logistico Antartico,3,Funcionamiento y Mantenimiento de Bases y Refugios,0,Sosten Logistico Antartico,2024-07-01 00:00:00
2023,371,20,Sosten Logistico Antartico,0,Sosten Logistico Antartico,0,Sosten Logistico Antartico,4,Campaña Antartica,0,Sosten Logistico Antartico,2024-07-01 00:00:00
2023,371,20,Sosten Logistico Antartico,0,Sosten Logistico Antartico,0,Sosten Logistico Antartico,6,Planeamiento y Conduccion Operaciones Logisticas Antarticas,0,Sosten Logistico Antartico,2024-07-01 00:00:00
2023,371,21,Planeamiento y Conduccion de Operaciones y de Adiestramiento Militar Conjunto,0,Planeamiento y Conduccion de Operaciones y de Adiestramiento Militar Conjunto,0,Planeamiento y Conduccion de Operaciones y de Adiestramiento Militar Conjunto,1,Planeamiento y Conduccion de Operaciones Militares,0,Planeamiento y Conduccion de Operaciones y de Adiestramiento Militar Conjunto,2024-07-01 00:00:00
2023,371,21,Planeamiento y Conduccion de Operaciones y de Adiestramiento Militar Conjunto,0,Planeamiento y Conduccion de Operaciones y de Adiestramiento Militar Conjunto,0,Planeamiento y Conduccion de Operaciones y de Adiestramiento Militar Conjunto,2,Coordinacion de Operaciones de Apoyo a la Comunidad,0,Planeamiento y Conduccion de Operaciones y de Adiestramiento Militar Conjunto,2024-07-01 00:00:00
2023,371,21,Planeamiento y Conduccion de Operaciones y de Adiestramiento Militar Conjunto,0,Planeamiento y Conduccion de Operaciones y de Adiestramiento Militar Conjunto,0,Planeamiento y Conduccion de Operaciones y de Adiestramiento Militar Conjunto,4,Planeamiento y Conduccion de Operaciones Militares Aeroespaciales,0,Planeamiento y Conduccion de Operaciones y de Adiestramiento Militar Conjunto,2024-07-01 00:00:00
2023,371,21,Planeamiento y Conduccion de Operaciones y de Adiestramiento Militar Conjunto,0,Planeamiento y Conduccion de Operaciones y de Adiestramiento Militar Conjunto,0,Planeamiento y Conduccion de Operaciones y de Adiestramiento Militar Conjunto,5,Planeamiento y Conduccion de Operaciones de Vigilancia y Control de losEspacios Maritimos,0,Planeamiento y Conduccion de Operaciones y de Adiestramiento Militar Conjunto,2024-07-01 00:00:00
2023,372,17,Desarrollo Tecnologico para la Defensa,0,Desarrollo Tecnologico para la Defensa,0,Desarrollo Tecnologico para la Defensa,1,Conduccion y Administracion,0,Desarrollo Tecnologico para la Defensa,2024-07-01 00:00:00
2023,372,17,Desarrollo Tecnologico para la Defensa,0,Desarrollo Tecnologico para la Defensa,0,Desarrollo Tecnologico para la Defensa,2,Investigacion y Desarrollo,0,Desarrollo Tecnologico para la Defensa,2024-07-01 00:00:00
2023,374,1,Actividades Centrales,0,Actividades Centrales,0,Actividades Centrales,1,Conduccion y Coordinacion,0,Actividades Centrales,2024-07-01 00:00:00
2023,374,1,Actividades Centrales,0,Actividades Centrales,0,Actividades Centrales,3,Gestion Economica y Financiera,0,Actividades Centrales,2024-07-01 00:00:00
2023,374,1,Actividades Centrales,0,Actividades Centrales,0,Actividades Centrales,4,Atencion a Delegacion y Agregadurias Militares en el Exterior,0,Actividades Centrales,2024-07-01 00:00:00
2023,374,16,Alistamiento Operacional del Ejercito,0,Alistamiento Operacional del Ejercito,0,Alistamiento Operacional del Ejercito,4,Inteligencia Operacional Tactica,0,Alistamiento Operacional del Ejercito,2024-07-01 00:00:00
2023,374,16,Alistamiento Operacional del Ejercito,0,Alistamiento Operacional del Ejercito,0,Alistamiento Operacional del Ejercito,5,Recuperacion y Modernizacion,0,Alistamiento Operacional del Ejercito,2024-07-01 00:00:00
2023,374,16,Alistamiento Operacional del Ejercito,0,Alistamiento Operacional del Ejercito,0,Alistamiento Operacional del Ejercito,6,Investigacion y Desarrollo,0,Alistamiento Operacional del Ejercito,2024-07-01 00:00:00
2023,374,16,Alistamiento Operacional del Ejercito,0,Alistamiento Operacional del Ejercito,0,Alistamiento Operacional del Ejercito,8,Aeronavegabilidad Militar,0,Alistamiento Operacional del Ejercito,2024-07-01 00:00:00
2023,374,16,Alistamiento Operacional del Ejercito,0,Alistamiento Operacional del Ejercito,0,Alistamiento Operacional del Ejercito,9,Adiestramiento Operacional Especifico,0,Alistamiento Operacional del Ejercito,2024-07-01 00:00:00
2023,374,16,Alistamiento Operacional del Ejercito,0,Alistamiento Operacional del Ejercito,0,Alistamiento Operacional del Ejercito,10,Adiestramiento Operacional Combinado,0,Alistamiento Operacional del Ejercito,2024-07-01 00:00:00
2023,374,16,Alistamiento Operacional del Ejercito,0,Alistamiento Operacional del Ejercito,0,Alistamiento Operacional del Ejercito,11,Adiestramiento Militar Conjunto,0,Alistamiento Operacional del Ejercito,2024-07-01 00:00:00
2023,374,16,Alistamiento Operacional del Ejercito,0,Alistamiento Operacional del Ejercito,0,Alistamiento Operacional del Ejercito,12,Apoyo al Alistamiento Operacional,0,Alistamiento Operacional del Ejercito,2024-07-01 00:00:00
2023,374,16,Alistamiento Operacional del Ejercito,0,Alistamiento Operacional del Ejercito,0,Alistamiento Operacional del Ejercito,13,Mantenimiento de Medios e Infraestructura para Alistamiento Operacional,0,Alistamiento Operacional del Ejercito,2024-07-01 00:00:00
2023,374,16,Alistamiento Operacional del Ejercito,0,Alistamiento Operacional del Ejercito,0,Alistamiento Operacional del Ejercito,15,Fondo Nacional de la Defensa – “FONDEF”,0,Alistamiento Operacional del Ejercito,2024-07-01 00:00:00
2023,374,17,Formacion y Capacitacion,0,Formacion y Capacitacion,0,Formacion y Capacitacion,5,"Conduccion, Coordinacion y Gestion Central",0,Formacion y Capacitacion,2024-07-01 00:00:00
2023,374,17,Formacion y Capacitacion,0,Formacion y Capacitacion,0,Formacion y Capacitacion,6,Formacion de Oficiales,0,Formacion y Capacitacion,2024-07-01 00:00:00
2023,374,17,Formacion y Capacitacion,0,Formacion y Capacitacion,0,Formacion y Capacitacion,7,Formacion de Suboficiales,0,Formacion y Capacitacion,2024-07-01 00:00:00
2023,374,17,Formacion y Capacitacion,0,Formacion y Capacitacion,0,Formacion y Capacitacion,8,Capacitacion y Perfeccionamiento de Cuadros,0,Formacion y Capacitacion,2024-07-01 00:00:00
2023,374,17,Formacion y Capacitacion,0,Formacion y Capacitacion,0,Formacion y Capacitacion,9,Capacitacion Complementaria,0,Formacion y Capacitacion,2024-07-01 00:00:00
2023,374,17,Formacion y Capacitacion,0,Formacion y Capacitacion,0,Formacion y Capacitacion,10,Funcionamiento y Mantenimiento de Liceos,0,Formacion y Capacitacion,2024-07-01 00:00:00
2023,374,18,Asistencia Sanitaria,0,Asistencia Sanitaria,0,Asistencia Sanitaria,2,Conduccion y Gestion Sanitaria,0,Asistencia Sanitaria,2024-07-01 00:00:00
2023,374,18,Asistencia Sanitaria,0,Asistencia Sanitaria,0,Asistencia Sanitaria,3,Acciones de Prevencion de Enfermedades y Promocion de la Salud,0,Asistencia Sanitaria,2024-07-01 00:00:00
2023,374,18,Asistencia Sanitaria,0,Asistencia Sanitaria,0,Asistencia Sanitaria,4,Atencion Sanitaria,0,Asistencia Sanitaria,2024-07-01 00:00:00
2023,374,19,Remonta y Veterinaria,0,Remonta y Veterinaria,0,Remonta y Veterinaria,2,Conduccion y Planeamiento,0,Remonta y Veterinaria,2024-07-01 00:00:00
2023,374,19,Remonta y Veterinaria,0,Remonta y Veterinaria,0,Remonta y Veterinaria,3,Produccion,0,Remonta y Veterinaria,2024-07-01 00:00:00
2023,374,19,Remonta y Veterinaria,0,Remonta y Veterinaria,0,Remonta y Veterinaria,4,Apoyo y Abastecimiento,0,Remonta y Veterinaria,2024-07-01 00:00:00
2023,374,20,Sastreria Militar,0,Sastreria Militar,0,Sastreria Militar,2,Conduccion de la Gestion Productiva y Comercial,0,Sastreria Militar,2024-07-01 00:00:00
2023,374,20,Sastreria Militar,0,Sastreria Militar,0,Sastreria Militar,3,Produccion de Vestuario y Equipo de Uso Militar,0,Sastreria Militar,2024-07-01 00:00:00
2023,374,20,Sastreria Militar,0,Sastreria Militar,0,Sastreria Militar,4,Comercializacion de Vestuario y Equipo,0,Sastreria Militar,2024-07-01 00:00:00
2023,374,24,Sostenimiento Operacional,0,Sostenimiento Operacional,0,Sostenimiento Operacional,1,Operacion Conjunta de Vigilancia y Control de los Espacios Aereos en Zona de Frontera,0,Sostenimiento Operacional,2024-07-01 00:00:00
2023,375,1,Actividades Centrales,0,Actividades Centrales,0,Actividades Centrales,1,Conduccion y Administracion,0,Actividades Centrales,2024-07-01 00:00:00
2023,375,1,Actividades Centrales,0,Actividades Centrales,0,Actividades Centrales,2,Servicios de Inteligencia,0,Actividades Centrales,2024-07-01 00:00:00
2023,375,1,Actividades Centrales,0,Actividades Centrales,0,Actividades Centrales,40,Acciones por la Equidad de Genero (PPG),0,Actividades Centrales,2024-07-01 00:00:00
2023,375,41,Formacion y Capacitacion de la Gendarmeria Nacional,0,Formacion y Capacitacion de la Gendarmeria Nacional,0,Formacion y Capacitacion de la Gendarmeria Nacional,1,Coordinacion y Evaluacion,0,Formacion y Capacitacion de la Gendarmeria Nacional,2024-07-01 00:00:00
2023,375,41,Formacion y Capacitacion de la Gendarmeria Nacional,0,Formacion y Capacitacion de la Gendarmeria Nacional,0,Formacion y Capacitacion de la Gendarmeria Nacional,2,Formacion del Personal,0,Formacion y Capacitacion de la Gendarmeria Nacional,2024-07-01 00:00:00
2023,375,41,Formacion y Capacitacion de la Gendarmeria Nacional,0,Formacion y Capacitacion de la Gendarmeria Nacional,0,Formacion y Capacitacion de la Gendarmeria Nacional,3,Capacitacion del Personal,0,Formacion y Capacitacion de la Gendarmeria Nacional,2024-07-01 00:00:00
2023,375,41,Formacion y Capacitacion de la Gendarmeria Nacional,0,Formacion y Capacitacion de la Gendarmeria Nacional,0,Formacion y Capacitacion de la Gendarmeria Nacional,4,Gestion del Instituto Universitario de Gendarmeria Nacional,0,Formacion y Capacitacion de la Gendarmeria Nacional,2024-07-01 00:00:00
2023,375,42,Asistencia Sanitaria de la Gendarmeria Nacional,0,Asistencia Sanitaria de la Gendarmeria Nacional,0,Asistencia Sanitaria de la Gendarmeria Nacional,1,Asistencia Sanitaria al Personal y su Familia,0,Asistencia Sanitaria de la Gendarmeria Nacional,2024-07-01 00:00:00
2023,375,44,Misiones Humanitarias y de Paz para Organismos Internacionales,0,Misiones Humanitarias y de Paz para Organismos Internacionales,0,Misiones Humanitarias y de Paz para Organismos Internacionales,1,Misiones Humanitarias y de Paz para Organismos Internacionales,0,Misiones Humanitarias y de Paz para Organismos Internacionales,2024-07-01 00:00:00
2023,375,48,Seguridad en Fronteras,0,Seguridad en Fronteras,0,Seguridad en Fronteras,40,Control de Fronteras,0,Seguridad en Fronteras,2024-07-01 00:00:00
2023,375,48,Seguridad en Fronteras,0,Seguridad en Fronteras,0,Seguridad en Fronteras,43,Acciones para la Atencion de Pasos Fronterizos,0,Seguridad en Fronteras,2024-07-01 00:00:00
2023,375,48,Seguridad en Fronteras,0,Seguridad en Fronteras,6,Remodelacion del Complejo Fronterizo Clorinda - Puerto Jose A. Falcon (FONPLATA 28/16),0,Remodelacion del Complejo Fronterizo Clorinda - Puerto Jose A. Falcon (FONPLATA 28/16),51,Remodelacion del Complejo Fronterizo Clorinda - Puerto Jose A. Falcon (FONPLATA 28/16),2024-07-01 00:00:00
2023,375,48,Seguridad en Fronteras,0,Seguridad en Fronteras,9,Remodelacion del Complejo Fronterizo La Quiaca - Villazon (FONPLATA 28/16),0,Remodelacion del Complejo Fronterizo La Quiaca - Villazon (FONPLATA 28/16),51,Remodelacion del Complejo Fronterizo La Quiaca - Villazon (FONPLATA 28/16),2024-07-01 00:00:00
2023,375,48,Seguridad en Fronteras,0,Seguridad en Fronteras,11,Remodelacion del Complejos Fronterizo Salvador Mazza - Yacuiba (FONPLATA 28/16),0,Remodelacion del Complejos Fronterizo Salvador Mazza - Yacuiba (FONPLATA 28/16),51,Remodelacion del Complejos Fronterizo Salvador Mazza - Yacuiba (FONPLATA 28/16),2024-07-01 00:00:00
2023,375,48,Seguridad en Fronteras,0,Seguridad en Fronteras,12,Remodelacion del Paso Fronterizo Internacional San Antonio (ARG) - Santo Antonio (BRA) (FONPLATA 28/16),0,Remodelacion del Paso Fronterizo Internacional San Antonio (ARG) - Santo Antonio (BRA) (FONPLATA 28/16),51,Remodelacion del Paso Fronterizo Internacional San Antonio (ARG) - Santo Antonio (BRA) (FONPLATA 28/16),2024-07-01 00:00:00
2023,375,49,Operaciones Complementarias de Seguridad Interior,0,Operaciones Complementarias de Seguridad Interior,0,Operaciones Complementarias de Seguridad Interior,2,Acciones de Seguridad Vial,0,Operaciones Complementarias de Seguridad Interior,2024-07-01 00:00:00
2023,375,49,Operaciones Complementarias de Seguridad Interior,0,Operaciones Complementarias de Seguridad Interior,0,Operaciones Complementarias de Seguridad Interior,3,Servicios de Apoyo de Aviacion,0,Operaciones Complementarias de Seguridad Interior,2024-07-01 00:00:00
2023,375,49,Operaciones Complementarias de Seguridad Interior,0,Operaciones Complementarias de Seguridad Interior,0,Operaciones Complementarias de Seguridad Interior,41,Operaciones Especiales de Seguridad,0,Operaciones Complementarias de Seguridad Interior,2024-07-01 00:00:00
2023,375,50,Servicio de Investigacion de Delitos Complejos y Operaciones Antidrogas,0,Servicio de Investigacion de Delitos Complejos y Operaciones Antidrogas,0,Servicio de Investigacion de Delitos Complejos y Operaciones Antidrogas,1,Servicios de Policia y Judicial,0,Servicio de Investigacion de Delitos Complejos y Operaciones Antidrogas,2024-07-01 00:00:00
2023,375,50,Servicio de Investigacion de Delitos Complejos y Operaciones Antidrogas,0,Servicio de Investigacion de Delitos Complejos y Operaciones Antidrogas,0,Servicio de Investigacion de Delitos Complejos y Operaciones Antidrogas,2,Servicios de Policia Criminalistica y Estudios Forenses,0,Servicio de Investigacion de Delitos Complejos y Operaciones Antidrogas,2024-07-01 00:00:00
2023,375,50,Servicio de Investigacion de Delitos Complejos y Operaciones Antidrogas,0,Servicio de Investigacion de Delitos Complejos y Operaciones Antidrogas,0,Servicio de Investigacion de Delitos Complejos y Operaciones Antidrogas,40,Servicios de Investigaciones y Operaciones Antidrogas,0,Servicio de Investigacion de Delitos Complejos y Operaciones Antidrogas,2024-07-01 00:00:00
2023,375,50,Servicio de Investigacion de Delitos Complejos y Operaciones Antidrogas,0,Servicio de Investigacion de Delitos Complejos y Operaciones Antidrogas,0,Servicio de Investigacion de Delitos Complejos y Operaciones Antidrogas,41,Servicios de Estudios e Investigaciones de Delitos Complejos,0,Servicio de Investigacion de Delitos Complejos y Operaciones Antidrogas,2024-07-01 00:00:00
2023,376,23,Logistica de la Defensa,0,Logistica de la Defensa,0,Logistica de la Defensa,1,Conduccion de la Logistica Integrada,0,Logistica de la Defensa,2024-07-01 00:00:00
2023,376,23,Logistica de la Defensa,0,Logistica de la Defensa,0,Logistica de la Defensa,2,Gestion Logistica - Fondo Nacional de la Defensa 'FONDEF,0,Logistica de la Defensa,2024-07-01 00:00:00
2023,379,1,Actividades Centrales,0,Actividades Centrales,0,Actividades Centrales,1,Conduccion,0,Actividades Centrales,2024-07-01 00:00:00
2023,379,1,Actividades Centrales,0,Actividades Centrales,0,Actividades Centrales,2,Gestion Economica Financiera,0,Actividades Centrales,2024-07-01 00:00:00
2023,379,1,Actividades Centrales,0,Actividades Centrales,0,Actividades Centrales,4,Agregadurias y Representaciones Navales en el Exterior,0,Actividades Centrales,2024-07-01 00:00:00
2023,379,1,Actividades Centrales,0,Actividades Centrales,0,Actividades Centrales,5,Acciones por la Equidad de Genero (PPG),0,Actividades Centrales,2024-07-01 00:00:00
2023,379,16,Alistamiento Operacional de la Armada,0,Alistamiento Operacional de la Armada,0,Alistamiento Operacional de la Armada,4,Investigacion y Desarrollo,0,Alistamiento Operacional de la Armada,2024-07-01 00:00:00
2023,379,16,Alistamiento Operacional de la Armada,0,Alistamiento Operacional de la Armada,0,Alistamiento Operacional de la Armada,5,Inteligencia Operacional Tactica,0,Alistamiento Operacional de la Armada,2024-07-01 00:00:00
2023,379,16,Alistamiento Operacional de la Armada,0,Alistamiento Operacional de la Armada,0,Alistamiento Operacional de la Armada,6,"Recuperacion, Modernizacion e Incorporacion de Medios",0,Alistamiento Operacional de la Armada,2024-07-01 00:00:00
2023,379,16,Alistamiento Operacional de la Armada,0,Alistamiento Operacional de la Armada,0,Alistamiento Operacional de la Armada,9,Adiestramiento Operacional Especifico,0,Alistamiento Operacional de la Armada,2024-07-01 00:00:00
2023,379,16,Alistamiento Operacional de la Armada,0,Alistamiento Operacional de la Armada,0,Alistamiento Operacional de la Armada,12,Apoyo al Alistamiento Operacional,0,Alistamiento Operacional de la Armada,2024-07-01 00:00:00
2023,379,16,Alistamiento Operacional de la Armada,0,Alistamiento Operacional de la Armada,0,Alistamiento Operacional de la Armada,13,Mantenimiento de Medios e Infraestructura para el Alistamiento Operacional,0,Alistamiento Operacional de la Armada,2024-07-01 00:00:00
2023,379,16,Alistamiento Operacional de la Armada,0,Alistamiento Operacional de la Armada,16,Construccion de Lanchas de Instruccion para Cadetes de la Escuela Naval Militar (ESNM),0,Construccion de Lanchas de Instruccion para Cadetes de la Escuela Naval Militar (ESNM),51,Construccion de Lanchas de Instruccion para Cadetes de la Escuela Naval Militar (ESNM),2024-07-01 00:00:00
2023,379,17,Sanidad Naval,0,Sanidad Naval,0,Sanidad Naval,2,Conduccion y Gestion Sanitaria,0,Sanidad Naval,2024-07-01 00:00:00
2023,379,17,Sanidad Naval,0,Sanidad Naval,0,Sanidad Naval,4,Atencion Sanitaria,0,Sanidad Naval,2024-07-01 00:00:00
2023,379,18,Formacion y Capacitacion,0,Formacion y Capacitacion,0,Formacion y Capacitacion,5,"Conduccion, Coordinacion y Gestion Central",0,Formacion y Capacitacion,2024-07-01 00:00:00
2023,379,18,Formacion y Capacitacion,0,Formacion y Capacitacion,0,Formacion y Capacitacion,6,Formacion de Oficiales,0,Formacion y Capacitacion,2024-07-01 00:00:00
2023,379,18,Formacion y Capacitacion,0,Formacion y Capacitacion,0,Formacion y Capacitacion,7,Formacion de Suboficiales,0,Formacion y Capacitacion,2024-07-01 00:00:00
2023,379,18,Formacion y Capacitacion,0,Formacion y Capacitacion,0,Formacion y Capacitacion,8,Capacitacion y Perfeccionamiento de Cuadros,0,Formacion y Capacitacion,2024-07-01 00:00:00
2023,379,18,Formacion y Capacitacion,0,Formacion y Capacitacion,0,Formacion y Capacitacion,9,Capacitacion Complementaria,0,Formacion y Capacitacion,2024-07-01 00:00:00
2023,379,18,Formacion y Capacitacion,0,Formacion y Capacitacion,0,Formacion y Capacitacion,10,Funcionamiento y Mantenimiento de Liceos,0,Formacion y Capacitacion,2024-07-01 00:00:00
2023,379,19,Hidrografia Naval,0,Hidrografia Naval,0,Hidrografia Naval,1,Hidrografia Naval,0,Hidrografia Naval,2024-07-01 00:00:00
2023,379,20,Transportes Navales,0,Transportes Navales,0,Transportes Navales,2,"Comando, Control y Gestion de Transportes Navales",0,Transportes Navales,2024-07-01 00:00:00
2023,379,24,Sostenimiento Operacional,0,Sostenimiento Operacional,0,Sostenimiento Operacional,1,Patrulla Antartica Naval Combinada,0,Sostenimiento Operacional,2024-07-01 00:00:00
2023,380,1,Actividades Centrales,0,Actividades Centrales,0,Actividades Centrales,1,Conduccion y Administracion,0,Actividades Centrales,2024-07-01 00:00:00
2023,380,1,Actividades Centrales,0,Actividades Centrales,0,Actividades Centrales,6,Servicios de Inteligencia,0,Actividades Centrales,2024-07-01 00:00:00
2023,380,1,Actividades Centrales,0,Actividades Centrales,0,Actividades Centrales,7,Apoyo Tecnico en Investigacion y Enlaces con el Poder Judicial,0,Actividades Centrales,2024-07-01 00:00:00
2023,380,31,Policia de Seguridad de la Navegacion,0,Policia de Seguridad de la Navegacion,0,Policia de Seguridad de la Navegacion,1,Direccion y Coordinacion,0,Policia de Seguridad de la Navegacion,2024-07-01 00:00:00
2023,380,31,Policia de Seguridad de la Navegacion,0,Policia de Seguridad de la Navegacion,0,Policia de Seguridad de la Navegacion,4,Operaciones de Salvamento y Siniestros,0,Policia de Seguridad de la Navegacion,2024-07-01 00:00:00
2023,380,31,Policia de Seguridad de la Navegacion,0,Policia de Seguridad de la Navegacion,0,Policia de Seguridad de la Navegacion,6,Servicio de Policia en Despliegue Permanente,0,Policia de Seguridad de la Navegacion,2024-07-01 00:00:00
2023,380,31,Policia de Seguridad de la Navegacion,0,Policia de Seguridad de la Navegacion,0,Policia de Seguridad de la Navegacion,8,Servicios de Apoyo,0,Policia de Seguridad de la Navegacion,2024-07-01 00:00:00
2023,380,31,Policia de Seguridad de la Navegacion,0,Policia de Seguridad de la Navegacion,34,Remodelacion del Complejo Fronterizo Puerto Iguazu - Puerto Tres Fronteras (FONPLATA 28/16),0,Remodelacion del Complejo Fronterizo Puerto Iguazu - Puerto Tres Fronteras (FONPLATA 28/16),51,Remodelacion del Complejo Fronterizo Puerto Iguazu - Puerto Tres Fronteras (FONPLATA 28/16),2024-07-01 00:00:00
2023,380,31,Policia de Seguridad de la Navegacion,0,Policia de Seguridad de la Navegacion,35,Remodelacion del Complejo Fronterizo Puerto Pilcomayo - Puerto Ita Enramada (FONPLATA 28/16),0,Remodelacion del Complejo Fronterizo Puerto Pilcomayo - Puerto Ita Enramada (FONPLATA 28/16),51,Remodelacion del Complejo Fronterizo Puerto Pilcomayo - Puerto Ita Enramada (FONPLATA 28/16),2024-07-01 00:00:00
2023,380,36,Atencion Sanitaria de la Prefectura Naval Argentina,0,Atencion Sanitaria de la Prefectura Naval Argentina,0,Atencion Sanitaria de la Prefectura Naval Argentina,1,Atencion Sanitaria del Personal y su Familia,0,Atencion Sanitaria de la Prefectura Naval Argentina,2024-07-01 00:00:00
2023,380,37,Formacion y Capacitacion Profesional de la Prefectura Naval Argentina,0,Formacion y Capacitacion Profesional de la Prefectura Naval Argentina,0,Formacion y Capacitacion Profesional de la Prefectura Naval Argentina,1,Formacion del Personal,0,Formacion y Capacitacion Profesional de la Prefectura Naval Argentina,2024-07-01 00:00:00
2023,380,37,Formacion y Capacitacion Profesional de la Prefectura Naval Argentina,0,Formacion y Capacitacion Profesional de la Prefectura Naval Argentina,0,Formacion y Capacitacion Profesional de la Prefectura Naval Argentina,2,Capacitacion del Personal y de Terceros,0,Formacion y Capacitacion Profesional de la Prefectura Naval Argentina,2024-07-01 00:00:00
2023,380,37,Formacion y Capacitacion Profesional de la Prefectura Naval Argentina,0,Formacion y Capacitacion Profesional de la Prefectura Naval Argentina,0,Formacion y Capacitacion Profesional de la Prefectura Naval Argentina,3,Gestion del Instituto de Seguridad Maritima,0,Formacion y Capacitacion Profesional de la Prefectura Naval Argentina,2024-07-01 00:00:00
2023,380,39,Control y Servicio Tecnico de Seguridad de la Navegacion,0,Control y Servicio Tecnico de Seguridad de la Navegacion,0,Control y Servicio Tecnico de Seguridad de la Navegacion,1,Control y Servicio Tecnico de Seguridad de la Navegacion,0,Control y Servicio Tecnico de Seguridad de la Navegacion,2024-07-01 00:00:00
2023,380,40,Operaciones de Seguridad Interior,0,Operaciones de Seguridad Interior,0,Operaciones de Seguridad Interior,2,Conduccion y Coordinacion de Proteccion Ambiental,0,Operaciones de Seguridad Interior,2024-07-01 00:00:00
2023,380,40,Operaciones de Seguridad Interior,0,Operaciones de Seguridad Interior,0,Operaciones de Seguridad Interior,40,Operaciones Especiales de Seguridad,0,Operaciones de Seguridad Interior,2024-07-01 00:00:00
2023,380,41,Servicio de Informatica y Comunicaciones para la Navegacion,0,Servicio de Informatica y Comunicaciones para la Navegacion,0,Servicio de Informatica y Comunicaciones para la Navegacion,1,Conduccion y Administracion,0,Servicio de Informatica y Comunicaciones para la Navegacion,2024-07-01 00:00:00
2023,381,1,Actividades Centrales,0,Actividades Centrales,0,Actividades Centrales,1,Direccion y Conduccion,0,Actividades Centrales,2024-07-01 00:00:00
2023,381,1,Actividades Centrales,0,Actividades Centrales,0,Actividades Centrales,2,Gestion Economico - Financiera,0,Actividades Centrales,2024-07-01 00:00:00
2023,381,1,Actividades Centrales,0,Actividades Centrales,0,Actividades Centrales,4,Atencion Delegacion y Agregadurias Aeronauticas en el Exterior,0,Actividades Centrales,2024-07-01 00:00:00
2023,381,1,Actividades Centrales,0,Actividades Centrales,0,Actividades Centrales,5,Acciones por la Equidad de Genero (PPG),0,Actividades Centrales,2024-07-01 00:00:00
2023,381,16,Alistamiento Operacional de la Fuerza Aerea,0,Alistamiento Operacional de la Fuerza Aerea,0,Alistamiento Operacional de la Fuerza Aerea,4,Investigacion y Desarrollo,0,Alistamiento Operacional de la Fuerza Aerea,2024-07-01 00:00:00
2023,381,16,Alistamiento Operacional de la Fuerza Aerea,0,Alistamiento Operacional de la Fuerza Aerea,0,Alistamiento Operacional de la Fuerza Aerea,6,Inteligencia Operacional Tactica,0,Alistamiento Operacional de la Fuerza Aerea,2024-07-01 00:00:00
2023,381,16,Alistamiento Operacional de la Fuerza Aerea,0,Alistamiento Operacional de la Fuerza Aerea,0,Alistamiento Operacional de la Fuerza Aerea,7,Recuperacion de Material Aereo,0,Alistamiento Operacional de la Fuerza Aerea,2024-07-01 00:00:00
2023,381,16,Alistamiento Operacional de la Fuerza Aerea,0,Alistamiento Operacional de la Fuerza Aerea,0,Alistamiento Operacional de la Fuerza Aerea,8,Aeronavegabilidad Militar,0,Alistamiento Operacional de la Fuerza Aerea,2024-07-01 00:00:00
2023,381,16,Alistamiento Operacional de la Fuerza Aerea,0,Alistamiento Operacional de la Fuerza Aerea,0,Alistamiento Operacional de la Fuerza Aerea,9,Adiestramiento Operacional Especifico,0,Alistamiento Operacional de la Fuerza Aerea,2024-07-01 00:00:00
2023,381,16,Alistamiento Operacional de la Fuerza Aerea,0,Alistamiento Operacional de la Fuerza Aerea,0,Alistamiento Operacional de la Fuerza Aerea,12,Apoyo al Alistamiento Operacional,0,Alistamiento Operacional de la Fuerza Aerea,2024-07-01 00:00:00
2023,381,16,Alistamiento Operacional de la Fuerza Aerea,0,Alistamiento Operacional de la Fuerza Aerea,0,Alistamiento Operacional de la Fuerza Aerea,13,Mantenimiento de Medios e Infraestructura para el Alistamiento Operacional,0,Alistamiento Operacional de la Fuerza Aerea,2024-07-01 00:00:00
2023,381,16,Alistamiento Operacional de la Fuerza Aerea,0,Alistamiento Operacional de la Fuerza Aerea,0,Alistamiento Operacional de la Fuerza Aerea,14,Control Aeroespacial de Defensa,0,Alistamiento Operacional de la Fuerza Aerea,2024-07-01 00:00:00
2023,381,16,Alistamiento Operacional de la Fuerza Aerea,0,Alistamiento Operacional de la Fuerza Aerea,0,Alistamiento Operacional de la Fuerza Aerea,15,Fondo Nacional de la Defensa - 'FONDEF',0,Alistamiento Operacional de la Fuerza Aerea,2024-07-01 00:00:00
2023,381,17,Transporte Aereo de Fomento,0,Transporte Aereo de Fomento,0,Transporte Aereo de Fomento,1,Vuelos Regulares de Fomento,0,Transporte Aereo de Fomento,2024-07-01 00:00:00
2023,381,17,Transporte Aereo de Fomento,0,Transporte Aereo de Fomento,0,Transporte Aereo de Fomento,2,Vuelos Comerciales,0,Transporte Aereo de Fomento,2024-07-01 00:00:00
2023,381,18,Control de Transito Aereo,0,Control de Transito Aereo,0,Control de Transito Aereo,2,Conduccion y Gestion de Apoyo a la Actividad Aerea Nacional,0,Control de Transito Aereo,2024-07-01 00:00:00
2023,381,19,Asistencia Sanitaria de la Fuerza Aerea,0,Asistencia Sanitaria de la Fuerza Aerea,0,Asistencia Sanitaria de la Fuerza Aerea,2,Conduccion y Gestion Sanitaria,0,Asistencia Sanitaria de la Fuerza Aerea,2024-07-01 00:00:00
2023,381,19,Asistencia Sanitaria de la Fuerza Aerea,0,Asistencia Sanitaria de la Fuerza Aerea,0,Asistencia Sanitaria de la Fuerza Aerea,3,Acciones de Prevencion de Enfermedades y Promocion de la Salud,0,Asistencia Sanitaria de la Fuerza Aerea,2024-07-01 00:00:00
2023,381,19,Asistencia Sanitaria de la Fuerza Aerea,0,Asistencia Sanitaria de la Fuerza Aerea,0,Asistencia Sanitaria de la Fuerza Aerea,4,Atencion Sanitaria,0,Asistencia Sanitaria de la Fuerza Aerea,2024-07-01 00:00:00
2023,381,20,Capacitacion y Formacion de la Fuerza Aerea,0,Capacitacion y Formacion de la Fuerza Aerea,0,Capacitacion y Formacion de la Fuerza Aerea,5,"Conduccion, Coordinacion y Gestion Central",0,Capacitacion y Formacion de la Fuerza Aerea,2024-07-01 00:00:00
2023,381,20,Capacitacion y Formacion de la Fuerza Aerea,0,Capacitacion y Formacion de la Fuerza Aerea,0,Capacitacion y Formacion de la Fuerza Aerea,6,Formacion de Oficiales,0,Capacitacion y Formacion de la Fuerza Aerea,2024-07-01 00:00:00
2023,381,20,Capacitacion y Formacion de la Fuerza Aerea,0,Capacitacion y Formacion de la Fuerza Aerea,0,Capacitacion y Formacion de la Fuerza Aerea,7,Formacion de Suboficiales,0,Capacitacion y Formacion de la Fuerza Aerea,2024-07-01 00:00:00
2023,381,20,Capacitacion y Formacion de la Fuerza Aerea,0,Capacitacion y Formacion de la Fuerza Aerea,0,Capacitacion y Formacion de la Fuerza Aerea,8,Capacitacion y Perfeccionamiento de Cuadros,0,Capacitacion y Formacion de la Fuerza Aerea,2024-07-01 00:00:00
2023,381,20,Capacitacion y Formacion de la Fuerza Aerea,0,Capacitacion y Formacion de la Fuerza Aerea,0,Capacitacion y Formacion de la Fuerza Aerea,9,Capacitacion Complementaria,0,Capacitacion y Formacion de la Fuerza Aerea,2024-07-01 00:00:00
2023,381,20,Capacitacion y Formacion de la Fuerza Aerea,0,Capacitacion y Formacion de la Fuerza Aerea,0,Capacitacion y Formacion de la Fuerza Aerea,10,Funcionamiento y Mantenimiento de los Liceos,0,Capacitacion y Formacion de la Fuerza Aerea,2024-07-01 00:00:00
2023,381,20,Capacitacion y Formacion de la Fuerza Aerea,0,Capacitacion y Formacion de la Fuerza Aerea,0,Capacitacion y Formacion de la Fuerza Aerea,11,Capacitacion Militar Conjunta,0,Capacitacion y Formacion de la Fuerza Aerea,2024-07-01 00:00:00
2023,381,23,Servicio Meteorologico Nacional,0,Servicio Meteorologico Nacional,0,Servicio Meteorologico Nacional,1,Servicio Meteorologico Nacional,0,Servicio Meteorologico Nacional,2024-07-01 00:00:00
2023,381,24,Sostenimiento Operacional,0,Sostenimiento Operacional,0,Sostenimiento Operacional,2,Servicios de Apoyo en el Exterior,0,Sostenimiento Operacional,2024-07-01 00:00:00
2023,382,1,Actividades Centrales,0,Actividades Centrales,0,Actividades Centrales,1,Conduccion y Administracion,0,Actividades Centrales,2024-07-01 00:00:00
2023,382,1,Actividades Centrales,0,Actividades Centrales,0,Actividades Centrales,40,Acciones por la Equidad de Genero (PPG),0,Actividades Centrales,2024-07-01 00:00:00
2023,382,23,Seguridad Aeroportuaria,0,Seguridad Aeroportuaria,0,Seguridad Aeroportuaria,1,Servicio de Seguridad Aeroportuaria Preventiva,0,Seguridad Aeroportuaria,2024-07-01 00:00:00
2023,382,23,Seguridad Aeroportuaria,0,Seguridad Aeroportuaria,0,Seguridad Aeroportuaria,2,Servicio de Seguridad Aeroportuaria Compleja,0,Seguridad Aeroportuaria,2024-07-01 00:00:00
2023,382,24,Formacion y Capacitacion en Seguridad Aeroportuaria,0,Formacion y Capacitacion en Seguridad Aeroportuaria,0,Formacion y Capacitacion en Seguridad Aeroportuaria,1,Formacion del Personal,0,Formacion y Capacitacion en Seguridad Aeroportuaria,2024-07-01 00:00:00
2023,382,24,Formacion y Capacitacion en Seguridad Aeroportuaria,0,Formacion y Capacitacion en Seguridad Aeroportuaria,0,Formacion y Capacitacion en Seguridad Aeroportuaria,2,Capacitacion en Materia de Seguridad Aeroportuaria,0,Formacion y Capacitacion en Seguridad Aeroportuaria,2024-07-01 00:00:00
2023,385,44,"Defensa de los Derechos de las Niñas, Niños y Adolescentes (NNA)",0,"Defensa de los Derechos de las Niñas, Niños y Adolescentes (NNA)",0,"Defensa de los Derechos de las Niñas, Niños y Adolescentes (NNA)",1,"Defensa de los Derechos de las Niñas, Niños y Adolescentes (NNA)",0,"Defensa de los Derechos de las Niñas, Niños y Adolescentes (NNA)",2024-07-01 00:00:00
2023,386,1,Actividades Centrales (PPG),0,Actividades Centrales (PPG),0,Actividades Centrales (PPG),1,Direccion y Conduccion General (PPG),0,Actividades Centrales (PPG),2024-07-01 00:00:00
2023,386,18,Formulacion de Politicas contra la Violencia por Razones de Genero (PPG),0,Formulacion de Politicas contra la Violencia por Razones de Genero (PPG),0,Formulacion de Politicas contra la Violencia por Razones de Genero (PPG),1,Direccion y Conduccion (PPG),0,Formulacion de Politicas contra la Violencia por Razones de Genero (PPG),2024-07-01 00:00:00
2023,386,18,Formulacion de Politicas contra la Violencia por Razones de Genero (PPG),0,Formulacion de Politicas contra la Violencia por Razones de Genero (PPG),0,Formulacion de Politicas contra la Violencia por Razones de Genero (PPG),2,Politicas contra la Violencia por Razones de Genero (PPG),0,Formulacion de Politicas contra la Violencia por Razones de Genero (PPG),2024-07-01 00:00:00
2023,386,18,Formulacion de Politicas contra la Violencia por Razones de Genero (PPG),0,Formulacion de Politicas contra la Violencia por Razones de Genero (PPG),0,Formulacion de Politicas contra la Violencia por Razones de Genero (PPG),4,Asistencia para la Refuncionalizacion de Hogares de Proteccion Integral (PPG),0,Formulacion de Politicas contra la Violencia por Razones de Genero (PPG),2024-07-01 00:00:00
2023,386,18,Formulacion de Politicas contra la Violencia por Razones de Genero (PPG),0,Formulacion de Politicas contra la Violencia por Razones de Genero (PPG),0,Formulacion de Politicas contra la Violencia por Razones de Genero (PPG),5,Acciones vinculadas con el Programa ACOMPAÑAR (PPG),0,Formulacion de Politicas contra la Violencia por Razones de Genero (PPG),2024-07-01 00:00:00
2023,386,18,Formulacion de Politicas contra la Violencia por Razones de Genero (PPG),0,Formulacion de Politicas contra la Violencia por Razones de Genero (PPG),0,Formulacion de Politicas contra la Violencia por Razones de Genero (PPG),6,"Acciones de Ayuda Urgente para Familiares de Victimas de Femicidios, Transfemicidios y Travesticidios (PPG)",0,Formulacion de Politicas contra la Violencia por Razones de Genero (PPG),2024-07-01 00:00:00
2023,386,18,Formulacion de Politicas contra la Violencia por Razones de Genero (PPG),0,Formulacion de Politicas contra la Violencia por Razones de Genero (PPG),0,Formulacion de Politicas contra la Violencia por Razones de Genero (PPG),7,Acciones de Fortalecimiento de la Linea 144 (PPG),0,Formulacion de Politicas contra la Violencia por Razones de Genero (PPG),2024-07-01 00:00:00
2023,386,18,Formulacion de Politicas contra la Violencia por Razones de Genero (PPG),0,Formulacion de Politicas contra la Violencia por Razones de Genero (PPG),0,Formulacion de Politicas contra la Violencia por Razones de Genero (PPG),8,Acciones vinculadas al Programa PRODUCIR (PPG),0,Formulacion de Politicas contra la Violencia por Razones de Genero (PPG),2024-07-01 00:00:00
2023,386,18,Formulacion de Politicas contra la Violencia por Razones de Genero (PPG),0,Formulacion de Politicas contra la Violencia por Razones de Genero (PPG),15,Construccion Centros Territoriales de Politicas de Genero y Diversidad (BCIE - 2280),0,Construccion Centros Territoriales de Politicas de Genero y Diversidad (BCIE - 2280),51,"Construccion del Centro Territorial de Politicas de Genero y Diversidad en la ciudad de La Plata, Provincia de Buenos Aires  (BC",2024-07-01 00:00:00
2023,386,18,Formulacion de Politicas contra la Violencia por Razones de Genero (PPG),0,Formulacion de Politicas contra la Violencia por Razones de Genero (PPG),15,Construccion Centros Territoriales de Politicas de Genero y Diversidad (BCIE - 2280),0,Construccion Centros Territoriales de Politicas de Genero y Diversidad (BCIE - 2280),52,"Construccion del Centro Territorial de Politicas de Genero y Diversidad en la ciudad de Posadas, provincia de Misiones  (BCIE -",2024-07-01 00:00:00
2023,386,18,Formulacion de Politicas contra la Violencia por Razones de Genero (PPG),0,Formulacion de Politicas contra la Violencia por Razones de Genero (PPG),15,Construccion Centros Territoriales de Politicas de Genero y Diversidad (BCIE - 2280),0,Construccion Centros Territoriales de Politicas de Genero y Diversidad (BCIE - 2280),53,"Construccion del Centro Territorial de Politicas de Genero y Diversidad en la ciudad de Rio Gallegos, provincia de Santa Cruz  (",2024-07-01 00:00:00
2023,386,18,Formulacion de Politicas contra la Violencia por Razones de Genero (PPG),0,Formulacion de Politicas contra la Violencia por Razones de Genero (PPG),15,Construccion Centros Territoriales de Politicas de Genero y Diversidad (BCIE - 2280),0,Construccion Centros Territoriales de Politicas de Genero y Diversidad (BCIE - 2280),61,"Construccion del Centro Territorial de Politicas de Genero y Diversidad en la ciudad de Moron, provincia de Buenos Aires (BCIE -",2024-07-01 00:00:00
2023,386,18,Formulacion de Politicas contra la Violencia por Razones de Genero (PPG),0,Formulacion de Politicas contra la Violencia por Razones de Genero (PPG),15,Construccion Centros Territoriales de Politicas de Genero y Diversidad (BCIE - 2280),0,Construccion Centros Territoriales de Politicas de Genero y Diversidad (BCIE - 2280),63,"Construccion del Centro Territorial de Politicas de Genero y Diversidad en la ciudad de Comodoro Rivadavia, provincia de Chubut",2024-07-01 00:00:00
2023,386,18,Formulacion de Politicas contra la Violencia por Razones de Genero (PPG),0,Formulacion de Politicas contra la Violencia por Razones de Genero (PPG),15,Construccion Centros Territoriales de Politicas de Genero y Diversidad (BCIE - 2280),0,Construccion Centros Territoriales de Politicas de Genero y Diversidad (BCIE - 2280),65,"Construccion del Centro Territorial de Politicas de Genero y Diversidad en la ciudad de Gral. Roca, provincia de Rio Negro  (BCI",2024-07-01 00:00:00
2023,386,19,Formulacion de Politicas de Igualdad y Diversidad (PPG),0,Formulacion de Politicas de Igualdad y Diversidad (PPG),0,Formulacion de Politicas de Igualdad y Diversidad (PPG),1,Direccion y Conduccion (PPG),0,Formulacion de Politicas de Igualdad y Diversidad (PPG),2024-07-01 00:00:00
2023,386,19,Formulacion de Politicas de Igualdad y Diversidad (PPG),0,Formulacion de Politicas de Igualdad y Diversidad (PPG),0,Formulacion de Politicas de Igualdad y Diversidad (PPG),2,Politicas de Igualdad y Diversidad (PPG),0,Formulacion de Politicas de Igualdad y Diversidad (PPG),2024-07-01 00:00:00
2023,386,19,Formulacion de Politicas de Igualdad y Diversidad (PPG),0,Formulacion de Politicas de Igualdad y Diversidad (PPG),0,Formulacion de Politicas de Igualdad y Diversidad (PPG),4,Acciones del Programa GENERAR vinculadas a Igualdad y Diversidad (PPG),0,Formulacion de Politicas de Igualdad y Diversidad (PPG),2024-07-01 00:00:00
2023,386,19,Formulacion de Politicas de Igualdad y Diversidad (PPG),0,Formulacion de Politicas de Igualdad y Diversidad (PPG),0,Formulacion de Politicas de Igualdad y Diversidad (PPG),5,"Acciones de Ayuda Urgente para Travestis, Transexuales y Transgenero (PPG)",0,Formulacion de Politicas de Igualdad y Diversidad (PPG),2024-07-01 00:00:00
2023,386,20,"Acciones de Formacion, Investigacion y Politicas Culturales para la Igualdad (PPG)",0,"Acciones de Formacion, Investigacion y Politicas Culturales para la Igualdad (PPG)",0,"Acciones de Formacion, Investigacion y Politicas Culturales para la Igualdad (PPG)",1,Direccion y Conduccion (PPG),0,"Acciones de Formacion, Investigacion y Politicas Culturales para la Igualdad (PPG)",2024-07-01 00:00:00
2023,386,20,"Acciones de Formacion, Investigacion y Politicas Culturales para la Igualdad (PPG)",0,"Acciones de Formacion, Investigacion y Politicas Culturales para la Igualdad (PPG)",0,"Acciones de Formacion, Investigacion y Politicas Culturales para la Igualdad (PPG)",2,"Formacion, Investigacion y Politicas Culturales para la Igualdad (PPG)",0,"Acciones de Formacion, Investigacion y Politicas Culturales para la Igualdad (PPG)",2024-07-01 00:00:00
2023,386,20,"Acciones de Formacion, Investigacion y Politicas Culturales para la Igualdad (PPG)",0,"Acciones de Formacion, Investigacion y Politicas Culturales para la Igualdad (PPG)",0,"Acciones de Formacion, Investigacion y Politicas Culturales para la Igualdad (PPG)",3,Fortalecimiento de Escuelas Populares en Tematicas de Genero (PPG),0,"Acciones de Formacion, Investigacion y Politicas Culturales para la Igualdad (PPG)",2024-07-01 00:00:00
2023,386,21,Apoyo a la Implementacion de Politicas de Genero (PPG),0,Apoyo a la Implementacion de Politicas de Genero (PPG),0,Apoyo a la Implementacion de Politicas de Genero (PPG),1,Acciones vinculadas al Programa GENERAR (PPG),0,Apoyo a la Implementacion de Politicas de Genero (PPG),2024-07-01 00:00:00
2023,386,21,Apoyo a la Implementacion de Politicas de Genero (PPG),0,Apoyo a la Implementacion de Politicas de Genero (PPG),0,Apoyo a la Implementacion de Politicas de Genero (PPG),2,Acciones vinculadas al Programa ARTICULAR (PPG),0,Apoyo a la Implementacion de Politicas de Genero (PPG),2024-07-01 00:00:00
2023,386,21,Apoyo a la Implementacion de Politicas de Genero (PPG),0,Apoyo a la Implementacion de Politicas de Genero (PPG),0,Apoyo a la Implementacion de Politicas de Genero (PPG),3,Acciones para la Implementacion de Politicas de Genero (PPG)  (AFD - CAR1034),0,Apoyo a la Implementacion de Politicas de Genero (PPG),2024-07-01 00:00:00
2023,386,21,Apoyo a la Implementacion de Politicas de Genero (PPG),0,Apoyo a la Implementacion de Politicas de Genero (PPG),0,Apoyo a la Implementacion de Politicas de Genero (PPG),4,Direccion y Conduccion (PPG),0,Apoyo a la Implementacion de Politicas de Genero (PPG),2024-07-01 00:00:00
2023,387,43,"Sistema Nacional de Prevencion de la Tortura y Otros Tratos o Penas Crueles, Inhumanos o Degradantes",0,"Sistema Nacional de Prevencion de la Tortura y Otros Tratos o Penas Crueles, Inhumanos o Degradantes",0,"Sistema Nacional de Prevencion de la Tortura y Otros Tratos o Penas Crueles, Inhumanos o Degradantes",1,"Sistema Nacional de Prevencion de la Tortura y Otros Tratos o Penas Crueles, Inhumanos o Degradantes",0,"Sistema Nacional de Prevencion de la Tortura y Otros Tratos o Penas Crueles, Inhumanos o Degradantes",2024-07-01 00:00:00
2023,450,16,Elaboracion y Actualizacion de Informacion Geoespacial y Cartografia Basica Nacional,0,Elaboracion y Actualizacion de Informacion Geoespacial y Cartografia Basica Nacional,0,Elaboracion y Actualizacion de Informacion Geoespacial y Cartografia Basica Nacional,6,"Definicion, Actualizacion y Mantenimiento de los Marcos de Referencia Geodesicos",0,Elaboracion y Actualizacion de Informacion Geoespacial y Cartografia Basica Nacional,2024-07-01 00:00:00
2023,450,16,Elaboracion y Actualizacion de Informacion Geoespacial y Cartografia Basica Nacional,0,Elaboracion y Actualizacion de Informacion Geoespacial y Cartografia Basica Nacional,0,Elaboracion y Actualizacion de Informacion Geoespacial y Cartografia Basica Nacional,7,Conduccion y Planeamiento,0,Elaboracion y Actualizacion de Informacion Geoespacial y Cartografia Basica Nacional,2024-07-01 00:00:00
2023,450,16,Elaboracion y Actualizacion de Informacion Geoespacial y Cartografia Basica Nacional,0,Elaboracion y Actualizacion de Informacion Geoespacial y Cartografia Basica Nacional,0,Elaboracion y Actualizacion de Informacion Geoespacial y Cartografia Basica Nacional,8,Produccion Cartografica,0,Elaboracion y Actualizacion de Informacion Geoespacial y Cartografia Basica Nacional,2024-07-01 00:00:00
2023,450,16,Elaboracion y Actualizacion de Informacion Geoespacial y Cartografia Basica Nacional,0,Elaboracion y Actualizacion de Informacion Geoespacial y Cartografia Basica Nacional,0,Elaboracion y Actualizacion de Informacion Geoespacial y Cartografia Basica Nacional,9,Servicios de Capacitacion en Ciencias Geograficas,0,Elaboracion y Actualizacion de Informacion Geoespacial y Cartografia Basica Nacional,2024-07-01 00:00:00
2023,452,16,Servicios de Meteorologia Nacional,0,Servicios de Meteorologia Nacional,0,Servicios de Meteorologia Nacional,2,Direccion y Administracion,0,Servicios de Meteorologia Nacional,2024-07-01 00:00:00
2023,452,16,Servicios de Meteorologia Nacional,0,Servicios de Meteorologia Nacional,0,Servicios de Meteorologia Nacional,3,Obtencion de Datos,0,Servicios de Meteorologia Nacional,2024-07-01 00:00:00
2023,452,16,Servicios de Meteorologia Nacional,0,Servicios de Meteorologia Nacional,0,Servicios de Meteorologia Nacional,4,Investigacion y Nuevas Tecnologias,0,Servicios de Meteorologia Nacional,2024-07-01 00:00:00
2023,452,16,Servicios de Meteorologia Nacional,0,Servicios de Meteorologia Nacional,0,Servicios de Meteorologia Nacional,5,"Planificacion, Sistemas, Redes y Comunicaciones",0,Servicios de Meteorologia Nacional,2024-07-01 00:00:00
2023,470,16,Prestaciones de Prevision Social,0,Prestaciones de Prevision Social,0,Prestaciones de Prevision Social,1,Atencion de Beneficiarios con Aportes,0,Prestaciones de Prevision Social,2024-07-01 00:00:00
2023,470,16,Prestaciones de Prevision Social,0,Prestaciones de Prevision Social,0,Prestaciones de Prevision Social,2,Apoyo Administrativo y Financiero,0,Prestaciones de Prevision Social,2024-07-01 00:00:00
2023,470,16,Prestaciones de Prevision Social,0,Prestaciones de Prevision Social,0,Prestaciones de Prevision Social,3,Atencion de Beneficiarios sin Aportes,0,Prestaciones de Prevision Social,2024-07-01 00:00:00
2023,602,16,Control y Fiscalizacion de la Oferta Publica,0,Control y Fiscalizacion de la Oferta Publica,0,Control y Fiscalizacion de la Oferta Publica,1,Control de la Oferta Publica de Titulos Valores y Agentes Intermediarios,0,Control y Fiscalizacion de la Oferta Publica,2024-07-01 00:00:00
2023,602,16,Control y Fiscalizacion de la Oferta Publica,0,Control y Fiscalizacion de la Oferta Publica,0,Control y Fiscalizacion de la Oferta Publica,2,Direccion y Conduccion,0,Control y Fiscalizacion de la Oferta Publica,2024-07-01 00:00:00
2023,603,16,Control y Fiscalizacion de la Actividad Aseguradora y Reaseguradora,0,Control y Fiscalizacion de la Actividad Aseguradora y Reaseguradora,0,Control y Fiscalizacion de la Actividad Aseguradora y Reaseguradora,1,Direccion Superior y Servicios de Apoyo,0,Control y Fiscalizacion de la Actividad Aseguradora y Reaseguradora,2024-07-01 00:00:00
2023,603,16,Control y Fiscalizacion de la Actividad Aseguradora y Reaseguradora,0,Control y Fiscalizacion de la Actividad Aseguradora y Reaseguradora,0,Control y Fiscalizacion de la Actividad Aseguradora y Reaseguradora,2,Servicios Administrativos,0,Control y Fiscalizacion de la Actividad Aseguradora y Reaseguradora,2024-07-01 00:00:00
2023,603,16,Control y Fiscalizacion de la Actividad Aseguradora y Reaseguradora,0,Control y Fiscalizacion de la Actividad Aseguradora y Reaseguradora,0,Control y Fiscalizacion de la Actividad Aseguradora y Reaseguradora,3,"Asesoria, Representacion y Patrocinio Legal",0,Control y Fiscalizacion de la Actividad Aseguradora y Reaseguradora,2024-07-01 00:00:00
2023,603,16,Control y Fiscalizacion de la Actividad Aseguradora y Reaseguradora,0,Control y Fiscalizacion de la Actividad Aseguradora y Reaseguradora,0,Control y Fiscalizacion de la Actividad Aseguradora y Reaseguradora,4,Estudios Economico-Financieros,0,Control y Fiscalizacion de la Actividad Aseguradora y Reaseguradora,2024-07-01 00:00:00
2023,603,16,Control y Fiscalizacion de la Actividad Aseguradora y Reaseguradora,0,Control y Fiscalizacion de la Actividad Aseguradora y Reaseguradora,0,Control y Fiscalizacion de la Actividad Aseguradora y Reaseguradora,5,Autorizacion para Operar en Seguros y Reaseguros,0,Control y Fiscalizacion de la Actividad Aseguradora y Reaseguradora,2024-07-01 00:00:00
2023,603,16,Control y Fiscalizacion de la Actividad Aseguradora y Reaseguradora,0,Control y Fiscalizacion de la Actividad Aseguradora y Reaseguradora,0,Control y Fiscalizacion de la Actividad Aseguradora y Reaseguradora,6,Evaluacion Economica del Mercado Asegurador,0,Control y Fiscalizacion de la Actividad Aseguradora y Reaseguradora,2024-07-01 00:00:00
2023,603,16,Control y Fiscalizacion de la Actividad Aseguradora y Reaseguradora,0,Control y Fiscalizacion de la Actividad Aseguradora y Reaseguradora,0,Control y Fiscalizacion de la Actividad Aseguradora y Reaseguradora,8,Fiscalizacion 'In Situ' de las Compañias Aseguradoras,0,Control y Fiscalizacion de la Actividad Aseguradora y Reaseguradora,2024-07-01 00:00:00
2023,603,16,Control y Fiscalizacion de la Actividad Aseguradora y Reaseguradora,0,Control y Fiscalizacion de la Actividad Aseguradora y Reaseguradora,0,Control y Fiscalizacion de la Actividad Aseguradora y Reaseguradora,10,Elaboracion Normas Tecnicas,0,Control y Fiscalizacion de la Actividad Aseguradora y Reaseguradora,2024-07-01 00:00:00
2023,603,16,Control y Fiscalizacion de la Actividad Aseguradora y Reaseguradora,0,Control y Fiscalizacion de la Actividad Aseguradora y Reaseguradora,0,Control y Fiscalizacion de la Actividad Aseguradora y Reaseguradora,11,Prevencion y Control del Lavado de Activos y del Financiamiento del Terrorismo,0,Control y Fiscalizacion de la Actividad Aseguradora y Reaseguradora,2024-07-01 00:00:00
2023,603,16,Control y Fiscalizacion de la Actividad Aseguradora y Reaseguradora,0,Control y Fiscalizacion de la Actividad Aseguradora y Reaseguradora,0,Control y Fiscalizacion de la Actividad Aseguradora y Reaseguradora,12,Liquidacion de Entidades Aseguradoras,0,Control y Fiscalizacion de la Actividad Aseguradora y Reaseguradora,2024-07-01 00:00:00
2023,603,16,Control y Fiscalizacion de la Actividad Aseguradora y Reaseguradora,0,Control y Fiscalizacion de la Actividad Aseguradora y Reaseguradora,0,Control y Fiscalizacion de la Actividad Aseguradora y Reaseguradora,13,Relaciones Institucionales Internas y Externas,0,Control y Fiscalizacion de la Actividad Aseguradora y Reaseguradora,2024-07-01 00:00:00
2023,604,1,Actividades Centrales,0,Actividades Centrales,0,Actividades Centrales,1,Conduccion Superior,0,Actividades Centrales,2024-07-01 00:00:00
2023,604,16,Ejecucion Obras de Mantenimiento y Rehabilitacion en Red por Administracion,1,Mantenimiento por Administracion y Atencion de Emergencias,0,Mantenimiento por Administracion y Atencion de Emergencias,2,Mantenimiento y Equipos - Regiones y Distritos,0,Mantenimiento por Administracion y Atencion de Emergencias,2024-07-01 00:00:00
2023,604,16,Ejecucion Obras de Mantenimiento y Rehabilitacion en Red por Administracion,1,Mantenimiento por Administracion y Atencion de Emergencias,1,Mantenimiento por Administracion y Atencion de Emergencias en Rutas Varias,0,Mantenimiento por Administracion y Atencion de Emergencias en Rutas Varias,51,Equipo Basico para el Desarrollo de Tareas de Mantenimiento Llevadas Adelante por los 24 Distritos de la Direccion Nacional de V,2024-07-01 00:00:00
2023,604,16,Ejecucion Obras de Mantenimiento y Rehabilitacion en Red por Administracion,1,Mantenimiento por Administracion y Atencion de Emergencias,2,Rutas Varias - Tramo Obras y Compra de Materiales para Seguridad Vial,0,Rutas Varias - Tramo Obras y Compra de Materiales para Seguridad Vial,51,Rutas Varias - Tramo Obras y Compra de Materiales para Seguridad Vial,2024-07-01 00:00:00
2023,604,16,Ejecucion Obras de Mantenimiento y Rehabilitacion en Red por Administracion,1,Mantenimiento por Administracion y Atencion de Emergencias,2,Rutas Varias - Tramo Obras y Compra de Materiales para Seguridad Vial,2,Fortalecimiento de Equipamiento para Rehabilitacion de Rutas Varias,0,Rutas Varias - Tramo Obras y Compra de Materiales para Seguridad Vial,2024-07-01 00:00:00
2023,604,16,Ejecucion Obras de Mantenimiento y Rehabilitacion en Red por Administracion,6,Mantenimiento por Sistema Modular,94,"Ruta Nacional N° 60, Tramo: Tinogasta - La Gruta, Seccion: Km. 1324,22 – Km. 1547,49",0,"Ruta Nacional N° 60, Tramo: Tinogasta - La Gruta, Seccion: Km. 1324,22 – Km. 1547,49",51,"Ruta Nacional N° 60, Tramo: Tinogasta - La Gruta, Seccion: Km. 1324,22 – Km. 1547,49",2024-07-01 00:00:00
2023,604,16,Ejecucion Obras de Mantenimiento y Rehabilitacion en Red por Administracion,8,Obras de Conservacion Mejorativas - Fase I,1,Rutas Varias - Obras menores de Conservacion Mejorativa,0,Rutas Varias - Obras menores de Conservacion Mejorativa,51,Obras menores de conservacion mejorativa. Nacional,2024-07-01 00:00:00
2023,604,16,Ejecucion Obras de Mantenimiento y Rehabilitacion en Red por Administracion,12,Obras de Conservacion Mejorativa - Fase IV,20,"CONSERVAC. MEJORATIVA:  Ruta: 237;  Tramo: P. DEL AGUILA - COLLON CURA;  Secc: KM 1498,20 (EA. CORRAL DE PIEDRA) - KM 1518,00 ;",0,"CONSERVAC. MEJORATIVA:  Ruta: 237;  Tramo: P. DEL AGUILA - COLLON CURA;  Secc: KM 1498,20 (EA. CORRAL DE PIEDRA) - KM 1518,00 ;",51,"CONSERVAC. MEJORATIVA:  Ruta: 237;  Tramo: P. DEL AGUILA - COLLON CURA;  Secc: KM 1498,20 (EA. CORRAL DE PIEDRA) - KM 1518,00 ;",2024-07-01 00:00:00
2023,604,16,Ejecucion Obras de Mantenimiento y Rehabilitacion en Red por Administracion,12,Obras de Conservacion Mejorativa - Fase IV,24,"Ruta Nacional Nº 25; Tramo: Las Plumas - Paso de Indios; Seccion: Km. 234,12 - Km. 313,52",0,"Ruta Nacional Nº 25; Tramo: Las Plumas - Paso de Indios; Seccion: Km. 234,12 - Km. 313,52",51,"Ruta Nacional Nº 25; Tramo: Las Plumas - Paso de Indios; Seccion: Km. 234,12 - Km. 313,52",2024-07-01 00:00:00
2023,604,16,Ejecucion Obras de Mantenimiento y Rehabilitacion en Red por Administracion,12,Obras de Conservacion Mejorativa - Fase IV,25,"Ruta Nacional Nº 3; Tramo: Empalme Ruta Provincial N° 27 - Limite Chubut/Santa Cruz; Seccion: Km.1.822,20 – km. 1.842,77; Provin",0,"Ruta Nacional Nº 3; Tramo: Empalme Ruta Provincial N° 27 - Limite Chubut/Santa Cruz; Seccion: Km.1.822,20 – km. 1.842,77; Provin",51,"Ruta Nacional Nº 3; Tramo: Empalme Ruta Provincial N° 27 - Limite Chubut/Santa Cruz; Seccion: Km.1.822,20 – km. 1.842,77; Provin",2024-07-01 00:00:00
2023,604,16,Ejecucion Obras de Mantenimiento y Rehabilitacion en Red por Administracion,12,Obras de Conservacion Mejorativa - Fase IV,26,"Conservac. Mejorativa:  Ruta: 1S40;  Tramo: Emp. R.P. N° 6 - Emp. R.N. N° 40 (Ex R.N. N° 258);  Secc: Km. 200,09 (Emp. R.P. N° 6",0,"Conservac. Mejorativa:  Ruta: 1S40;  Tramo: Emp. R.P. N° 6 - Emp. R.N. N° 40 (Ex R.N. N° 258);  Secc: Km. 200,09 (Emp. R.P. N° 6",51,"Conservac. Mejorativa:  Ruta: 1S40;  Tramo: Emp. R.P. N° 6 - Emp. R.N. N° 40 (Ex R.N. N° 258);  Secc: Km. 200,09 (Emp. R.P. N° 6",2024-07-01 00:00:00
2023,604,16,Ejecucion Obras de Mantenimiento y Rehabilitacion en Red por Administracion,12,Obras de Conservacion Mejorativa - Fase IV,27,"Ruta Nacional Nº 3;  Tramo: Limite Chubut/Santa Cruz - Caleta Olivia;  Seccion: Prog. Km. 1855,91 - Prog. Km. 1871,10, Prog. Km.",0,"Ruta Nacional Nº 3;  Tramo: Limite Chubut/Santa Cruz - Caleta Olivia;  Seccion: Prog. Km. 1855,91 - Prog. Km. 1871,10, Prog. Km.",51,"Ruta Nacional Nº 3;  Tramo: Limite Chubut/Santa Cruz - Caleta Olivia;  Seccion: Prog. Km. 1855,91 - Prog. Km. 1871,10, Prog. Km.",2024-07-01 00:00:00
2023,604,16,Ejecucion Obras de Mantenimiento y Rehabilitacion en Red por Administracion,12,Obras de Conservacion Mejorativa - Fase IV,29,"Ruta Nacional Nº 003;  Tramo: Tolhuin - Kosovo; Seccion: Km. 2949,94 - Km. 2974,42",0,"Ruta Nacional Nº 003;  Tramo: Tolhuin - Kosovo; Seccion: Km. 2949,94 - Km. 2974,42",51,"Ruta Nacional Nº 003;  Tramo: Tolhuin - Kosovo; Seccion: Km. 2949,94 - Km. 2974,42",2024-07-01 00:00:00
2023,604,16,Ejecucion Obras de Mantenimiento y Rehabilitacion en Red por Administracion,12,Obras de Conservacion Mejorativa - Fase IV,40,"Ruta Nacional N° 16, Tramo: Talavera - El Galpon, Seccion: Km. 574,33 - Km. 661,00",0,"Ruta Nacional N° 16, Tramo: Talavera - El Galpon, Seccion: Km. 574,33 - Km. 661,00",51,"Ruta Nacional N° 16, Tramo: Talavera - El Galpon, Seccion: Km. 574,33 - Km. 661,00",2024-07-01 00:00:00
2023,604,16,Ejecucion Obras de Mantenimiento y Rehabilitacion en Red por Administracion,12,Obras de Conservacion Mejorativa - Fase IV,41,"Conservacion Mejorativa, Ruta Nac. N° 16, Tramo: J.V.Gonzalez – Emp. R.N.N°9/34, Secion Ii: Km661,00 – Km707,25, Provincia de Sa",0,"Conservacion Mejorativa, Ruta Nac. N° 16, Tramo: J.V.Gonzalez – Emp. R.N.N°9/34, Secion Ii: Km661,00 – Km707,25, Provincia de Sa",51,"Conservacion Mejorativa, Ruta Nac. N° 16, Tramo: J.V.Gonzalez – Emp. R.N.N°9/34, Secion Ii: Km661,00 – Km707,25, Provincia de Sa",2024-07-01 00:00:00
2023,604,16,Ejecucion Obras de Mantenimiento y Rehabilitacion en Red por Administracion,12,Obras de Conservacion Mejorativa - Fase IV,42,"Ruta Nacional N° 52 , Tramo: Empalme Ruta Provincial Nº 70 – Limite con Chile, Seccion: Km.194,02 – Km. 257,06",0,"Ruta Nacional N° 52 , Tramo: Empalme Ruta Provincial Nº 70 – Limite con Chile, Seccion: Km.194,02 – Km. 257,06",51,"Ruta Nacional N° 52 , Tramo: Empalme Ruta Provincial Nº 70 – Limite con Chile, Seccion: Km.194,02 – Km. 257,06",2024-07-01 00:00:00
2023,604,16,Ejecucion Obras de Mantenimiento y Rehabilitacion en Red por Administracion,12,Obras de Conservacion Mejorativa - Fase IV,62,"CONSERVACION MEJORATIVA, RUTA NAC. N° 146, Tramo: LMIITE CON SAN LUIS /MENDOZA - MONTE COMAN, Secion: KM. 221,52 - KM. 278,00, P",0,"CONSERVACION MEJORATIVA, RUTA NAC. N° 146, Tramo: LMIITE CON SAN LUIS /MENDOZA - MONTE COMAN, Secion: KM. 221,52 - KM. 278,00, P",51,"CONSERVACION MEJORATIVA, RUTA NAC. N° 146, Tramo: LMIITE CON SAN LUIS /MENDOZA - MONTE COMAN, Secion: KM. 221,52 - KM. 278,00, P",2024-07-01 00:00:00
2023,604,16,Ejecucion Obras de Mantenimiento y Rehabilitacion en Red por Administracion,12,Obras de Conservacion Mejorativa - Fase IV,73,"Conservacion Mejorativa, Ruta Nac. 151, Tramo: Acc. Cipoletti - Lte/La Pampa, Seccion: Km. 3,40 - Km. 109,10, Provincia de Rio N",0,"Conservacion Mejorativa, Ruta Nac. 151, Tramo: Acc. Cipoletti - Lte/La Pampa, Seccion: Km. 3,40 - Km. 109,10, Provincia de Rio N",51,"Conservacion Mejorativa, Ruta Nac. 151, Tramo: Acc. Cipoletti - Lte/La Pampa, Seccion: Km. 3,40 - Km. 109,10, Provincia de Rio N",2024-07-01 00:00:00
2023,604,16,Ejecucion Obras de Mantenimiento y Rehabilitacion en Red por Administracion,13,Mantenimiento por Sistema Modular - Fase II,3,"Convenio TFO, Ruta Nacional N° 76, Tramo: Vinchina - Limite con Chile, Seccion: Km. 179,59 - Km. 377,21",0,"Convenio TFO, Ruta Nacional N° 76, Tramo: Vinchina - Limite con Chile, Seccion: Km. 179,59 - Km. 377,21",51,"Convenio TFO, Ruta Nacional N° 76, Tramo: Vinchina - Limite con Chile, Seccion: Km. 179,59 - Km. 377,21",2024-07-01 00:00:00
2023,604,16,Ejecucion Obras de Mantenimiento y Rehabilitacion en Red por Administracion,13,Mantenimiento por Sistema Modular - Fase II,4,"Sistema Modular de Mantenimiento, Ruta Nac. N°  188, Tramo: Emp. R.N.N° 33 - Int. R.N. N° 35, Secion: Km. 360,950 - Km. 478,900,",0,"Sistema Modular de Mantenimiento, Ruta Nac. N°  188, Tramo: Emp. R.N.N° 33 - Int. R.N. N° 35, Secion: Km. 360,950 - Km. 478,900,",51,"Sistema Modular de Mantenimiento, Ruta Nac. N°  188, Tramo: Emp. R.N.N° 33 - Int. R.N. N° 35, Secion: Km. 360,950 - Km. 478,900,",2024-07-01 00:00:00
2023,604,16,Ejecucion Obras de Mantenimiento y Rehabilitacion en Red por Administracion,13,Mantenimiento por Sistema Modular - Fase II,5,"Sistema Modular de Mantenimiento, Ruta Nac. N° 188, Tramo: San Nicolas - Pergamino, Secion: Km. 2,00 - Km. 71,87, Provincia de B",0,"Sistema Modular de Mantenimiento, Ruta Nac. N° 188, Tramo: San Nicolas - Pergamino, Secion: Km. 2,00 - Km. 71,87, Provincia de B",51,"Sistema Modular de Mantenimiento, Ruta Nac. N° 188, Tramo: San Nicolas - Pergamino, Secion: Km. 2,00 - Km. 71,87, Provincia de B",2024-07-01 00:00:00
2023,604,16,Ejecucion Obras de Mantenimiento y Rehabilitacion en Red por Administracion,13,Mantenimiento por Sistema Modular - Fase II,7,"Sistema Modular de Mantenimiento, Ruta Nac. N° 188, Tramo: Junin - Villegas, Secion: Km. 163,900 - 360,950, Provincia de Bs. As.",0,"Sistema Modular de Mantenimiento, Ruta Nac. N° 188, Tramo: Junin - Villegas, Secion: Km. 163,900 - 360,950, Provincia de Bs. As.",51,"Sistema Modular de Mantenimiento, Ruta Nac. N° 188, Tramo: Junin - Villegas, Secion: Km. 163,900 - 360,950, Provincia de Bs. As.",2024-07-01 00:00:00
2023,604,16,Ejecucion Obras de Mantenimiento y Rehabilitacion en Red por Administracion,21,Redes de Mantenimiento en el Distrito Buenos Aires,1,Red de Mantenimiento 1° Distrito - Buenos Aires - Malla A (M01A),0,Red de Mantenimiento 1° Distrito - Buenos Aires - Malla A (M01A),51,Red de Mantenimiento 1° Distrito - Buenos Aires - Malla A (M01A),2024-07-01 00:00:00
2023,604,16,Ejecucion Obras de Mantenimiento y Rehabilitacion en Red por Administracion,21,Redes de Mantenimiento en el Distrito Buenos Aires,10,"Ruta Nacional Nº A001 -  Acceso Sudeste - Seccion: Prog. 40,02 - Prog. 46,62. Triangulo de Bernal - Prox Calle Debenedetti - Ave",0,"Ruta Nacional Nº A001 -  Acceso Sudeste - Seccion: Prog. 40,02 - Prog. 46,62. Triangulo de Bernal - Prox Calle Debenedetti - Ave",51,"Ruta Nacional Nº A001 -  Acceso Sudeste - Seccion: Prog. 40,02 - Prog. 46,62. Triangulo de Bernal - Prox Calle Debenedetti - Ave",2024-07-01 00:00:00
2023,604,16,Ejecucion Obras de Mantenimiento y Rehabilitacion en Red por Administracion,22,Redes de Mantenimiento en el Distrito Cordoba,1,Red M02 A de Mantenimiento Por Administracion del Distrito Cordoba 'Proyecto Agrupado' (Pa),0,Red M02 A de Mantenimiento Por Administracion del Distrito Cordoba 'Proyecto Agrupado' (Pa),51,Red M02 A de Mantenimiento Por Administracion del Distrito Cordoba 'Proyecto Agrupado' (Pa),2024-07-01 00:00:00
2023,604,16,Ejecucion Obras de Mantenimiento y Rehabilitacion en Red por Administracion,23,Redes de Mantenimiento en el Distrito Tucuman,1,Red de Mantenimiento 3° Distrito - Tucuman - Malla A (M03A),0,Red de Mantenimiento 3° Distrito - Tucuman - Malla A (M03A),51,Red de Mantenimiento 3° Distrito - Tucuman - Malla A (M03A),2024-07-01 00:00:00
2023,604,16,Ejecucion Obras de Mantenimiento y Rehabilitacion en Red por Administracion,24,Redes de Mantenimiento en el Distrito Mendoza,1,Red de Mantenimiento 4° Distrito - Mendoza - Malla A (M04A),0,Red de Mantenimiento 4° Distrito - Mendoza - Malla A (M04A),51,Red de Mantenimiento 4° Distrito - Mendoza - Malla A (M04A),2024-07-01 00:00:00
2023,604,16,Ejecucion Obras de Mantenimiento y Rehabilitacion en Red por Administracion,25,Redes de Mantenimiento en el Distrito Salta,2,Red de Mantenimiento 5° Distrito - Salta - Malla B (M05B),0,Red de Mantenimiento 5° Distrito - Salta - Malla B (M05B),51,Red de Mantenimiento 5° Distrito - Salta - Malla B (M05B),2024-07-01 00:00:00
2023,604,16,Ejecucion Obras de Mantenimiento y Rehabilitacion en Red por Administracion,25,Redes de Mantenimiento en el Distrito Salta,4,Red de Mantenimiento 5° Distrito Salta - Malla D (M05D),0,Red de Mantenimiento 5° Distrito Salta - Malla D (M05D),51,Red de Mantenimiento 5° Distrito Salta - Malla D (M05D),2024-07-01 00:00:00
2023,604,16,Ejecucion Obras de Mantenimiento y Rehabilitacion en Red por Administracion,26,Redes de Mantenimiento en el Distrito Jujuy,11,"Conservacion de Rutina en Rutas Nacionales N° 40, N° 52, N° 9, N° 66, Tramos: L. SALTA / JUJUY - EMP.RN 9 (LA QUIACA) / LIMITE S",0,"Conservacion de Rutina en Rutas Nacionales N° 40, N° 52, N° 9, N° 66, Tramos: L. SALTA / JUJUY - EMP.RN 9 (LA QUIACA) / LIMITE S",51,"Conservacion de Rutina en Rutas Nacionales N° 40, N° 52, N° 9, N° 66, Tramos: L. SALTA / JUJUY - EMP.RN 9 (LA QUIACA) / LIMITE S",2024-07-01 00:00:00
2023,604,16,Ejecucion Obras de Mantenimiento y Rehabilitacion en Red por Administracion,27,Redes de Mantenimiento en el Distrito Santa Fe,3,Red de Mantenimiento 7° Distrito - Santa Fe - Malla C (M07C),0,Red de Mantenimiento 7° Distrito - Santa Fe - Malla C (M07C),51,Red de Mantenimiento 7° Distrito - Santa Fe - Malla C (M07C) (BID 2655),2024-07-01 00:00:00
2023,604,16,Ejecucion Obras de Mantenimiento y Rehabilitacion en Red por Administracion,29,Redes de Mantenimiento en el Distrito San Juan,11,"Transferencia de Funciones Operativas, Ruta Nacional N° 40 y Ruta Nacional N° 153, Tramo: Limite Mendoza/San Juan - San Juan Cap",0,"Transferencia de Funciones Operativas, Ruta Nacional N° 40 y Ruta Nacional N° 153, Tramo: Limite Mendoza/San Juan - San Juan Cap",51,"Transferencia de Funciones Operativas, Ruta Nacional N° 40 y Ruta Nacional N° 153, Tramo: Limite Mendoza/San Juan - San Juan Cap",2024-07-01 00:00:00
2023,604,16,Ejecucion Obras de Mantenimiento y Rehabilitacion en Red por Administracion,30,Redes de Mantenimiento en el Distrito Corrientes,11,"Obra por Sistema Modular sobre Ruta Nacional N° 119, Tramo: Emp. Ruta Nacional N° 14 - Emp. Ruta Nacional N° 123, Seccion: km. 0",0,"Obra por Sistema Modular sobre Ruta Nacional N° 119, Tramo: Emp. Ruta Nacional N° 14 - Emp. Ruta Nacional N° 123, Seccion: km. 0",51,"Obra por Sistema Modular sobre Ruta Nacional N° 119, Tramo: Emp. Ruta Nacional N° 14 - Emp. Ruta Nacional N° 123, Seccion: km. 0",2024-07-01 00:00:00
2023,604,16,Ejecucion Obras de Mantenimiento y Rehabilitacion en Red por Administracion,30,Redes de Mantenimiento en el Distrito Corrientes,12,"Reparacion de taludes de acceso al Intercambiador 4 Bocas, Tramo: Arroyo Curupicay - Emp R.N. N° 119 - R.N. N° 127. Provincia de",0,"Reparacion de taludes de acceso al Intercambiador 4 Bocas, Tramo: Arroyo Curupicay - Emp R.N. N° 119 - R.N. N° 127. Provincia de",51,"Reparacion de taludes de acceso al Intercambiador 4 Bocas, Tramo: Arroyo Curupicay - Emp R.N. N° 119 - R.N. N° 127. Provincia de",2024-07-01 00:00:00
2023,604,16,Ejecucion Obras de Mantenimiento y Rehabilitacion en Red por Administracion,33,Redes de Mantenimiento en el Distrito Chubut,1,Red de Mantenimiento 13° Distrito - Chubut - Malla A (M13A),0,Red de Mantenimiento 13° Distrito - Chubut - Malla A (M13A),51,Red de Mantenimiento 13° Distrito - Chubut - Malla A (M13A),2024-07-01 00:00:00
2023,604,16,Ejecucion Obras de Mantenimiento y Rehabilitacion en Red por Administracion,36,Redes de Mantenimiento en el Distrito Santiago del Estero,1,Red M16 A de Mantenimiento Por Administracion del Distrito Santiago del Estero 'Proyecto Agrupado' (Pa),0,Red M16 A de Mantenimiento Por Administracion del Distrito Santiago del Estero 'Proyecto Agrupado' (Pa),51,Red M16 A de Mantenimiento Por Administracion del Distrito Santiago del Estero 'Proyecto Agrupado' (Pa),2024-07-01 00:00:00
2023,604,16,Ejecucion Obras de Mantenimiento y Rehabilitacion en Red por Administracion,36,Redes de Mantenimiento en el Distrito Santiago del Estero,2,Red de Mantenimiento 16° Distrito - Santiago del Estero - Malla B (M16B),0,Red de Mantenimiento 16° Distrito - Santiago del Estero - Malla B (M16B),51,Red de Mantenimiento 16° Distrito - Santiago del Estero - Malla B (M16B),2024-07-01 00:00:00
2023,604,16,Ejecucion Obras de Mantenimiento y Rehabilitacion en Red por Administracion,37,Redes de Mantenimiento en el Distrito Entre Rios,1,Red de Mantenimiento 17° Distrito - Entre Rios - Malla A (M17A),0,Red de Mantenimiento 17° Distrito - Entre Rios - Malla A (M17A),51,Red de Mantenimiento 17° Distrito - Entre Rios - Malla A (M17A) (BID 2655),2024-07-01 00:00:00
2023,604,16,Ejecucion Obras de Mantenimiento y Rehabilitacion en Red por Administracion,38,Redes de Mantenimiento en el Distrito Chaco,1,Red de Mantenimiento 18° Distrito - Chaco - Malla A (M18A),0,Red de Mantenimiento 18° Distrito - Chaco - Malla A (M18A),51,Red de Mantenimiento 18° Distrito - Chaco - Malla A (M18A),2024-07-01 00:00:00
2023,604,16,Ejecucion Obras de Mantenimiento y Rehabilitacion en Red por Administracion,38,Redes de Mantenimiento en el Distrito Chaco,4,Red de Mantenimiento 18° Distrito - Chaco - Malla D (M18D),0,Red de Mantenimiento 18° Distrito - Chaco - Malla D (M18D),51,Red de Mantenimiento 18° Distrito - Chaco - Malla D (M18D),2024-07-01 00:00:00
2023,604,16,Ejecucion Obras de Mantenimiento y Rehabilitacion en Red por Administracion,42,Redes de Mantenimiento en el Distrito Formosa,16,"Conservacion Mejorativa Ruta Nacional N° 86, Tramo: Villa Gral. Guemes - Posta Cambio Zalazar, Seccion IV: Cabo 1° Lugones (Km 1",0,"Conservacion Mejorativa Ruta Nacional N° 86, Tramo: Villa Gral. Guemes - Posta Cambio Zalazar, Seccion IV: Cabo 1° Lugones (Km 1",51,"Conservacion Mejorativa Ruta Nacional N° 86, Tramo: Villa Gral. Guemes - Posta Cambio Zalazar, Seccion IV: Cabo 1° Lugones (Km 1",2024-07-01 00:00:00
2023,604,16,Ejecucion Obras de Mantenimiento y Rehabilitacion en Red por Administracion,43,Redes de Mantenimiento en el Distrito Santa Cruz,10,"Convenio TFO, Ruta Nacional N° 0003/0040/0281/0288/0293",0,"Convenio TFO, Ruta Nacional N° 0003/0040/0281/0288/0293",51,"Convenio TFO, Ruta Nacional N° 0003/0040/0281/0288/0293",2024-07-01 00:00:00
2023,604,16,Ejecucion Obras de Mantenimiento y Rehabilitacion en Red por Administracion,43,Redes de Mantenimiento en el Distrito Santa Cruz,15,"Mantenimiento de Rutina por T.F.O. (Transferencia de Funciones Operativas) en Rutas Nacionales RN 3, RN 40, RN 281, RN 288 y RN",0,"Mantenimiento de Rutina por T.F.O. (Transferencia de Funciones Operativas) en Rutas Nacionales RN 3, RN 40, RN 281, RN 288 y RN",51,"Mantenimiento de Rutina por T.F.O. (Transferencia de Funciones Operativas) en Rutas Nacionales RN 3, RN 40, RN 281, RN 288 y RN",2024-07-01 00:00:00
2023,604,16,Ejecucion Obras de Mantenimiento y Rehabilitacion en Red por Administracion,44,Redes de Mantenimiento en el Distrito Tierra del Fuego,11,"Mantenimiento de Rutina por T.F.O. (Transferencia de Funciones Operativas ) en Rutas Nacionales RN 24CA, RN 24 CB, RN 24 CI y RN",0,"Mantenimiento de Rutina por T.F.O. (Transferencia de Funciones Operativas ) en Rutas Nacionales RN 24CA, RN 24 CB, RN 24 CI y RN",51,"Mantenimiento de Rutina por T.F.O. (Transferencia de Funciones Operativas ) en Rutas Nacionales RN 24CA, RN 24 CB, RN 24 CI y RN",2024-07-01 00:00:00
2023,604,16,Ejecucion Obras de Mantenimiento y Rehabilitacion en Red por Administracion,45,Redes de Señalamiento Nacionales,9,"Señalamiento Horizontal. Rutas Nacionales, Provincias Santa Fe, Corrientes, Misiones y Entre Rios",0,"Señalamiento Horizontal. Rutas Nacionales, Provincias Santa Fe, Corrientes, Misiones y Entre Rios",51,"Señalamiento Horizontal. Rutas Nacionales, Provincias Santa Fe, Corrientes, Misiones y Entre Rios",2024-07-01 00:00:00
2023,604,16,Ejecucion Obras de Mantenimiento y Rehabilitacion en Red por Administracion,45,Redes de Señalamiento Nacionales,10,"Señalamiento Horizontal. Rutas Nacionales, Provincias de Tucuman, Salta, Jujuy, Catamarca, Chaco y Formosa",0,"Señalamiento Horizontal. Rutas Nacionales, Provincias de Tucuman, Salta, Jujuy, Catamarca, Chaco y Formosa",51,"Señalamiento Horizontal. Rutas Nacionales, Provincias de Tucuman, Salta, Jujuy, Catamarca, Chaco y Formosa",2024-07-01 00:00:00
2023,604,16,Ejecucion Obras de Mantenimiento y Rehabilitacion en Red por Administracion,45,Redes de Señalamiento Nacionales,11,"Señalamiento Horizontal. Rutas Nacionales, Provincias Chubut, Rio Negro, Santa Cruz y Tierra del Fuego Antartida e Islas del Atl",0,"Señalamiento Horizontal. Rutas Nacionales, Provincias Chubut, Rio Negro, Santa Cruz y Tierra del Fuego Antartida e Islas del Atl",51,"Señalamiento Horizontal. Rutas Nacionales, Provincias Chubut, Rio Negro, Santa Cruz y Tierra del Fuego Antartida e Islas del Atl",2024-07-01 00:00:00
2023,604,16,Ejecucion Obras de Mantenimiento y Rehabilitacion en Red por Administracion,45,Redes de Señalamiento Nacionales,12,"Señalamiento Horizontal. Rutas Nacionales, Provincias Buenos Aires, Mendoza, Neuquen, San Luis y La Pampa",0,"Señalamiento Horizontal. Rutas Nacionales, Provincias Buenos Aires, Mendoza, Neuquen, San Luis y La Pampa",51,"Señalamiento Horizontal. Rutas Nacionales, Provincias Buenos Aires, Mendoza, Neuquen, San Luis y La Pampa",2024-07-01 00:00:00
2023,604,16,Ejecucion Obras de Mantenimiento y Rehabilitacion en Red por Administracion,45,Redes de Señalamiento Nacionales,13,"Señalamiento Horizontal. Rutas Nacionales, Provincias Cordoba, La Rioja, San Juan y Santiago del Estero",0,"Señalamiento Horizontal. Rutas Nacionales, Provincias Cordoba, La Rioja, San Juan y Santiago del Estero",51,"Señalamiento Horizontal. Rutas Nacionales, Provincias Cordoba, La Rioja, San Juan y Santiago del Estero",2024-07-01 00:00:00
2023,604,16,Ejecucion Obras de Mantenimiento y Rehabilitacion en Red por Administracion,45,Redes de Señalamiento Nacionales,14,SEÑALAMIENTO HORIZONTAL Y VERTICAL Y ANEXAS ZONA 6 - CORREDORES VIALES,0,SEÑALAMIENTO HORIZONTAL Y VERTICAL Y ANEXAS ZONA 6 - CORREDORES VIALES,51,SEÑALAMIENTO HORIZONTAL Y VERTICAL Y ANEXAS ZONA 6 - CORREDORES VIALES,2024-07-01 00:00:00
2023,604,16,Ejecucion Obras de Mantenimiento y Rehabilitacion en Red por Administracion,45,Redes de Señalamiento Nacionales,15,SEÑALAMIENTO HORIZONTAL Y VERTICAL Y ANEXAS ZONA 7 - CORREDORES VIALES,0,SEÑALAMIENTO HORIZONTAL Y VERTICAL Y ANEXAS ZONA 7 - CORREDORES VIALES,51,SEÑALAMIENTO HORIZONTAL Y VERTICAL Y ANEXAS ZONA 7 - CORREDORES VIALES,2024-07-01 00:00:00
2023,604,16,Ejecucion Obras de Mantenimiento y Rehabilitacion en Red por Administracion,45,Redes de Señalamiento Nacionales,16,SEÑALAMIENTO VERTICAL AEREO EN TODO EL PAIS,0,SEÑALAMIENTO VERTICAL AEREO EN TODO EL PAIS,51,SEÑALAMIENTO VERTICAL AEREO EN TODO EL PAIS,2024-07-01 00:00:00
2023,604,22,Construcciones de Obras Viales fuera de la Red Vial Nacional,0,Construcciones de Obras Viales fuera de la Red Vial Nacional,0,Construcciones de Obras Viales fuera de la Red Vial Nacional,1,"Estudios, Proyectos y Supervision de Obras",0,Construcciones de Obras Viales fuera de la Red Vial Nacional,2024-07-01 00:00:00
2023,604,22,Construcciones de Obras Viales fuera de la Red Vial Nacional,3,Obras por Convenio con Provincias,0,Obras por Convenio con Provincias,40,Obras Por Transferencia a Provincias y Municipios,0,Obras por Convenio con Provincias,2024-07-01 00:00:00
2023,604,22,Construcciones de Obras Viales fuera de la Red Vial Nacional,3,Obras por Convenio con Provincias,0,Obras por Convenio con Provincias,49,Ejecucion de Obras de Infraestructura Vial Regional Etapa IV (CAF Nº 10703),0,Obras por Convenio con Provincias,2024-07-01 00:00:00
2023,604,22,Construcciones de Obras Viales fuera de la Red Vial Nacional,3,Obras por Convenio con Provincias,0,Obras por Convenio con Provincias,64,Ejecucion de Obras de Infraestructura Vial en el Norte Grande Etapa III (BID Nº 3050/OC-AR),0,Obras por Convenio con Provincias,2024-07-01 00:00:00
2023,604,22,Construcciones de Obras Viales fuera de la Red Vial Nacional,3,Obras por Convenio con Provincias,0,Obras por Convenio con Provincias,72,Ampliacion de Capacidad y Mejoras de Seguridad en Sistema Cristo Redentor (BID N° 4418/OC-AR),0,Obras por Convenio con Provincias,2024-07-01 00:00:00
2023,604,22,Construcciones de Obras Viales fuera de la Red Vial Nacional,3,Obras por Convenio con Provincias,0,Obras por Convenio con Provincias,73,Ejecucion de Obras de Infraestructura Vial Productiva III (BID 5378 OC-AR),0,Obras por Convenio con Provincias,2024-07-01 00:00:00
2023,604,22,Construcciones de Obras Viales fuera de la Red Vial Nacional,3,Obras por Convenio con Provincias,0,Obras por Convenio con Provincias,76,Segunda Operacion de Ampliacion de Capacidad y mejoras de Seguridad Vial en los Accesos al Paso Cristo Redentor (BID N° 4652/OC/,0,Obras por Convenio con Provincias,2024-07-01 00:00:00
2023,604,22,Construcciones de Obras Viales fuera de la Red Vial Nacional,9,Mejoramiento y Reposicion de Rutas - Fase II,37,Construccion de la Ruta Nacional Nº 60 - Tramo: Empalme Ruta Nacional Nº 9 - Lte.c/Catamarca. Cordoba.,0,Construccion de la Ruta Nacional Nº 60 - Tramo: Empalme Ruta Nacional Nº 9 - Lte.c/Catamarca. Cordoba.,51,Construccion de la Ruta Nacional Nº 60 - Tramo: Empalme Ruta Nacional Nº 9 - Lte.c/Catamarca. Cordoba.,2024-07-01 00:00:00
2023,604,22,Construcciones de Obras Viales fuera de la Red Vial Nacional,10,Mejoramiento y Reposicion de Rutas - Fase III,27,Ruta nacional N° A008 - Tramo Rio Parana  - Avda Pellegrini - Seccion Km. 0 - Km. 10.125 - Provincia Santa Fe,0,Ruta nacional N° A008 - Tramo Rio Parana  - Avda Pellegrini - Seccion Km. 0 - Km. 10.125 - Provincia Santa Fe,51,Ruta Nacional N° A008 - Tramo Rio Parana  - Avda Pellegrini - Seccion Km. 0 - Km. 10.125 - Provincia Santa Fe,2024-07-01 00:00:00
2023,604,26,Ejecucion Obras de Rehabilitacion y Mantenimiento en Red por Sistema de Gestion Integral,3,Contratos de Recuperacion y Mantenimiento III - CREMA III,6,Malla 113 - Obras de Recuperacion y Mantenimiento en Ruta Nacional N° 0040 - Provincia de Chubut (FONPLATA ARG-44/2019),0,Malla 113 - Obras de Recuperacion y Mantenimiento en Ruta Nacional N° 0040 - Provincia de Chubut (FONPLATA ARG-44/2019),51,Malla 113 - Obras de Recuperacion y Mantenimiento en Ruta Nacional Nº 0040 - Provincia de Chubut (FONPLATA ARG-44/2019),2024-07-01 00:00:00
2023,604,26,Ejecucion Obras de Rehabilitacion y Mantenimiento en Red por Sistema de Gestion Integral,3,Contratos de Recuperacion y Mantenimiento III - CREMA III,33,Malla 230 - Obras de Recuperacion y Mantenimiento en Ruta Nacional N° 0158 - Provincia de Cordoba (FONPLATA ARG-44/2019),0,Malla 230 - Obras de Recuperacion y Mantenimiento en Ruta Nacional N° 0158 - Provincia de Cordoba (FONPLATA ARG-44/2019),51,Malla 230 - Obras de Recuperacion y Mantenimiento en Ruta Nacional N° 0158 - Provincia de Cordoba (FONPLATA ARG-44/2019),2024-07-01 00:00:00
2023,604,26,Ejecucion Obras de Rehabilitacion y Mantenimiento en Red por Sistema de Gestion Integral,4,Contratos de Recuperacion y Mantenimiento IV - CREMA IV,12,Malla 506 - Obras de Recuperacion y Mantenimiento en Ruta Nacional N° 0127 - Provincia de Entre Rios (FONPLATA ARG-44/2019),0,Malla 506 - Obras de Recuperacion y Mantenimiento en Ruta Nacional N° 0127 - Provincia de Entre Rios (FONPLATA ARG-44/2019),51,Malla 506 - Obras de Recuperacion y Mantenimiento en Ruta Nacional N° 0127 - Provincia de Entre Rios (FONPLATA ARG-44/2019),2024-07-01 00:00:00
2023,604,26,Ejecucion Obras de Rehabilitacion y Mantenimiento en Red por Sistema de Gestion Integral,4,Contratos de Recuperacion y Mantenimiento IV - CREMA IV,19,"Malla 535 - Ruta Nacional Nº 0012, Tramo: Empalme  R.P.Nº 25 - Interseccion R.N.Nº 123 y Ruta R.N.Nº 0123, Tramo: Empalme  R.P.N",0,"Malla 535 - Ruta Nacional Nº 0012, Tramo: Empalme  R.P.Nº 25 - Interseccion R.N.Nº 123 y Ruta R.N.Nº 0123, Tramo: Empalme  R.P.N",51,"Malla 535 - Ruta Nacional Nº 0012, Tramo: Empalme  R.P.Nº 25 - Interseccion R.N.Nº 123 y Ruta R.N.Nº 0123, Tramo: Empalme  R.P.N",2024-07-01 00:00:00
2023,604,26,Ejecucion Obras de Rehabilitacion y Mantenimiento en Red por Sistema de Gestion Integral,4,Contratos de Recuperacion y Mantenimiento IV - CREMA IV,26,Malla 209A - Obras de Recuperacion y Mantenimiento en Ruta Nacional N° 0098 - Provincia de Santa Fe (FONPLATA ARG-44/2019),0,Malla 209A - Obras de Recuperacion y Mantenimiento en Ruta Nacional N° 0098 - Provincia de Santa Fe (FONPLATA ARG-44/2019),51,Malla 209A - Obras de Recuperacion y Mantenimiento en Ruta Nacional N° 0098 - Provincia de Santa Fe (FONPLATA ARG-44/2019),2024-07-01 00:00:00
2023,604,26,Ejecucion Obras de Rehabilitacion y Mantenimiento en Red por Sistema de Gestion Integral,4,Contratos de Recuperacion y Mantenimiento IV - CREMA IV,37,Rehabilitacion y Mantenimiento de la Malla 536 - I en la RN Nº 89; Tramo: Malla 536 - I; Seccion: Emp. RN Nº 16 - Emp. RP Nº 13.,0,Rehabilitacion y Mantenimiento de la Malla 536 - I en la RN Nº 89; Tramo: Malla 536 - I; Seccion: Emp. RN Nº 16 - Emp. RP Nº 13.,51,Rehabilitacion y Mantenimiento de la Malla 536 - I en la RN Nº 89; Tramo: Malla 536 - I; Seccion: Emp. RN Nº 16 - Emp. RP Nº 13.,2024-07-01 00:00:00
2023,604,26,Ejecucion Obras de Rehabilitacion y Mantenimiento en Red por Sistema de Gestion Integral,4,Contratos de Recuperacion y Mantenimiento IV - CREMA IV,39,Malla 630 - Obras de Recuperacion y Mantenimiento en Ruta Nacional N° 0025 - Provincia de Chubut,0,Malla 630 - Obras de Recuperacion y Mantenimiento en Ruta Nacional N° 0025 - Provincia de Chubut,51,Malla 630 - Obras de Recuperacion y Mantenimiento en Ruta Nacional N° 0025 - Provincia de Chubut,2024-07-01 00:00:00
2023,604,26,Ejecucion Obras de Rehabilitacion y Mantenimiento en Red por Sistema de Gestion Integral,4,Contratos de Recuperacion y Mantenimiento IV - CREMA IV,72,Malla 137 - Ruta Nacional Nº 0151 - Provincia de La Pampa,0,Malla 137 - Ruta Nacional Nº 0151 - Provincia de La Pampa,51,Malla 137 - Ruta Nacional Nº 0151 - Provincia de La Pampa,2024-07-01 00:00:00
2023,604,26,Ejecucion Obras de Rehabilitacion y Mantenimiento en Red por Sistema de Gestion Integral,4,Contratos de Recuperacion y Mantenimiento IV - CREMA IV,77,Malla 409A - Obras de Recuperacion y Mantenimiento en Ruta Nacional Nº 0157 - Provincia de Tucuman  (BID 3050),0,Malla 409A - Obras de Recuperacion y Mantenimiento en Ruta Nacional Nº 0157 - Provincia de Tucuman  (BID 3050),51,Malla 409A - Obras de Recuperacion y Mantenimiento en Ruta Nacional Nº 0157 - Provincia de Tucuman  (BID 3050),2024-07-01 00:00:00
2023,604,26,Ejecucion Obras de Rehabilitacion y Mantenimiento en Red por Sistema de Gestion Integral,4,Contratos de Recuperacion y Mantenimiento IV - CREMA IV,80,Malla 235 - Ruta Nacional Nº 1V09 - Provincia de Santa Fe,0,Malla 235 - Ruta Nacional Nº 1V09 - Provincia de Santa Fe,51,Malla 235 - Ruta Nacional Nº 1V09 - Provincia de Santa Fe,2024-07-01 00:00:00
2023,604,26,Ejecucion Obras de Rehabilitacion y Mantenimiento en Red por Sistema de Gestion Integral,5,Contratos de Recuperacion y Mantenimiento V - CREMA V,3,Malla 117A - Obras de Recuperacion y Mantenimiento en Ruta Nacional N° 0035 - Provincia de La Pampa (FONPLATA ARG-44/2019),0,Malla 117A - Obras de Recuperacion y Mantenimiento en Ruta Nacional N° 0035 - Provincia de La Pampa (FONPLATA ARG-44/2019),51,Malla 117A - Obras de Recuperacion y Mantenimiento en Ruta Nacional N° 0035 - Provincia de La Pampa (FONPLATA ARG-44/2019),2024-07-01 00:00:00
2023,604,26,Ejecucion Obras de Rehabilitacion y Mantenimiento en Red por Sistema de Gestion Integral,5,Contratos de Recuperacion y Mantenimiento V - CREMA V,11,"Crema MALLA 408A - Obras de Recuperacion y Mantenimiento en Rutas: RN 0060, Tramo: Lte. Cordoba - Emp. RN 0157, Tramo: Int. RN60",0,"Crema MALLA 408A - Obras de Recuperacion y Mantenimiento en Rutas: RN 0060, Tramo: Lte. Cordoba - Emp. RN 0157, Tramo: Int. RN60",51,"Crema MALLA 408A - Obras de Recuperacion y Mantenimiento en Rutas: RN 0060, Tramo: Lte. Cordoba - Emp. RN 0157, Tramo: Int. RN60",2024-07-01 00:00:00
2023,604,26,Ejecucion Obras de Rehabilitacion y Mantenimiento en Red por Sistema de Gestion Integral,5,Contratos de Recuperacion y Mantenimiento V - CREMA V,13,Malla 408C - Obras de Recuperacion y Mantenimiento en Ruta Nacional N° 0060 - Provincia de Catamarca,0,Malla 408C - Obras de Recuperacion y Mantenimiento en Ruta Nacional N° 0060 - Provincia de Catamarca,51,Malla 408C - Obras de Recuperacion y Mantenimiento en Ruta Ruta Nacional Nº 0060 - Provincia de Catamarca,2024-07-01 00:00:00
2023,604,26,Ejecucion Obras de Rehabilitacion y Mantenimiento en Red por Sistema de Gestion Integral,5,Contratos de Recuperacion y Mantenimiento V - CREMA V,19,Malla 117B - Obras de Recuperacion y Mantenimiento en Ruta Nacional N° 0035 / Ruta Nacional N° 0188 - Provincia de La Pampa (FON,0,Malla 117B - Obras de Recuperacion y Mantenimiento en Ruta Nacional N° 0035 / Ruta Nacional N° 0188 - Provincia de La Pampa (FON,51,Malla 117B - Obras de Recuperacion y Mantenimiento en Ruta Nacional N° 0035 / Ruta Nacional N° 0188 - Provincia de La Pampa (FON,2024-07-01 00:00:00
2023,604,26,Ejecucion Obras de Rehabilitacion y Mantenimiento en Red por Sistema de Gestion Integral,5,Contratos de Recuperacion y Mantenimiento V - CREMA V,27,"Malla 441 - Ruta Ruta Nacional Nº 0038, Tramo: Inicio Circunvalacion Catamarca - Limite Catamarca/Tucuman  - Provincia de Catama",0,"Malla 441 - Ruta Ruta Nacional Nº 0038, Tramo: Inicio Circunvalacion Catamarca - Limite Catamarca/Tucuman  - Provincia de Catama",51,"Malla 441 - Ruta Ruta Nacional Nº 0038, Tramo: Inicio Circunvalacion Catamarca - Limite Catamarca/Tucuman  - Provincia de Catama",2024-07-01 00:00:00
2023,604,26,Ejecucion Obras de Rehabilitacion y Mantenimiento en Red por Sistema de Gestion Integral,5,Contratos de Recuperacion y Mantenimiento V - CREMA V,36,"Malla 513C - Ruta Nacional Nº 0012, Tramo: Acceso Galarza - Interseccion Ruta Provincial Nº 32, Provincia de Entre Rios (BID5378",0,"Malla 513C - Ruta Nacional Nº 0012, Tramo: Acceso Galarza - Interseccion Ruta Provincial Nº 32, Provincia de Entre Rios (BID5378",51,"Malla 513C - Ruta Nacional Nº 0012, Tramo: Acceso Galarza - Interseccion Ruta Provincial Nº 32, Provincia de Entre Rios (BID5378",2024-07-01 00:00:00
2023,604,26,Ejecucion Obras de Rehabilitacion y Mantenimiento en Red por Sistema de Gestion Integral,5,Contratos de Recuperacion y Mantenimiento V - CREMA V,56,Malla 544 - Obras de Recuperacion y Mantenimiento en Ruta Nacional Nº 0011 / Ruta Nacional NºA011 - Provincia de Formosa,0,Malla 544 - Obras de Recuperacion y Mantenimiento en Ruta Nacional Nº 0011 / Ruta Nacional NºA011 - Provincia de Formosa,51,Malla 544 - Obras de Recuperacion y Mantenimiento en Ruta Nacional Nº 0011 / Ruta Nacional NºA011 - Provincia de Formosa,2024-07-01 00:00:00
2023,604,26,Ejecucion Obras de Rehabilitacion y Mantenimiento en Red por Sistema de Gestion Integral,5,Contratos de Recuperacion y Mantenimiento V - CREMA V,58,"Malla 406 - Ruta Nacional N° 34 y 50 - San Pedro de Jujuy Km. 1195,8 - Empalme Ruta Nacional N° 50 Km. 1329.12 y Empalme Ruta Na",0,"Malla 406 - Ruta Nacional N° 34 y 50 - San Pedro de Jujuy Km. 1195,8 - Empalme Ruta Nacional N° 50 Km. 1329.12 y Empalme Ruta Na",51,"Malla 406 - Ruta Nacional N° 34 y 50 - San Pedro de Jujuy Km. 1195,8 - Empalme Ruta Nacional N° 50 Km. 1329.12 y Empalme Ruta Na",2024-07-01 00:00:00
2023,604,26,Ejecucion Obras de Rehabilitacion y Mantenimiento en Red por Sistema de Gestion Integral,5,Contratos de Recuperacion y Mantenimiento V - CREMA V,61,Malla 431A - Obras de Recuperacion y Mantenimiento en Ruta Nacional Nº 0034 - Provincia de Santiago del Estero  (BID 3050),0,Malla 431A - Obras de Recuperacion y Mantenimiento en Ruta Nacional Nº 0034 - Provincia de Santiago del Estero  (BID 3050),51,Malla 431A - Obras de Recuperacion y Mantenimiento en Ruta Nacional Nº 0034 - Provincia de Santiago del Estero  (BID 3050),2024-07-01 00:00:00
2023,604,26,Ejecucion Obras de Rehabilitacion y Mantenimiento en Red por Sistema de Gestion Integral,5,Contratos de Recuperacion y Mantenimiento V - CREMA V,62,Malla 431B - Obras de Recuperacion y Mantenimiento en Ruta Nacional Nº 0034 - Provincia de Salta  (BID 3050),0,Malla 431B - Obras de Recuperacion y Mantenimiento en Ruta Nacional Nº 0034 - Provincia de Salta  (BID 3050),51,Malla 431B - Obras de Recuperacion y Mantenimiento en Ruta Nacional Nº 0034 - Provincia de Salta  (BID 3050),2024-07-01 00:00:00
2023,604,26,Ejecucion Obras de Rehabilitacion y Mantenimiento en Red por Sistema de Gestion Integral,5,Contratos de Recuperacion y Mantenimiento V - CREMA V,64,Malla 237 - Obras de Recuperacion y Mantenimiento en Ruta Nacional N° 0033 - Provincia de Buenos Aires (FONPLATA ARG-44/2019),0,Malla 237 - Obras de Recuperacion y Mantenimiento en Ruta Nacional N° 0033 - Provincia de Buenos Aires (FONPLATA ARG-44/2019),51,Malla 237 - Obras de Recuperacion y Mantenimiento en Ruta Nacional N° 0033 - Provincia de Buenos Aires (FONPLATA ARG-44/2019),2024-07-01 00:00:00
2023,604,26,Ejecucion Obras de Rehabilitacion y Mantenimiento en Red por Sistema de Gestion Integral,5,Contratos de Recuperacion y Mantenimiento V - CREMA V,77,"Crema MALLA 206 - Obras de Recuperacion y Mantenimiento en Ruta RN 0022, Tramo: EMP. RN 3 – LTE. LA PAMPA/RIO NEGRO, Provincia d",0,"Crema MALLA 206 - Obras de Recuperacion y Mantenimiento en Ruta RN 0022, Tramo: EMP. RN 3 – LTE. LA PAMPA/RIO NEGRO, Provincia d",51,"Crema MALLA 206 - Obras de Recuperacion y Mantenimiento en Ruta RN 0022, Tramo: EMP. RN 3 – LTE. LA PAMPA/RIO NEGRO, Provincia d",2024-07-01 00:00:00
2023,604,26,Ejecucion Obras de Rehabilitacion y Mantenimiento en Red por Sistema de Gestion Integral,5,Contratos de Recuperacion y Mantenimiento V - CREMA V,90,Crema MALLA RN11D - Obras de Recuperacion y Mantenimiento en Ruta RN 0011 - Provincia de Chaco,0,Crema MALLA RN11D - Obras de Recuperacion y Mantenimiento en Ruta RN 0011 - Provincia de Chaco,51,Crema MALLA RN11D - Obras de Recuperacion y Mantenimiento en Ruta RN 0011 - Provincia de Chaco,2024-07-01 00:00:00
2023,604,26,Ejecucion Obras de Rehabilitacion y Mantenimiento en Red por Sistema de Gestion Integral,6,CREMA VI - Gestion Integral de Mantenimiento (GIM),14,"Crema MALLA 313B - Obras de Recup y Mant en Rutas: RN 0040, Tramo: RN 143 (Pareditas) -  Tunuyan y Ruta RN 0143, (BID 4652)",0,"Crema MALLA 313B - Obras de Recup y Mant en Rutas: RN 0040, Tramo: RN 143 (Pareditas) -  Tunuyan y Ruta RN 0143, (BID 4652)",51,"Crema MALLA 313B - Obras de Recup y Mant en Rutas: RN 0040, Tramo: RN 143 (Pareditas) -  Tunuyan y Ruta RN 0143, (BID 4652)",2024-07-01 00:00:00
2023,604,26,Ejecucion Obras de Rehabilitacion y Mantenimiento en Red por Sistema de Gestion Integral,6,CREMA VI - Gestion Integral de Mantenimiento (GIM),16,"Malla 401B - Ruta Nacional Nº 0068, Tramo: Talapampa- Rio Ancho (Pte) y Ruta R.N.Nº 0051, Tramo: Aeropuerto El Aybal - Campo Qui",0,"Malla 401B - Ruta Nacional Nº 0068, Tramo: Talapampa- Rio Ancho (Pte) y Ruta R.N.Nº 0051, Tramo: Aeropuerto El Aybal - Campo Qui",51,"Malla 401B - Ruta Nacional Nº 0068, Tramo: Talapampa- Rio Ancho (Pte) y Ruta R.N.Nº 0051, Tramo: Aeropuerto El Aybal - Campo Qui",2024-07-01 00:00:00
2023,604,26,Ejecucion Obras de Rehabilitacion y Mantenimiento en Red por Sistema de Gestion Integral,6,CREMA VI - Gestion Integral de Mantenimiento (GIM),28,"Malla 236 - Rutas R.N.I V09, Tramo:  Bell Ville - Pilar  -  Provincia de Cordoba",0,"Malla 236 - Rutas R.N.I V09, Tramo:  Bell Ville - Pilar  -  Provincia de Cordoba",51,"Malla 236 - Rutas R.N.I V09, Tramo:  Bell Ville - Pilar  -  Provincia de Cordoba",2024-07-01 00:00:00
2023,604,40,"Ejecucion de Obras, Operacion y Mantenimiento en Corredores Viales",3,Obras de Infraestructura y Seguridad en Corredor Vial III,2,Obras de refuerzo de infraestructura en Ruta Nacional N° 7 (Corredor Vial III),0,Obras de refuerzo de infraestructura en Ruta Nacional N° 7 (Corredor Vial III),51,Obras de refuerzo de infraestructura en Ruta Nacional N° 7 (Corredor Vial III),2024-07-01 00:00:00
2023,604,40,"Ejecucion de Obras, Operacion y Mantenimiento en Corredores Viales",6,Obras de Infraestructura y Seguridad en Corredor Vial VI,1,Obra de Seguridad en RNN° 16 - Corredor Vial VI,0,Obra de Seguridad en RNN° 16 - Corredor Vial VI,51,Construccion de Obras de Seguridad Acceso A Localidades // Rn 0012 // Tramo: C6-14 Puerto Rico - Montecarlo // Seccion: Acceso A,2024-07-01 00:00:00
2023,604,40,"Ejecucion de Obras, Operacion y Mantenimiento en Corredores Viales",11,Obras en Corredores Viales con Participacion Publico Privada (PPP),1,"Construccion de Autopistas, Rutas Seguras, Rehabilitacion, Mantenimiento, Operacion y Financiacion de Rutas Nacionales Nº3 y 226",0,"Construccion de Autopistas, Rutas Seguras, Rehabilitacion, Mantenimiento, Operacion y Financiacion de Rutas Nacionales Nº3 y 226",51,"Construccion de Autopistas, Rutas Seguras, Rehabilitacion, Mantenimiento, Operacion y Financiacion de Rutas Nacionales Nº3 y 226",2024-07-01 00:00:00
2023,604,40,"Ejecucion de Obras, Operacion y Mantenimiento en Corredores Viales",11,Obras en Corredores Viales con Participacion Publico Privada (PPP),2,"Construccion de Autopistas, Rutas Seguras, Rehabilitacion, Mantenimiento, Operacion y Financiacion de Ruta Nacional Nº5 - Corred",0,"Construccion de Autopistas, Rutas Seguras, Rehabilitacion, Mantenimiento, Operacion y Financiacion de Ruta Nacional Nº5 - Corred",51,"Construccion de Autopistas, Rutas Seguras, Rehabilitacion, Mantenimiento, Operacion y Financiacion de Ruta Nacional Nº5 - Corred",2024-07-01 00:00:00
2023,604,40,"Ejecucion de Obras, Operacion y Mantenimiento en Corredores Viales",11,Obras en Corredores Viales con Participacion Publico Privada (PPP),3,"Construccion de Autopistas, Rutas Seguras, Rehabilitacion, Mantenimiento, Operacion y Financiacion de Ruta Nacional Nº7 - Corred",0,"Construccion de Autopistas, Rutas Seguras, Rehabilitacion, Mantenimiento, Operacion y Financiacion de Ruta Nacional Nº7 - Corred",51,"Construccion de Autopistas, Rutas Seguras, Rehabilitacion, Mantenimiento, Operacion y Financiacion de Ruta Nacional Nº7 - Corred",2024-07-01 00:00:00
2023,604,40,"Ejecucion de Obras, Operacion y Mantenimiento en Corredores Viales",11,Obras en Corredores Viales con Participacion Publico Privada (PPP),5,"Construccion de Autopistas, Rutas Seguras, Rehabilitacion, Mantenimiento, Operacion y Financiacion de Rutas Nacionales N° 9, A00",0,"Construccion de Autopistas, Rutas Seguras, Rehabilitacion, Mantenimiento, Operacion y Financiacion de Rutas Nacionales N° 9, A00",51,"Construccion de Autopistas, Rutas Seguras, Rehabilitacion, Mantenimiento, Operacion y Financiacion de Rutas Nacionales N° 9, A00",2024-07-01 00:00:00
2023,604,40,"Ejecucion de Obras, Operacion y Mantenimiento en Corredores Viales",11,Obras en Corredores Viales con Participacion Publico Privada (PPP),6,"Construccion de Autopistas, Rutas Seguras, Rehabilitacion, Mantenimiento, Operacion y Financiacion de Rutas Nacionales N° 9 y 33",0,"Construccion de Autopistas, Rutas Seguras, Rehabilitacion, Mantenimiento, Operacion y Financiacion de Rutas Nacionales N° 9 y 33",51,"Construccion de Autopistas, Rutas Seguras, Rehabilitacion, Mantenimiento, Operacion y Financiacion de Rutas Nacionales N° 9 y 33",2024-07-01 00:00:00
2023,604,40,"Ejecucion de Obras, Operacion y Mantenimiento en Corredores Viales",11,Obras en Corredores Viales con Participacion Publico Privada (PPP),11,"Construccion de Autopistas, Rutas Seguras, Rehabilitacion, Mantenimiento, Operacion y Financiacion de Ruta Nacional N° 3, 205, A",0,"Construccion de Autopistas, Rutas Seguras, Rehabilitacion, Mantenimiento, Operacion y Financiacion de Ruta Nacional N° 3, 205, A",51,"Construccion de Autopistas, Rutas Seguras, Rehabilitacion, Mantenimiento, Operacion y Financiacion de Ruta Nacional N° 3, 205, A",2024-07-01 00:00:00
2023,604,42,Construccion de Autopistas y Autovias,10,Fortalecimiento de la Red Autopistas Federales  - Plan Nacional Vial - Fase 1,2,Autopista Balbin,0,Autopista Balbin,51,Autopista Balbin,2024-07-01 00:00:00
2023,604,42,Construccion de Autopistas y Autovias,10,Fortalecimiento de la Red Autopistas Federales  - Plan Nacional Vial - Fase 1,3,Autopista Presidente Juan Domingo Peron.  Obra complementaria en Tramo 1 de la Autopista: Construccion de Distribuidor en Acceso,0,Autopista Presidente Juan Domingo Peron.  Obra complementaria en Tramo 1 de la Autopista: Construccion de Distribuidor en Acceso,51,Autopista Presidente Juan Domingo Peron,2024-07-01 00:00:00
2023,604,42,Construccion de Autopistas y Autovias,10,Fortalecimiento de la Red Autopistas Federales  - Plan Nacional Vial - Fase 1,4,Autopista Ruta Nacional N° 12 y Autovia Ruta Nacional N° 105 - Provincia de Misiones,0,Autopista Ruta Nacional N° 12 y Autovia Ruta Nacional N° 105 - Provincia de Misiones,51,Autopista Ruta Nacional Nº 12 Posadas - San Ignacio,2024-07-01 00:00:00
2023,604,42,Construccion de Autopistas y Autovias,10,Fortalecimiento de la Red Autopistas Federales  - Plan Nacional Vial - Fase 1,6,Autopista Ruta Nacional Nº 19 San Francisco - Cordoba (BID 3836 OC-AR),0,Autopista Ruta Nacional Nº 19 San Francisco - Cordoba (BID 3836 OC-AR),51,Autopista Ruta Nacional Nº 19 San Francisco - Cordoba -  Tramo: San Francisco - Cordoba   Secciones: Cañada Jeanmaire - Arroyito,2024-07-01 00:00:00
2023,604,42,Construccion de Autopistas y Autovias,10,Fortalecimiento de la Red Autopistas Federales  - Plan Nacional Vial - Fase 1,7,Autopista Ruta Nacional Nº 22 Chichinales - Arroyito,0,Autopista Ruta Nacional Nº 22 Chichinales - Arroyito,51,Autopista Ruta Nacional Nº 22 Chichinales - Cipolletti,2024-07-01 00:00:00
2023,604,42,Construccion de Autopistas y Autovias,10,Fortalecimiento de la Red Autopistas Federales  - Plan Nacional Vial - Fase 1,7,Autopista Ruta Nacional Nº 22 Chichinales - Arroyito,0,Autopista Ruta Nacional Nº 22 Chichinales - Arroyito,53,Autopista Ruta Nacional Nº 22 Neuquen - Plaza Huincul,2024-07-01 00:00:00
2023,604,42,Construccion de Autopistas y Autovias,10,Fortalecimiento de la Red Autopistas Federales  - Plan Nacional Vial - Fase 1,9,Autopista Ruta Nacional Nº 3 Puerto Madryn - Trelew,0,Autopista Ruta Nacional Nº 3 Puerto Madryn - Trelew,51,Autopista Ruta Nacional Nº 3 Puerto Madryn - Trelew,2024-07-01 00:00:00
2023,604,42,Construccion de Autopistas y Autovias,10,Fortalecimiento de la Red Autopistas Federales  - Plan Nacional Vial - Fase 1,10,Autopista Ruta Nacional Nº 33 El Cholo - Tornquist,0,Autopista Ruta Nacional Nº 33 El Cholo - Tornquist,51,Accesos a Bahia Blanca: Bahia Blanca - Tornquist,2024-07-01 00:00:00
2023,604,42,Construccion de Autopistas y Autovias,10,Fortalecimiento de la Red Autopistas Federales  - Plan Nacional Vial - Fase 1,11,"Construccion de colectoras en la Autopista Ruta Nacional N° 34 , tramo Emp. Ruta Nacional N° 19- Emp. Ruta Provincial N° 13 y va",0,"Construccion de colectoras en la Autopista Ruta Nacional N° 34 , tramo Emp. Ruta Nacional N° 19- Emp. Ruta Provincial N° 13 y va",51,Autopista Ruta Nacional Nº 34 Rosario - Sunchales (Construccion de 2° Calzada),2024-07-01 00:00:00
2023,604,42,Construccion de Autopistas y Autovias,10,Fortalecimiento de la Red Autopistas Federales  - Plan Nacional Vial - Fase 1,14,Autopistas Acceso San Juan,0,Autopistas Acceso San Juan,52,Corredor del Cuyo: Acceso Norte a San Juan,2024-07-01 00:00:00
2023,604,42,Construccion de Autopistas y Autovias,10,Fortalecimiento de la Red Autopistas Federales  - Plan Nacional Vial - Fase 1,15,Autopista Ruta Nacional Nº 40 Mendoza - San Juan,0,Autopista Ruta Nacional Nº 40 Mendoza - San Juan,51,Autopista Ruta Nacional Nº 40 Mendoza - San Juan: Tramo Mendoza - Jocoli,2024-07-01 00:00:00
2023,604,42,Construccion de Autopistas y Autovias,10,Fortalecimiento de la Red Autopistas Federales  - Plan Nacional Vial - Fase 1,18,"Construccion de colectoras en la Autopista Ruta Nacional N° 7 Lujan - Junin, tramo San Andres de Giles - Chacabuco, provincia de",0,"Construccion de colectoras en la Autopista Ruta Nacional N° 7 Lujan - Junin, tramo San Andres de Giles - Chacabuco, provincia de",51,Autopista Ruta Nacional Nº 7 Lujan - Junin - Duplicacion de Calzada,2024-07-01 00:00:00
2023,604,42,Construccion de Autopistas y Autovias,10,Fortalecimiento de la Red Autopistas Federales  - Plan Nacional Vial - Fase 1,20,"Construccion de colectoras y obras faltantes Autopista Ruta Nacional N° 8 Pilar - Pergamino, tramo 4, provincia de Buenos Aires.",0,"Construccion de colectoras y obras faltantes Autopista Ruta Nacional N° 8 Pilar - Pergamino, tramo 4, provincia de Buenos Aires.",51,Autopista Ruta Ncional Nº 8 Pilar - Pergamino (Construccion de 2° Calzada),2024-07-01 00:00:00
2023,604,42,Construccion de Autopistas y Autovias,10,Fortalecimiento de la Red Autopistas Federales  - Plan Nacional Vial - Fase 1,21,Autopista Ruta Nacional Nº 8 Rio Cuarto - Holmberg,0,Autopista Ruta Nacional Nº 8 Rio Cuarto - Holmberg,51,Autopista Ruta Nacional Nº 8 Rio Cuarto - Holmberg,2024-07-01 00:00:00
2023,604,42,Construccion de Autopistas y Autovias,10,Fortalecimiento de la Red Autopistas Federales  - Plan Nacional Vial - Fase 1,24,Autopista Ruta Nacional Nº 33 Rufino - San Eduardo,0,Autopista Ruta Nacional Nº 33 Rufino - San Eduardo,51,Autopista Ruta Nacional Nº 33 Rufino - San Eduardo,2024-07-01 00:00:00
2023,604,42,Construccion de Autopistas y Autovias,10,Fortalecimiento de la Red Autopistas Federales  - Plan Nacional Vial - Fase 1,25,Autovia Ruta Nacional Nº 11,0,Autovia Ruta Nacional Nº 11,51,"Corredor Ruta Nacional Nº 11 Resistencia - Formosa: Autovia R.N.Nº 11 Tramo: Limite c/Chaco (Km.1.103,16) - Empalme Ruta Naciona",2024-07-01 00:00:00
2023,604,42,Construccion de Autopistas y Autovias,10,Fortalecimiento de la Red Autopistas Federales  - Plan Nacional Vial - Fase 1,25,Autovia Ruta Nacional Nº 11,0,Autovia Ruta Nacional Nº 11,54,Corredor Ruta Nacional Nº 11 Resistencia - Formosa: Autovia R.N.Nº 11 Travesia Urbana Resistencia,2024-07-01 00:00:00
2023,604,42,Construccion de Autopistas y Autovias,10,Fortalecimiento de la Red Autopistas Federales  - Plan Nacional Vial - Fase 1,30,Corredor Neuquen - Añelo - Ruta Provincial N° 7 y Ruta Provincial N° 51,0,Corredor Neuquen - Añelo - Ruta Provincial N° 7 y Ruta Provincial N° 51,51,Acceso Norte a Neuquen,2024-07-01 00:00:00
2023,604,42,Construccion de Autopistas y Autovias,10,Fortalecimiento de la Red Autopistas Federales  - Plan Nacional Vial - Fase 1,31,Corredor NOA: Autopista RN 66  Acceso a Salta - San Pedro de Jujuy - Int. RN 1V66 - Int. RP 9.- GRUPO 3 (BIRF 8810),0,Corredor NOA: Autopista RN 66  Acceso a Salta - San Pedro de Jujuy - Int. RN 1V66 - Int. RP 9.- GRUPO 3 (BIRF 8810),52,Ruta Nacional N° 50 Tramo Pichanal San Roman de la Nueva Oran,2024-07-01 00:00:00
2023,604,42,Construccion de Autopistas y Autovias,10,Fortalecimiento de la Red Autopistas Federales  - Plan Nacional Vial - Fase 1,31,Corredor NOA: Autopista RN 66  Acceso a Salta - San Pedro de Jujuy - Int. RN 1V66 - Int. RP 9.- GRUPO 3 (BIRF 8810),0,Corredor NOA: Autopista RN 66  Acceso a Salta - San Pedro de Jujuy - Int. RN 1V66 - Int. RP 9.- GRUPO 3 (BIRF 8810),55,Corredor NOA: Ruta Nacional Nº 34 Rosario de la Frontera - Limite Salta/Jujuy (BIRF Nº 8810),2024-07-01 00:00:00
2023,604,42,Construccion de Autopistas y Autovias,10,Fortalecimiento de la Red Autopistas Federales  - Plan Nacional Vial - Fase 1,31,Corredor NOA: Autopista RN 66  Acceso a Salta - San Pedro de Jujuy - Int. RN 1V66 - Int. RP 9.- GRUPO 3 (BIRF 8810),0,Corredor NOA: Autopista RN 66  Acceso a Salta - San Pedro de Jujuy - Int. RN 1V66 - Int. RP 9.- GRUPO 3 (BIRF 8810),57,"Corredor NOA: Autopistas Rutas Nacionales Nº 34, 66 Y 1V66 Acceso a Salta - San Pedro de Jujuy - Seccion IV (BIRF 8810)",2024-07-01 00:00:00
2023,604,42,Construccion de Autopistas y Autovias,10,Fortalecimiento de la Red Autopistas Federales  - Plan Nacional Vial - Fase 1,31,Corredor NOA: Autopista RN 66  Acceso a Salta - San Pedro de Jujuy - Int. RN 1V66 - Int. RP 9.- GRUPO 3 (BIRF 8810),0,Corredor NOA: Autopista RN 66  Acceso a Salta - San Pedro de Jujuy - Int. RN 1V66 - Int. RP 9.- GRUPO 3 (BIRF 8810),58,Corredor NOA: Ruta Nacional Nº 34: Empalme R.N.N° 66 - Acceso Norte a San Pedro de Jujuy - Grupo 2 (BIRF 8810),2024-07-01 00:00:00
2023,604,42,Construccion de Autopistas y Autovias,10,Fortalecimiento de la Red Autopistas Federales  - Plan Nacional Vial - Fase 1,32,Corredor Ruta Nacional Nº 18 Parana - Concordia,0,Corredor Ruta Nacional Nº 18 Parana - Concordia,51,Corredor Ruta Nacional Nº 18 Parana - Concordia,2024-07-01 00:00:00
2023,604,42,Construccion de Autopistas y Autovias,10,Fortalecimiento de la Red Autopistas Federales  - Plan Nacional Vial - Fase 1,34,Travesia Urbana Corrientes,0,Travesia Urbana Corrientes,51,Travesia Urbana Corrientes,2024-07-01 00:00:00
2023,604,42,Construccion de Autopistas y Autovias,10,Fortalecimiento de la Red Autopistas Federales  - Plan Nacional Vial - Fase 1,35,Viaducto de Acceso al Puente de la Noria,0,Viaducto de Acceso al Puente de la Noria,51,Viaducto de Acceso al Puente de la Noria,2024-07-01 00:00:00
2023,604,42,Construccion de Autopistas y Autovias,10,Fortalecimiento de la Red Autopistas Federales  - Plan Nacional Vial - Fase 1,36,Sistema Cristo Redentor: Autopista Ruta Nacional Nº 7 Variante Palmira - Lujan de Cuyo (BID 4418 OC-AR),0,Sistema Cristo Redentor: Autopista Ruta Nacional Nº 7 Variante Palmira - Lujan de Cuyo (BID 4418 OC-AR),51,Sistema Cristo Redentor: Autopista Ruta Nacional Nº 7 Variante Palmira - Lujan de Cuyo (BID 4418 OC-AR),2024-07-01 00:00:00
2023,604,42,Construccion de Autopistas y Autovias,10,Fortalecimiento de la Red Autopistas Federales  - Plan Nacional Vial - Fase 1,41,Sistema Cristo Redentor: Autopista Ruta Nacional Nº 7 Tramo: Ruta Nacional Nº 40 - Aguas de Pizarro (BID Nº4652),0,Sistema Cristo Redentor: Autopista Ruta Nacional Nº 7 Tramo: Ruta Nacional Nº 40 - Aguas de Pizarro (BID Nº4652),51,Sistema Cristo Redentor: Autopista Ruta Nacional Nº 7 Tramo: Ruta Nacional Nº 40 - Aguas de Pizarro (BID Nº4652),2024-07-01 00:00:00
2023,604,42,Construccion de Autopistas y Autovias,10,Fortalecimiento de la Red Autopistas Federales  - Plan Nacional Vial - Fase 1,43,"Construccion de obras menores en  la Autopista Ruta Nacional N° 3 Comodoro Rivadavia - Caleta Olivia, Tramo Comodoro Rivadavia -",0,"Construccion de obras menores en  la Autopista Ruta Nacional N° 3 Comodoro Rivadavia - Caleta Olivia, Tramo Comodoro Rivadavia -",52,Autopista Ruta Nacional Nº 3 Comodoro Rivadavia - Caleta Olivia - Obras Faltantes; Tramo:Comodoro Rivadavia - Caleta Olivia  Sec,2024-07-01 00:00:00
2023,604,42,Construccion de Autopistas y Autovias,10,Fortalecimiento de la Red Autopistas Federales  - Plan Nacional Vial - Fase 1,43,"Construccion de obras menores en  la Autopista Ruta Nacional N° 3 Comodoro Rivadavia - Caleta Olivia, Tramo Comodoro Rivadavia -",0,"Construccion de obras menores en  la Autopista Ruta Nacional N° 3 Comodoro Rivadavia - Caleta Olivia, Tramo Comodoro Rivadavia -",54,Autopista R.N.3 Comodoro Rivadavia - Caleta Olivia - Obras Faltantes Tramo: Comodoro Rivadavia - Caleta Olivia  Seccion: Rada T,2024-07-01 00:00:00
2023,604,42,Construccion de Autopistas y Autovias,10,Fortalecimiento de la Red Autopistas Federales  - Plan Nacional Vial - Fase 1,45,"Construccion de Autopista en Variante Ruta Nacional N° 158, Tramo: Ruta Nacional N° 9 - Ruta Provincial N° 2, Seccion: Intercamb",0,"Construccion de Autopista en Variante Ruta Nacional N° 158, Tramo: Ruta Nacional N° 9 - Ruta Provincial N° 2, Seccion: Intercamb",51,"Construccion de Autopista en Variante Ruta Nacional N° 158, Tramo: Ruta Nacional N° 9 - Ruta Provincial N° 2, Seccion: Intercamb",2024-07-01 00:00:00
2023,604,42,Construccion de Autopistas y Autovias,10,Fortalecimiento de la Red Autopistas Federales  - Plan Nacional Vial - Fase 1,47,"Ampliacion de Capacidad, Autovia, Ruta Nacional N° 9, Tramo: TERMAS de RIO HONDO (Prog. 1208,483) – LTE. CON TUCUMAN (Prog. 1223",0,"Ampliacion de Capacidad, Autovia, Ruta Nacional N° 9, Tramo: TERMAS de RIO HONDO (Prog. 1208,483) – LTE. CON TUCUMAN (Prog. 1223",51,"Ampliacion de Capacidad, Autovia, Ruta Nacional N° 9, Tramo: TERMAS de RIO HONDO (Prog. 1208,483) – LTE. CON TUCUMAN (Prog. 1223",2024-07-01 00:00:00
2023,604,42,Construccion de Autopistas y Autovias,10,Fortalecimiento de la Red Autopistas Federales  - Plan Nacional Vial - Fase 1,47,"Ampliacion de Capacidad, Autovia, Ruta Nacional N° 9, Tramo: TERMAS de RIO HONDO (Prog. 1208,483) – LTE. CON TUCUMAN (Prog. 1223",0,"Ampliacion de Capacidad, Autovia, Ruta Nacional N° 9, Tramo: TERMAS de RIO HONDO (Prog. 1208,483) – LTE. CON TUCUMAN (Prog. 1223",52,"Acceso Sur A San Miguel de Tucuman, Ampliacion de Capacidad de La Ruta Nacional Nº 9,Tramo: A° Mista - Sm de Tucuman, Seccion: E",2024-07-01 00:00:00
2023,604,42,Construccion de Autopistas y Autovias,10,Fortalecimiento de la Red Autopistas Federales  - Plan Nacional Vial - Fase 1,49,"Construccion de Autopista; RN N° 5; Tramo: Mercedes - Inicio Variante Suipacha; Seccion: Km 104,00 - Km 124,00;  (CAF 11744)",0,"Construccion de Autopista; RN N° 5; Tramo: Mercedes - Inicio Variante Suipacha; Seccion: Km 104,00 - Km 124,00;  (CAF 11744)",51,"Construccion de Autopista; RN N° 5; Tramo: Mercedes - Inicio Variante Suipacha; Seccion: Km 104,00 - Km 124,00; (CAF 11744)",2024-07-01 00:00:00
2023,604,42,Construccion de Autopistas y Autovias,10,Fortalecimiento de la Red Autopistas Federales  - Plan Nacional Vial - Fase 1,50,"Construccion de Autopista, Ruta Nacional N° 3; Tramo: Fin Variante S. M. del Monte - Acc. Gorchs. Provincia de Buenos Aires.",0,"Construccion de Autopista, Ruta Nacional N° 3; Tramo: Fin Variante S. M. del Monte - Acc. Gorchs. Provincia de Buenos Aires.",51,"Construccion de Autopista, Ruta Nacional N° 3; Tramo: Fin Variante S. M. del Monte - Acc. Gorchs. Provincia de Buenos Aires.",2024-07-01 00:00:00
2023,604,42,Construccion de Autopistas y Autovias,10,Fortalecimiento de la Red Autopistas Federales  - Plan Nacional Vial - Fase 1,51,"Construccion de Autopista, Ruta Nacional N° 3, Tramo: Fin Variante Las Flores - Interseccion con RP N° 30, Provincia de Buenos A",0,"Construccion de Autopista, Ruta Nacional N° 3, Tramo: Fin Variante Las Flores - Interseccion con RP N° 30, Provincia de Buenos A",51,"Construccion de Autopista, Ruta Nacional N° 3, Tramo: Fin Variante Las Flores - Interseccion con RP N° 30, Provincia de Buenos A",2024-07-01 00:00:00
2023,604,42,Construccion de Autopistas y Autovias,10,Fortalecimiento de la Red Autopistas Federales  - Plan Nacional Vial - Fase 1,53,"Circunvalacion a Formosa, Ruta Nacional N° 11, Tramo: Limite con la provincia de Chaco - Empalme RN Nº 81, Seccion: KM 1178,00 -",0,"Circunvalacion a Formosa, Ruta Nacional N° 11, Tramo: Limite con la provincia de Chaco - Empalme RN Nº 81, Seccion: KM 1178,00 -",51,"Circunvalacion a Formosa, Ruta Nacional N° 11, Tramo: Limite con la provincia de Chaco - Empalme RN Nº 81, Seccion: KM 1178,00 -",2024-07-01 00:00:00
2023,604,42,Construccion de Autopistas y Autovias,10,Fortalecimiento de la Red Autopistas Federales  - Plan Nacional Vial - Fase 1,54,"Construccion de Autovia en Ruta Nacional N°105, Tramo: Empalme rotonda R.N.12 (By Pass) - Empalme Rotonda R.N. 14 (San Jose), Se",0,"Construccion de Autovia en Ruta Nacional N°105, Tramo: Empalme rotonda R.N.12 (By Pass) - Empalme Rotonda R.N. 14 (San Jose), Se",51,"Construccion de Autovia en Ruta Nacional N°105, Tramo: Empalme rotonda R.N.12 (By Pass) - Empalme Rotonda R.N. 14 (San Jose), Se",2024-07-01 00:00:00
2023,604,42,Construccion de Autopistas y Autovias,10,Fortalecimiento de la Red Autopistas Federales  - Plan Nacional Vial - Fase 1,55,"Duplicacion de calzada y pavimentacion de colectoras, Ex Ruta Nacional N° 8, Tramo: Circunvalacion - Acceso a Ciudad de Villa Me",0,"Duplicacion de calzada y pavimentacion de colectoras, Ex Ruta Nacional N° 8, Tramo: Circunvalacion - Acceso a Ciudad de Villa Me",51,"Duplicacion de calzada y pavimentacion de colectoras, Ex Ruta Nacional N° 8, Tramo: Circunvalacion - Acceso a Ciudad de Villa Me",2024-07-01 00:00:00
2023,604,42,Construccion de Autopistas y Autovias,10,Fortalecimiento de la Red Autopistas Federales  - Plan Nacional Vial - Fase 1,71,"Duplicacion de calzada en Ruta Nacional N° 34, Tramo: VARIANTE DE RAFAELA - EMPALME RUTA PROVINCIAL N° 13, Seccion: KM. 44+400 -",0,"Duplicacion de calzada en Ruta Nacional N° 34, Tramo: VARIANTE DE RAFAELA - EMPALME RUTA PROVINCIAL N° 13, Seccion: KM. 44+400 -",51,"Duplicacion de calzada en Ruta Nacional N° 34, Tramo: VARIANTE DE RAFAELA - EMPALME RUTA PROVINCIAL N° 13, Seccion: KM. 44+400 -",2024-07-01 00:00:00
2023,604,42,Construccion de Autopistas y Autovias,10,Fortalecimiento de la Red Autopistas Federales  - Plan Nacional Vial - Fase 1,87,"Duplicacion de calzada en Ruta Nacional N° 40, Tramo: Lte. Interprovincial Mendoza / San Juan - Int. Ruta Provincial N° 179 (Cal",0,"Duplicacion de calzada en Ruta Nacional N° 40, Tramo: Lte. Interprovincial Mendoza / San Juan - Int. Ruta Provincial N° 179 (Cal",51,"Duplicacion de calzada en Ruta Nacional N° 40, Tramo: Lte. Interprovincial Mendoza / San Juan - Int. Ruta Provincial N° 179 (Cal",2024-07-01 00:00:00
2023,604,43,Construccion de Rutas Seguras,10,Ruta Segura - Plan Nacional Vial - Fase 1,21,Sistema Cristo Redentor Ruta Segura Repavimentacion RN N° 7 Tramo: Aguas de Pizarro - Potrerillos. (BID 4418 OC-AR),0,Sistema Cristo Redentor Ruta Segura Repavimentacion RN N° 7 Tramo: Aguas de Pizarro - Potrerillos. (BID 4418 OC-AR),51,Sistema Cristo Redentor Ruta Segura Repavimentacion RN N° 7 Tramo: Aguas de Pizarro - Potrerillos. (BID 4418 OC-AR),2024-07-01 00:00:00
2023,604,43,Construccion de Rutas Seguras,10,Ruta Segura - Plan Nacional Vial - Fase 1,22,Construccion de la Ruta Nacional N° 18. Provincia de Entre Rios.,0,Construccion de la Ruta Nacional N° 18. Provincia de Entre Rios.,51,"Ruta Nacional N° 18. Tramo II: Colectoras Pavimentadas (Km.67,75) - Interseccion Ruta Provincial N° 20 (Km.135,60)",2024-07-01 00:00:00
2023,604,43,Construccion de Rutas Seguras,10,Ruta Segura - Plan Nacional Vial - Fase 1,22,Construccion de la Ruta Nacional N° 18. Provincia de Entre Rios.,0,Construccion de la Ruta Nacional N° 18. Provincia de Entre Rios.,52,"Ruta Nacional N° 18. Tramo III:  Interseccion Ruta Provincial Nº 20 ( Km.135,60) - Arroyo Sandoval (Km.166)",2024-07-01 00:00:00
2023,604,43,Construccion de Rutas Seguras,10,Ruta Segura - Plan Nacional Vial - Fase 1,24,"Obras de seguridad y repavimentacion de calzada existente; Ruta Nacional N° 7; Tramo: Junin - Vedia; Seccion: km 264,50 - km 311",0,"Obras de seguridad y repavimentacion de calzada existente; Ruta Nacional N° 7; Tramo: Junin - Vedia; Seccion: km 264,50 - km 311",51,"Obras de seguridad y repavimentacion de calzada existente; Ruta Nacional N° 7; Tramo: Junin - Vedia; Seccion: km 264,50 - km 311",2024-07-01 00:00:00
2023,604,43,Construccion de Rutas Seguras,10,Ruta Segura - Plan Nacional Vial - Fase 1,37,"Ruta Segura y Repavimentacion en Ruta Nacional N° 3, Tramo: Azul (Int. R.N.N° 226) - Coronel Dorrego, Seccion: Km. 550,00 – km.",0,"Ruta Segura y Repavimentacion en Ruta Nacional N° 3, Tramo: Azul (Int. R.N.N° 226) - Coronel Dorrego, Seccion: Km. 550,00 – km.",51,"Ruta Segura y Repavimentacion en Ruta Nacional N° 3, Tramo: Azul (Int. R.N.N° 226) - Coronel Dorrego, Seccion: Km. 550,00 – km.",2024-07-01 00:00:00
2023,604,44,Construccion de Tuneles y Puentes Grandes,10,Obras Especiales de Accesibilidad y Conectividad Vial - Plan Nacional Vial - Fase 1,3,Ensanche Ruta Nacional Nº 75 La Rioja - Los Sauces,0,Ensanche Ruta Nacional Nº 75 La Rioja - Los Sauces,51,Ensanche Ruta Nacional Nº 75 La Rioja - Los Sauces,2024-07-01 00:00:00
2023,604,44,Construccion de Tuneles y Puentes Grandes,10,Obras Especiales de Accesibilidad y Conectividad Vial - Plan Nacional Vial - Fase 1,4,Construccion de Defensas del Puente General Belgrano sobre Ruta Nacional 16. Provincia de Corrientes.,0,Construccion de Defensas del Puente General Belgrano sobre Ruta Nacional 16. Provincia de Corrientes.,51,Construccion de Defensas del Puente General Belgrano sobre Ruta Nacional 16. Provincia de Corrientes.,2024-07-01 00:00:00
2023,604,44,Construccion de Tuneles y Puentes Grandes,10,Obras Especiales de Accesibilidad y Conectividad Vial - Plan Nacional Vial - Fase 1,7,Ruta Segura Ruta Nacional Nº 40 Circunvalacion a Villa La Angostura,0,Ruta Segura Ruta Nacional Nº 40 Circunvalacion a Villa La Angostura,51,Ruta Segura Ruta Nacional Nº 40 Circunvalacion a Villa La Angostura,2024-07-01 00:00:00
2023,604,44,Construccion de Tuneles y Puentes Grandes,10,Obras Especiales de Accesibilidad y Conectividad Vial - Plan Nacional Vial - Fase 1,11,Sistema Cristo Redentor: Ruta Nacional Nº7  Tramo Potrerillos  - Uspallata. Provision e Instalacion de Sistemas de Proteccion co,0,Sistema Cristo Redentor: Ruta Nacional Nº7  Tramo Potrerillos  - Uspallata. Provision e Instalacion de Sistemas de Proteccion co,60,Sistema Cristo Redentor: Refuncionalizacion Integral del Paso Sistema Cristo Redentor: Tunel Caracoles y Galerias de Interconexi,2024-07-01 00:00:00
2023,604,45,Construccion de Rutas Nuevas y Obras de Pavimentacion,10,Obras de Pavimentacion - Plan Nacional Vial Fase 1,2,"Pavimentacion Vinculacion Ruta Nacional N° 12 con Av. Circunvalacion de Parana, Tramo: Puente S/A° Saucesito – Av. Almafuerte.",0,"Pavimentacion Vinculacion Ruta Nacional N° 12 con Av. Circunvalacion de Parana, Tramo: Puente S/A° Saucesito – Av. Almafuerte.",51,"Pavimentacion Vinculacion Ruta Nacional N° 12 con Av. Circunvalacion de Parana, Tramo: Puente S/A° Saucesito – Av. Almafuerte.",2024-07-01 00:00:00
2023,604,45,Construccion de Rutas Nuevas y Obras de Pavimentacion,10,Obras de Pavimentacion - Plan Nacional Vial Fase 1,14,Ruta Nacional N°150 - Iglesia- Agua Negra - Seccion: Las Flores - Peñasquito,0,Ruta Nacional N°150 - Iglesia- Agua Negra - Seccion: Las Flores - Peñasquito,51,Ruta Nacional N°150 - Iglesia- Agua Negra - Seccion: Las Flores - Peñasquito,2024-07-01 00:00:00
2023,604,45,Construccion de Rutas Nuevas y Obras de Pavimentacion,10,Obras de Pavimentacion - Plan Nacional Vial Fase 1,16,Pavimentacion Rn 23 - Valcheta - Sierra Colorada,0,Pavimentacion Rn 23 - Valcheta - Sierra Colorada,51,Pavimentacion Ruta Nacional Nº 23 - Los Menucos - Empalme Ruta Nacional N° 40,2024-07-01 00:00:00
2023,604,45,Construccion de Rutas Nuevas y Obras de Pavimentacion,10,Obras de Pavimentacion - Plan Nacional Vial Fase 1,23,Pavimentacion RN 51 Tramo: S A de los Cobres - P° de Sico   Seccion:  Campo Amarillo - P° de Sico -  Sub Seccion 2 - Provincia d,0,Pavimentacion RN 51 Tramo: S A de los Cobres - P° de Sico   Seccion:  Campo Amarillo - P° de Sico -  Sub Seccion 2 - Provincia d,53,Pavimentacion R.N.Nº 51 Tramo: San Antonio de los Cobres - P° de Sico - Seccion: Alto Chorrillos - Campo Amarillo -Prov. Salta (,2024-07-01 00:00:00
2023,604,45,Construccion de Rutas Nuevas y Obras de Pavimentacion,10,Obras de Pavimentacion - Plan Nacional Vial Fase 1,50,Ruta Nacional N° 76 - Tramo Quebrada Santo Domingo Pircas Negras - La Rioja,0,Ruta Nacional N° 76 - Tramo Quebrada Santo Domingo Pircas Negras - La Rioja,51,Ruta Nacional N° 76 - Tramo Quebrada Santo Domingo Pircas Negras - La Rioja,2024-07-01 00:00:00
2023,604,45,Construccion de Rutas Nuevas y Obras de Pavimentacion,10,Obras de Pavimentacion - Plan Nacional Vial Fase 1,51,Ruta Nacional N° 73,0,Ruta Nacional N° 73,51,"Ruta Nacional N° 73, Tramo: Los Cajones Anguinan; Seccion: Km. 0,00 (Pampa de la Viuda) Km. 21,60",2024-07-01 00:00:00
2023,604,45,Construccion de Rutas Nuevas y Obras de Pavimentacion,10,Obras de Pavimentacion - Plan Nacional Vial Fase 1,52,"Construccion Ruta Nacional Nº 260; Tramo: Empalme R.P. Nº 51 - Limite con Chile; Seccion I: Prog. 0,00 - Prog. 23,21. Provincia",0,"Construccion Ruta Nacional Nº 260; Tramo: Empalme R.P. Nº 51 - Limite con Chile; Seccion I: Prog. 0,00 - Prog. 23,21. Provincia",51,"Construccion Ruta Nacional Nº 260; Tramo: Empalme R.P. Nº 51 - Limite con Chile; Seccion I: Prog. 0,00 - Prog. 23,21. Provincia",2024-07-01 00:00:00
2023,604,45,Construccion de Rutas Nuevas y Obras de Pavimentacion,10,Obras de Pavimentacion - Plan Nacional Vial Fase 1,53,"Variante Cañuelas, Ruta Nacional Nº 3 / 205: Au. Ezeiza Cañuelas – Ruta Nacional N° 3- Acceso a Cañuelas (Calle Pellegrini) (BID",0,"Variante Cañuelas, Ruta Nacional Nº 3 / 205: Au. Ezeiza Cañuelas – Ruta Nacional N° 3- Acceso a Cañuelas (Calle Pellegrini) (BID",51,"Variante Cañuelas, Ruta Nacional Nº 3 / 205: Au. Ezeiza Cañuelas – Ruta Nacional N° 3- Acceso a Cañuelas (Calle Pellegrini) (BID",2024-07-01 00:00:00
2023,604,45,Construccion de Rutas Nuevas y Obras de Pavimentacion,10,Obras de Pavimentacion - Plan Nacional Vial Fase 1,55,"Construccion de Obra Basica, Alcantarillas y Pavimento, Ruta Nacional 40, Tramo: MOLINOS - VALLECITO, Provincia de Salta",0,"Construccion de Obra Basica, Alcantarillas y Pavimento, Ruta Nacional 40, Tramo: MOLINOS - VALLECITO, Provincia de Salta",51,"Construccion de Obra Basica, Alcantarillas y Pavimento, Ruta Nacional 40, Tramo: MOLINOS - VALLECITO, Provincia de Salta",2024-07-01 00:00:00
2023,604,45,Construccion de Rutas Nuevas y Obras de Pavimentacion,10,Obras de Pavimentacion - Plan Nacional Vial Fase 1,56,"Pavimentacion de la Ruta Nacional N° 40, Tramo: Cachi – La Poma, Seccion: Empalme R.P.Nº33 (km. 4511,98) – Acceso a Palermo (km",0,"Pavimentacion de la Ruta Nacional N° 40, Tramo: Cachi – La Poma, Seccion: Empalme R.P.Nº33 (km. 4511,98) – Acceso a Palermo (km",51,"Pavimentacion de la Ruta Nacional N° 40, Tramo: Cachi – La Poma, Seccion: Empalme R.P.Nº33 (km. 4511,98) – Acceso a Palermo (km",2024-07-01 00:00:00
2023,604,45,Construccion de Rutas Nuevas y Obras de Pavimentacion,10,Obras de Pavimentacion - Plan Nacional Vial Fase 1,57,"Pavimentacion Ruta Nacional N° 40, Tramo: Lte. C/ La Rioja - Belen, Seccion: Km. 4072,91 - Km. 4078,21. Provincia de Catamarca",0,"Pavimentacion Ruta Nacional N° 40, Tramo: Lte. C/ La Rioja - Belen, Seccion: Km. 4072,91 - Km. 4078,21. Provincia de Catamarca",51,"Pavimentacion Ruta Nacional N° 40, Tramo: Lte. C/ La Rioja - Belen, Seccion: Km. 4072,91 - Km. 4078,21. Provincia de Catamarca",2024-07-01 00:00:00
2023,604,45,Construccion de Rutas Nuevas y Obras de Pavimentacion,10,Obras de Pavimentacion - Plan Nacional Vial Fase 1,60,"Construccion de Obra Basica, Puente, Alcantarillas y Pavimento en Ruta Nacional N° 9, Tramo: Salta - La Caldera, Seccion: km. 16",0,"Construccion de Obra Basica, Puente, Alcantarillas y Pavimento en Ruta Nacional N° 9, Tramo: Salta - La Caldera, Seccion: km. 16",51,"Construccion de Obra Basica, Puente, Alcantarillas y Pavimento en Ruta Nacional N° 9, Tramo: Salta - La Caldera, Seccion: km. 16",2024-07-01 00:00:00
2023,604,45,Construccion de Rutas Nuevas y Obras de Pavimentacion,10,Obras de Pavimentacion - Plan Nacional Vial Fase 1,68,"Obra Basica y Pavimento en Variante de Ruta Provincial N°48, Tramo: Andalgala - Aconquija. Provincia de Catamarca. BID S/N (AR-L",0,"Obra Basica y Pavimento en Variante de Ruta Provincial N°48, Tramo: Andalgala - Aconquija. Provincia de Catamarca. BID S/N (AR-L",51,"Obra Basica y Pavimento en Variante de Ruta Provincial N°48, Tramo: Andalgala - Aconquija. Provincia de Catamarca. BID S/N (AR-L",2024-07-01 00:00:00
2023,604,47,Construccion y Puesta en Valor de Infraestructura de Apoyo y Soporte al Plan Vial Nacional,20,Construccion y Puesta en Valor de Infraestructura de Apoyo y Soporte del Plan Nacional Vial,1,Construccion y Puesta en Valor de Infraestructura de Apoyo y Soporte del Plan Nacional Vial en Casa Central,0,Construccion y Puesta en Valor de Infraestructura de Apoyo y Soporte del Plan Nacional Vial en Casa Central,51,Construccion y Puesta en Valor de Infraestructura de Apoyo y Soporte del Plan Nacional Vial en Casa Central,2024-07-01 00:00:00
2023,604,48,Ejecucion Obras de Seguridad en Rutas Nacionales,21,Obras de Seguridad en Distrito Buenos Aires,1,Obras de Seguridad en Distrito Buenos Aires,0,Obras de Seguridad en Distrito Buenos Aires,51,Obras de Seguridad en Distrito Buenos Aires,2024-07-01 00:00:00
2023,604,48,Ejecucion Obras de Seguridad en Rutas Nacionales,21,Obras de Seguridad en Distrito Buenos Aires,2,"Ruta Nacional Nº 226, Mejora de Interseccion Acceso a Sierras Bayas",0,"Ruta Nacional Nº 226, Mejora de Interseccion Acceso a Sierras Bayas",51,"Ruta Nacional Nº 226, Mejora de Interseccion Acceso a Sierras Bayas",2024-07-01 00:00:00
2023,604,48,Ejecucion Obras de Seguridad en Rutas Nacionales,21,Obras de Seguridad en Distrito Buenos Aires,5,"Distribuidor Tipo Diamante en la Prog. 36+475 de la Ruta Nacional N°8,  Autopista: Pilar - Pergamino, Tramo: VIB, Interseccion c",0,"Distribuidor Tipo Diamante en la Prog. 36+475 de la Ruta Nacional N°8,  Autopista: Pilar - Pergamino, Tramo: VIB, Interseccion c",51,"Distribuidor Tipo Diamante en la Prog. 36+475 de la Ruta Nacional N°8,  Autopista: Pilar - Pergamino, Tramo: VIB, Interseccion c",2024-07-01 00:00:00
2023,604,48,Ejecucion Obras de Seguridad en Rutas Nacionales,21,Obras de Seguridad en Distrito Buenos Aires,6,"Construccion de Distribuidor en Ruta Nacional N° 226 (Acceso a Hinojo), Seccion: km. 278.32. Provincia de Buenos Aires",0,"Construccion de Distribuidor en Ruta Nacional N° 226 (Acceso a Hinojo), Seccion: km. 278.32. Provincia de Buenos Aires",51,"Construccion de Distribuidor en Ruta Nacional N° 226 (Acceso a Hinojo), Seccion: km. 278.32. Provincia de Buenos Aires",2024-07-01 00:00:00
2023,604,48,Ejecucion Obras de Seguridad en Rutas Nacionales,22,Obras de Seguridad en Distrito Cordoba,1,Obras de Seguridad en Distrito Cordoba,0,Obras de Seguridad en Distrito Cordoba,51,Obras de Seguridad en Distrito Cordoba,2024-07-01 00:00:00
2023,604,48,Ejecucion Obras de Seguridad en Rutas Nacionales,26,Obras de Seguridad en Distrito Jujuy,1,Obras de Seguridad en Distrito Jujuy,0,Obras de Seguridad en Distrito Jujuy,51,Obras de Seguridad en Distrito Jujuy,2024-07-01 00:00:00
2023,604,48,Ejecucion Obras de Seguridad en Rutas Nacionales,27,Obras de Seguridad en Distrito Santa Fe,4,"Obra de Iluminacion sobre Ruta Nacional N° 11, Tramo: Ruta Nacional N° 11 - Interseccion Ruta Provincial N° 64 (Coronda). Provin",0,"Obra de Iluminacion sobre Ruta Nacional N° 11, Tramo: Ruta Nacional N° 11 - Interseccion Ruta Provincial N° 64 (Coronda). Provin",51,"Obra de Iluminacion sobre Ruta Nacional N° 11, Tramo: Ruta Nacional N° 11 - Interseccion Ruta Provincial N° 64 (Coronda). Provin",2024-07-01 00:00:00
2023,604,48,Ejecucion Obras de Seguridad en Rutas Nacionales,27,Obras de Seguridad en Distrito Santa Fe,7,"Obras de Iluminacion en Rutas Nacionales N° 11 y  N° A007, Tramo: Coronda (Ruta Provincial N° 64) - Santa Fe / Emp. Ruta Naciona",0,"Obras de Iluminacion en Rutas Nacionales N° 11 y  N° A007, Tramo: Coronda (Ruta Provincial N° 64) - Santa Fe / Emp. Ruta Naciona",51,"Obras de Iluminacion en Rutas Nacionales N° 11 y  N° A007, Tramo: Coronda (Ruta Provincial N° 64) - Santa Fe / Emp. Ruta Naciona",2024-07-01 00:00:00
2023,604,48,Ejecucion Obras de Seguridad en Rutas Nacionales,37,Obras de Seguridad en Distrito Entre Rios,1,Obras de Seguridad en Distrito Entre Rios,0,Obras de Seguridad en Distrito Entre Rios,51,Obras de Seguridad en Distrito Entre Rios,2024-07-01 00:00:00
2023,604,48,Ejecucion Obras de Seguridad en Rutas Nacionales,38,Obras de Seguridad en Distrito Chaco,1,Obras de Seguridad en Distrito Chaco,0,Obras de Seguridad en Distrito Chaco,51,Obras de Seguridad en Distrito Chaco,2024-07-01 00:00:00
2023,604,48,Ejecucion Obras de Seguridad en Rutas Nacionales,39,Obras de Seguridad en Distrito Bahia Blanca,1,Obras de Seguridad En Distrito Bahia Blanca 'Proyecto Agrupado' (Pa),0,Obras de Seguridad En Distrito Bahia Blanca 'Proyecto Agrupado' (Pa),51,Obras de Seguridad En Distrito Bahia Blanca 'Proyecto Agrupado' (Pa),2024-07-01 00:00:00
2023,604,48,Ejecucion Obras de Seguridad en Rutas Nacionales,41,Obras de Seguridad en Distrito La Pampa,1,Obras de Seguridad en Distrito La Pampa,0,Obras de Seguridad en Distrito La Pampa,51,Obras de Seguridad en Distrito La Pampa,2024-07-01 00:00:00
2023,604,48,Ejecucion Obras de Seguridad en Rutas Nacionales,41,Obras de Seguridad en Distrito La Pampa,2,"Ruta Nacional N° 152, Construccion de interseccion tipo canalizada, con acceso a colectora Norte y Sur. Construccion de rotonda",0,"Ruta Nacional N° 152, Construccion de interseccion tipo canalizada, con acceso a colectora Norte y Sur. Construccion de rotonda",51,"Ruta Nacional N° 152, Construccion de interseccion tipo canalizada, con acceso a colectora Norte y Sur. Construccion de rotonda",2024-07-01 00:00:00
2023,604,48,Ejecucion Obras de Seguridad en Rutas Nacionales,41,Obras de Seguridad en Distrito La Pampa,3,"Repavimentacion de interseccion y remodelacion de accesos. Acc. a Jacinto Arauz (Km 129,57), Acc. a Gral. San Martin (Km 146,72)",0,"Repavimentacion de interseccion y remodelacion de accesos. Acc. a Jacinto Arauz (Km 129,57), Acc. a Gral. San Martin (Km 146,72)",51,"Repavimentacion de interseccion y remodelacion de accesos. Acc. a Jacinto Arauz (Km 129,57), Acc. a Gral. San Martin (Km 146,72)",2024-07-01 00:00:00
2023,604,48,Ejecucion Obras de Seguridad en Rutas Nacionales,41,Obras de Seguridad en Distrito La Pampa,4,"Iluminacion de las intersecciones de la R.N. Nº 188 con RP Nº 1 (Km 419,29), RP Nº 7 (I) (Km 449,19), RP Nº 101 (Km 475,00) y RP",0,"Iluminacion de las intersecciones de la R.N. Nº 188 con RP Nº 1 (Km 419,29), RP Nº 7 (I) (Km 449,19), RP Nº 101 (Km 475,00) y RP",51,"Iluminacion de las intersecciones de la R.N. Nº 188 con RP Nº 1 (Km 419,29), RP Nº 7 (I) (Km 449,19), RP Nº 101 (Km 475,00) y RP",2024-07-01 00:00:00
2023,604,49,Reparacion y Construccion de Puentes y Alcantarillas,2,Construccion de Puentes Menores,8,"Construccion de Puente Ruta Nacional Nº 76 - Puente sobre Rio El Medano (Km 68,30) - La Rioja",0,"Construccion de Puente Ruta Nacional Nº 76 - Puente sobre Rio El Medano (Km 68,30) - La Rioja",51,"Construccion de Puente Ruta Nacional Nº 76 - Puente sobre Rio El Medano (Km 68,30) - La Rioja",2024-07-01 00:00:00
2023,604,49,Reparacion y Construccion de Puentes y Alcantarillas,2,Construccion de Puentes Menores,10,Puente de la Rinconada sobre Rio Collon Cura,0,Puente de la Rinconada sobre Rio Collon Cura,51,Puente de la Rinconada sobre Rio Collon Cura,2024-07-01 00:00:00
2023,604,49,Reparacion y Construccion de Puentes y Alcantarillas,2,Construccion de Puentes Menores,39,"Obra Construccion Puente Ruta Nacional Nº12-Tramo Esquina-Seccion Puente sobre Arroyo Guazu (Km.712,71)",0,"Obra Construccion Puente Ruta Nacional Nº12-Tramo Esquina-Seccion Puente sobre Arroyo Guazu (Km.712,71)",51,"Obra Construccion Puente Ruta Nacional Nº12-Tramo Esquina-Seccion Puente sobre Arroyo Guazu (Km.712,71)",2024-07-01 00:00:00
2023,604,49,Reparacion y Construccion de Puentes y Alcantarillas,2,Construccion de Puentes Menores,74,"Ruta Nacional N° 40, RECONSTRUCCION DE PUENTES Y DEFENSAS HIDRAULICAS EN A° LOS POZOS, A° CHAÑARES NORTE Y A° CHAÑARES SUR, PROV",0,"Ruta Nacional N° 40, RECONSTRUCCION DE PUENTES Y DEFENSAS HIDRAULICAS EN A° LOS POZOS, A° CHAÑARES NORTE Y A° CHAÑARES SUR, PROV",51,"Ruta Nacional N° 40, RECONSTRUCCION DE PUENTES Y DEFENSAS HIDRAULICAS EN A° LOS POZOS, A° CHAÑARES NORTE Y A° CHAÑARES SUR, PROV",2024-07-01 00:00:00
2023,604,50,Repavimentacion de Rutas Nacionales,1,Obras de Repavimentacion - Plan Vial Nacional - Fase 1,3,"Repavimentacion Corredor 1 (Rutas Nacionales Nº 3, 205, 226) - Buenos Aires",0,"Repavimentacion Corredor 1 (Rutas Nacionales Nº 3, 205, 226) - Buenos Aires",51,Rehabilitacion Ruta Nacional Nº 226 - Buenos Aires,2024-07-01 00:00:00
2023,604,50,Repavimentacion de Rutas Nacionales,1,Obras de Repavimentacion - Plan Vial Nacional - Fase 1,4,Rehabilitacion Ruta Nacional Nº 188,0,Rehabilitacion Ruta Nacional Nº 188,51,Rehabilitacion Ruta Nacional Nº 188,2024-07-01 00:00:00
2023,604,50,Repavimentacion de Rutas Nacionales,1,Obras de Repavimentacion - Plan Vial Nacional - Fase 1,5,Repavimentacion Corredor 8 (Ruta Nacional Nº8) Santa Fe y Cordoba,0,Repavimentacion Corredor 8 (Ruta Nacional Nº8) Santa Fe y Cordoba,51,Repavimentacion Corredor 8 (Ruta Nacional Nº8) Santa Fe y Cordoba,2024-07-01 00:00:00
2023,604,50,Repavimentacion de Rutas Nacionales,1,Obras de Repavimentacion - Plan Vial Nacional - Fase 1,8,Repavimentacion Corredor 3 (Ruta Nacional Nº 7) - Santa Fe,0,Repavimentacion Corredor 3 (Ruta Nacional Nº 7) - Santa Fe,51,Rehabilitacion Ruta Nacional Nº 7 - Santa Fe,2024-07-01 00:00:00
2023,604,50,Repavimentacion de Rutas Nacionales,1,Obras de Repavimentacion - Plan Vial Nacional - Fase 1,9,"Repavimentacion Corredor 4 (Rutas Nacionales Nº 18, 19, 34) - Santa Fe, Cordoba y Entre Rios",0,"Repavimentacion Corredor 4 (Rutas Nacionales Nº 18, 19, 34) - Santa Fe, Cordoba y Entre Rios",51,"Repavimentacion Corredor 4 (Rutas Nacionales Nº 18, 19, 34) - Santa Fe, Cordoba y Entre Rios",2024-07-01 00:00:00
2023,604,50,Repavimentacion de Rutas Nacionales,1,Obras de Repavimentacion - Plan Vial Nacional - Fase 1,15,"Repavimentacion Corredor 6 (Rutas Nacionales Nº 12, 16) - Corrientes",0,"Repavimentacion Corredor 6 (Rutas Nacionales Nº 12, 16) - Corrientes",51,Rehabilitacion Ruta Nacional Nº 12 - Corrientes,2024-07-01 00:00:00
2023,604,50,Repavimentacion de Rutas Nacionales,1,Obras de Repavimentacion - Plan Vial Nacional - Fase 1,16,Repavimentacion Corredor 8 (Rn 8 Y Rn  36) - Cordoba,0,Repavimentacion Corredor 8 (Rn 8 Y Rn  36) - Cordoba,51,Repavimentacion Corredor 8 (Rn 8 Y Rn  36) - Cordoba,2024-07-01 00:00:00
2023,604,50,Repavimentacion de Rutas Nacionales,1,Obras de Repavimentacion - Plan Vial Nacional - Fase 1,17,Repavimentacion Corredor 8 (Ruta Nacional Nº 8)-Buenos Aires,0,Repavimentacion Corredor 8 (Ruta Nacional Nº 8)-Buenos Aires,51,Repavimentacion Corredor 8 (Ruta Nacional Nº 8)-Buenos Aires,2024-07-01 00:00:00
2023,604,50,Repavimentacion de Rutas Nacionales,1,Obras de Repavimentacion - Plan Vial Nacional - Fase 1,18,Obras de Refuerzo de Infraestructura en Ruta Nacional Nº33 (Corredor Vial VIII),0,Obras de Refuerzo de Infraestructura en Ruta Nacional Nº33 (Corredor Vial VIII),51,Repavimentacion Corredor 8 (Ruta Nacional Nº 8) - Santa Fe,2024-07-01 00:00:00
2023,604,50,Repavimentacion de Rutas Nacionales,1,Obras de Repavimentacion - Plan Vial Nacional - Fase 1,23,Repavimentacion Corredor 8 (Ruta Nacional N° 8)  - Cordoba y San Luis,0,Repavimentacion Corredor 8 (Ruta Nacional N° 8)  - Cordoba y San Luis,51,Repavimentacion Corredor 8 (Ruta Nacional N° 8)  - Cordoba y San Luis,2024-07-01 00:00:00
2023,604,50,Repavimentacion de Rutas Nacionales,1,Obras de Repavimentacion - Plan Vial Nacional - Fase 1,27,Repavimentacion Ruta Nacional Nº 158 - Cordoba,0,Repavimentacion Ruta Nacional Nº 158 - Cordoba,51,Reconstruccion Ruta Nacional Nº 158,2024-07-01 00:00:00
2023,604,50,Repavimentacion de Rutas Nacionales,1,Obras de Repavimentacion - Plan Vial Nacional - Fase 1,44,Repavimentacion Ruta Nacional Nº 9 y Ruta Nacional Nº 60 - Cordoba,0,Repavimentacion Ruta Nacional Nº 9 y Ruta Nacional Nº 60 - Cordoba,51,Reconstruccion Ruta Nacional Nº 9 y Ruta Nacional Nº 60 - Cordoba,2024-07-01 00:00:00
2023,604,50,Repavimentacion de Rutas Nacionales,1,Obras de Repavimentacion - Plan Vial Nacional - Fase 1,47,Repavimentacion Ruta Nacional Nº 16 - Santiago del Estero (BID 2698 OC-AR),0,Repavimentacion Ruta Nacional Nº 16 - Santiago del Estero (BID 2698 OC-AR),51,Reconstruccion Ruta Nacional Nº 16 - Santiago del Estero (BID 2698 OC/AR),2024-07-01 00:00:00
2023,604,50,Repavimentacion de Rutas Nacionales,1,Obras de Repavimentacion - Plan Vial Nacional - Fase 1,51,Varios RN 0003,0,Varios RN 0003,51,Varios RN 0003,2024-07-01 00:00:00
2023,604,50,Repavimentacion de Rutas Nacionales,1,Obras de Repavimentacion - Plan Vial Nacional - Fase 1,52,"Repavimentacion Calzada Descendente en RN N° 9, Km 106 a Km 147. Provincia de Buenos Aires.",0,"Repavimentacion Calzada Descendente en RN N° 9, Km 106 a Km 147. Provincia de Buenos Aires.",51,"Repavimentacion Calzada Descendente en RN N° 9, Km 106 a Km 147. Provincia de Buenos Aires.",2024-07-01 00:00:00
2023,604,50,Repavimentacion de Rutas Nacionales,1,Obras de Repavimentacion - Plan Vial Nacional - Fase 1,54,"Rehabilitacion de calzada Ruta Nacional N° 136 - Tramo: EMP. R.P.N°20 – Inicio Viaducto Puente Internacional - Seccion: KM. 8,50",0,"Rehabilitacion de calzada Ruta Nacional N° 136 - Tramo: EMP. R.P.N°20 – Inicio Viaducto Puente Internacional - Seccion: KM. 8,50",51,"Rehabilitacion de calzada Ruta Nacional N° 136 - Tramo: EMP. R.P.N°20 – Inicio Viaducto Puente Internacional - Seccion: KM. 8,50",2024-07-01 00:00:00
2023,604,50,Repavimentacion de Rutas Nacionales,1,Obras de Repavimentacion - Plan Vial Nacional - Fase 1,55,"Obras de Repavimentacion, Ruta Nacional N° 33; Tramo: General Villegas- Rufino",0,"Obras de Repavimentacion, Ruta Nacional N° 33; Tramo: General Villegas- Rufino",51,"Obras de Repavimentacion, Ruta Nacional N° 33; Tramo: General Villegas- Rufino",2024-07-01 00:00:00
2023,604,50,Repavimentacion de Rutas Nacionales,1,Obras de Repavimentacion - Plan Vial Nacional - Fase 1,56,"Repavimentacion Au. Ezeiza – Cañuelas, Tramo: Km 49.400 – Km 58.856, Seccion: Ramal de ingreso y egreso y colectora descendente.",0,"Repavimentacion Au. Ezeiza – Cañuelas, Tramo: Km 49.400 – Km 58.856, Seccion: Ramal de ingreso y egreso y colectora descendente.",51,"Repavimentacion Au. Ezeiza – Cañuelas, Tramo: Km 49.400 – Km 58.856, Seccion: Ramal de ingreso y egreso y colectora descendente.",2024-07-01 00:00:00
2023,604,50,Repavimentacion de Rutas Nacionales,1,Obras de Repavimentacion - Plan Vial Nacional - Fase 1,57,"Obras de Repavimentacion, Ruta Nacional N° 5, Tramo: Trenque Lauquen-Pellegrini",0,"Obras de Repavimentacion, Ruta Nacional N° 5, Tramo: Trenque Lauquen-Pellegrini",51,"Obras de Repavimentacion, Ruta Nacional N° 5, Tramo: Trenque Lauquen-Pellegrini",2024-07-01 00:00:00
2023,604,50,Repavimentacion de Rutas Nacionales,1,Obras de Repavimentacion - Plan Vial Nacional - Fase 1,58,"Reconstruccion de Calzada Descendente, Au Ezeiza - Cañuelas: Tramo: Puente Pergola y la Rotonda de Cañuelas",0,"Reconstruccion de Calzada Descendente, Au Ezeiza - Cañuelas: Tramo: Puente Pergola y la Rotonda de Cañuelas",51,"Reconstruccion de Calzada Descendente, Au Ezeiza - Cañuelas: Tramo: Puente Pergola y la Rotonda de Cañuelas",2024-07-01 00:00:00
2023,604,50,Repavimentacion de Rutas Nacionales,1,Obras de Repavimentacion - Plan Vial Nacional - Fase 1,60,"Ruta Nacional N° 95, Tramo: Pozo Borrado - Empalme R.P.N°30, Seccion: km. 893,30 - km 852,59",0,"Ruta Nacional N° 95, Tramo: Pozo Borrado - Empalme R.P.N°30, Seccion: km. 893,30 - km 852,59",51,"Ruta Nacional N° 95, Tramo: Pozo Borrado - Empalme R.P.N°30, Seccion: km. 893,30 - km 852,59",2024-07-01 00:00:00
2023,604,50,Repavimentacion de Rutas Nacionales,1,Obras de Repavimentacion - Plan Vial Nacional - Fase 1,77,"Repavimentacion de Ruta Nacional N° 8, Tramo: Pilar - Villa Mercedes, Seccion: KM 238,00 - KM 248,00 y KM 289,00 - KM 294,20. Pr",0,"Repavimentacion de Ruta Nacional N° 8, Tramo: Pilar - Villa Mercedes, Seccion: KM 238,00 - KM 248,00 y KM 289,00 - KM 294,20. Pr",51,"Repavimentacion de Ruta Nacional N° 8, Tramo: Pilar - Villa Mercedes, Seccion: KM 238,00 - KM 248,00 y KM 289,00 - KM 294,20. Pr",2024-07-01 00:00:00
2023,604,50,Repavimentacion de Rutas Nacionales,1,Obras de Repavimentacion - Plan Vial Nacional - Fase 1,78,"Repavimentacion de Ruta Nacional N° 188, Tramo: San Nicolas - Realico, Seccion: Km. 219,00 - km 241,00. Provincia de Buenos Aire",0,"Repavimentacion de Ruta Nacional N° 188, Tramo: San Nicolas - Realico, Seccion: Km. 219,00 - km 241,00. Provincia de Buenos Aire",51,"Repavimentacion de Ruta Nacional N° 188, Tramo: San Nicolas - Realico, Seccion: Km. 219,00 - km 241,00. Provincia de Buenos Aire",2024-07-01 00:00:00
2023,604,50,Repavimentacion de Rutas Nacionales,1,Obras de Repavimentacion - Plan Vial Nacional - Fase 1,79,"Repavimentacion de Ruta Nacional N° 188, Tramo: San Nicolas - Realico, Seccion: KM 241,00 - KM 256,00 y KM 259,00 - KM 266,00. P",0,"Repavimentacion de Ruta Nacional N° 188, Tramo: San Nicolas - Realico, Seccion: KM 241,00 - KM 256,00 y KM 259,00 - KM 266,00. P",51,"Repavimentacion de Ruta Nacional N° 188, Tramo: San Nicolas - Realico, Seccion: KM 241,00 - KM 256,00 y KM 259,00 - KM 266,00. P",2024-07-01 00:00:00
2023,604,50,Repavimentacion de Rutas Nacionales,1,Obras de Repavimentacion - Plan Vial Nacional - Fase 1,80,"Repavimentacion de Ruta Nacional N° 188, Tramo: San Nicolas - Realico, Seccion: KM 266,00 - KM 297,00. Provincia de Buenos Aires",0,"Repavimentacion de Ruta Nacional N° 188, Tramo: San Nicolas - Realico, Seccion: KM 266,00 - KM 297,00. Provincia de Buenos Aires",51,"Repavimentacion de Ruta Nacional N° 188, Tramo: San Nicolas - Realico, Seccion: KM 266,00 - KM 297,00. Provincia de Buenos Aires",2024-07-01 00:00:00
2023,604,50,Repavimentacion de Rutas Nacionales,1,Obras de Repavimentacion - Plan Vial Nacional - Fase 1,86,Ruta Nacional N° 1v09 y Caminos Municipales (Travesia urbana Villa Maria). Bacheo y Repavimentacion de Pavimento Flexible y Rigi,0,Ruta Nacional N° 1v09 y Caminos Municipales (Travesia urbana Villa Maria). Bacheo y Repavimentacion de Pavimento Flexible y Rigi,51,Ruta Nacional N° 1v09 y Caminos Municipales (Travesia urbana Villa Maria). Bacheo y Repavimentacion de Pavimento Flexible y Rigi,2024-07-01 00:00:00
2023,604,50,Repavimentacion de Rutas Nacionales,1,Obras de Repavimentacion - Plan Vial Nacional - Fase 1,87,"Repavimentacion de la Ruta Nacional N° 3, Tramo: Cañuelas - San Miguel del Monte, Seccion: KM 88,00 - KM 104,60 / T-01-S-02: KM",0,"Repavimentacion de la Ruta Nacional N° 3, Tramo: Cañuelas - San Miguel del Monte, Seccion: KM 88,00 - KM 104,60 / T-01-S-02: KM",51,"Repavimentacion de la Ruta Nacional N° 3, Tramo: Cañuelas - San Miguel del Monte, Seccion: KM 88,00 - KM 104,60 / T-01-S-02: KM",2024-07-01 00:00:00
2023,604,50,Repavimentacion de Rutas Nacionales,1,Obras de Repavimentacion - Plan Vial Nacional - Fase 1,99,"Repavimentacion Ruta Nacional N° 3, Tramo: Emp.R.N. 24 CJ - Ushuaia (Inicio Zona Urbana), Seccion: Km.3049,12-Km. 3055,19, Tierr",0,"Repavimentacion Ruta Nacional N° 3, Tramo: Emp.R.N. 24 CJ - Ushuaia (Inicio Zona Urbana), Seccion: Km.3049,12-Km. 3055,19, Tierr",51,"Repavimentacion Ruta Nacional N° 3, Tramo: Emp.R.N. 24 CJ - Ushuaia (Inicio Zona Urbana), Seccion: Km.3049,12-Km. 3055,19, Tierr",2024-07-01 00:00:00
2023,604,50,Repavimentacion de Rutas Nacionales,2,Obras de Repavimentacion - Plan Vial Nacional - Fase 2,1,"Repavimentacion Ruta Nacional N° 16, Tramo: El Cabure - Monte Quemado, Seccion: km. 387 - km. 444, Provincia de Santiago del Est",0,"Repavimentacion Ruta Nacional N° 16, Tramo: El Cabure - Monte Quemado, Seccion: km. 387 - km. 444, Provincia de Santiago del Est",51,"Repavimentacion Ruta Nacional N° 16, Tramo: El Cabure - Monte Quemado, Seccion: km. 387 - km. 444, Provincia de Santiago del Est",2024-07-01 00:00:00
2023,604,52,Mantenimiento y Reparacion de Obras de Arte,23,Mantenimiento de Obras de Arte en 3°Distrito - Tucuman,1,Mantenimiento de Obras de Arte En 3°Distrito - Tucuman 'Proyecto Agrupado' (Pa),0,Mantenimiento de Obras de Arte En 3°Distrito - Tucuman 'Proyecto Agrupado' (Pa),51,Mantenimiento de Obras de Arte En 3°Distrito - Tucuman 'Proyecto Agrupado' (Pa),2024-07-01 00:00:00
2023,604,52,Mantenimiento y Reparacion de Obras de Arte,29,Mantenimiento de Obras de Arte en 9°Distrito - SAN JUAN,1,Mantenimiento de Obras de Arte en 9°Distrito - SAN JUAN,0,Mantenimiento de Obras de Arte en 9°Distrito - SAN JUAN,51,Mantenimiento de Obras de Arte en 9°Distrito - SAN JUAN,2024-07-01 00:00:00
2023,604,52,Mantenimiento y Reparacion de Obras de Arte,30,Mantenimiento de Obras de Arte en 10°Distrito - Corrientes,1,Mantenimiento de Obras de Arte En 10°Distrito - Corrientes 'Proyecto Agrupado' (Pa),0,Mantenimiento de Obras de Arte En 10°Distrito - Corrientes 'Proyecto Agrupado' (Pa),51,Mantenimiento de Obras de Arte En 10°Distrito - Corrientes 'Proyecto Agrupado' (Pa),2024-07-01 00:00:00
2023,604,52,Mantenimiento y Reparacion de Obras de Arte,31,Mantenimiento de Obras de Arte en 11°Distrito - CATAMARCA,3,"Rehabilitacion y Construccion de Obras de Arte y Reparacion de Asentamientos en Calzada y Banquinas, Ruta 38, Tramo: El Portezue",0,"Rehabilitacion y Construccion de Obras de Arte y Reparacion de Asentamientos en Calzada y Banquinas, Ruta 38, Tramo: El Portezue",51,"Rehabilitacion y Construccion de Obras de Arte y Reparacion de Asentamientos en Calzada y Banquinas, Ruta 38, Tramo: El Portezue",2024-07-01 00:00:00
2023,604,52,Mantenimiento y Reparacion de Obras de Arte,32,Mantenimiento de Obras de Arte en 12°Distrito - Neuquen,1,Mantenimiento de obras de arte en 12°distrito - NEUQUEN 'Proyecto Agrupado' (PA),0,Mantenimiento de obras de arte en 12°distrito - NEUQUEN 'Proyecto Agrupado' (PA),51,Mantenimiento de obras de arte en 12°distrito - NEUQUEN 'Proyecto Agrupado' (PA),2024-07-01 00:00:00
2023,604,52,Mantenimiento y Reparacion de Obras de Arte,35,Mantenimiento de Obras de Arte en 15º Distrito  - Misiones,1,Mantenimiento de Obras de Arte En 15°Distrito - Misiones 'Proyecto Agrupado' (Pa),0,Mantenimiento de Obras de Arte En 15°Distrito - Misiones 'Proyecto Agrupado' (Pa),51,Mantenimiento de Obras de Arte En 15°Distrito - Misiones 'Proyecto Agrupado' (Pa),2024-07-01 00:00:00
2023,604,52,Mantenimiento y Reparacion de Obras de Arte,36,Mantenimiento de Obras de Arte en 16°Distrito - Santiago del Estero,1,Mantenimiento de Obras de Arte En 16°Distrito - Santiago del Estero 'Proyecto Agrupado' (Pa),0,Mantenimiento de Obras de Arte En 16°Distrito - Santiago del Estero 'Proyecto Agrupado' (Pa),51,Mantenimiento de Obras de Arte En 16°Distrito - Santiago del Estero 'Proyecto Agrupado' (Pa),2024-07-01 00:00:00
2023,606,1,Actividades Centrales,0,Actividades Centrales,0,Actividades Centrales,1,Conduccion y Administracion,0,Actividades Centrales,2024-07-01 00:00:00
2023,606,16,Investigacion Fundamental e Innovaciones Tecnologicas - IFIT,0,Investigacion Fundamental e Innovaciones Tecnologicas - IFIT,0,Investigacion Fundamental e Innovaciones Tecnologicas - IFIT,1,Investigacion Fundamental e Innovaciones Tecnologicas en Ciencias Agropecuarias y Veterinarias,0,Investigacion Fundamental e Innovaciones Tecnologicas - IFIT,2024-07-01 00:00:00
2023,606,16,Investigacion Fundamental e Innovaciones Tecnologicas - IFIT,0,Investigacion Fundamental e Innovaciones Tecnologicas - IFIT,0,Investigacion Fundamental e Innovaciones Tecnologicas - IFIT,2,Investigacion Fundamental e Innovaciones Tecnologicas en Recursos Naturales,0,Investigacion Fundamental e Innovaciones Tecnologicas - IFIT,2024-07-01 00:00:00
2023,606,16,Investigacion Fundamental e Innovaciones Tecnologicas - IFIT,0,Investigacion Fundamental e Innovaciones Tecnologicas - IFIT,0,Investigacion Fundamental e Innovaciones Tecnologicas - IFIT,3,Investigacion Fundamental e Innovaciones Tecnologicas en Agroindustrias,0,Investigacion Fundamental e Innovaciones Tecnologicas - IFIT,2024-07-01 00:00:00
2023,606,16,Investigacion Fundamental e Innovaciones Tecnologicas - IFIT,0,Investigacion Fundamental e Innovaciones Tecnologicas - IFIT,0,Investigacion Fundamental e Innovaciones Tecnologicas - IFIT,4,"Investigacion Fundamental e Innovaciones Tecnologicas en Estudios Politicos, Economicos y Sociales",0,Investigacion Fundamental e Innovaciones Tecnologicas - IFIT,2024-07-01 00:00:00
2023,606,16,Investigacion Fundamental e Innovaciones Tecnologicas - IFIT,0,Investigacion Fundamental e Innovaciones Tecnologicas - IFIT,0,Investigacion Fundamental e Innovaciones Tecnologicas - IFIT,5,Investigacion Fundamental e Innovaciones Tecnologicas en Agricultura Familiar,0,Investigacion Fundamental e Innovaciones Tecnologicas - IFIT,2024-07-01 00:00:00
2023,606,16,Investigacion Fundamental e Innovaciones Tecnologicas - IFIT,0,Investigacion Fundamental e Innovaciones Tecnologicas - IFIT,54,"Construccion de Cubierta en el Edificio del Instituto de Suelos en el Centro de Investigacion en Recursos Naturales, Castelar, P",0,"Construccion de Cubierta en el Edificio del Instituto de Suelos en el Centro de Investigacion en Recursos Naturales, Castelar, P",51,"Construccion de Cubierta en el Edificio del Instituto de Suelos en el Centro de Investigacion en Recursos Naturales, Castelar, P",2024-07-01 00:00:00
2023,606,16,Investigacion Fundamental e Innovaciones Tecnologicas - IFIT,0,Investigacion Fundamental e Innovaciones Tecnologicas - IFIT,73,"Nuevo Box Animales Grandes con Laboratorio NBS 4 OIE - CICVyA Castelar, Provincia de Buenos Aires",0,"Nuevo Box Animales Grandes con Laboratorio NBS 4 OIE - CICVyA Castelar, Provincia de Buenos Aires",51,"Nuevo Box Animales Grandes con Laboratorio NBS 4 OIE - CICVyA Castelar, Provincia de Buenos Aires",2024-07-01 00:00:00
2023,606,17,"Investigacion Aplicada, Innovacion, Transferencias de Tecnologias, Extension y Apoyo al Desarrollo Rural - AITTE",0,"Investigacion Aplicada, Innovacion, Transferencias de Tecnologias, Extension y Apoyo al Desarrollo Rural - AITTE",0,"Investigacion Aplicada, Innovacion, Transferencias de Tecnologias, Extension y Apoyo al Desarrollo Rural - AITTE",2,Extension y Apoyo al Desarrollo Rural,0,"Investigacion Aplicada, Innovacion, Transferencias de Tecnologias, Extension y Apoyo al Desarrollo Rural - AITTE",2024-07-01 00:00:00
2023,606,17,"Investigacion Aplicada, Innovacion, Transferencias de Tecnologias, Extension y Apoyo al Desarrollo Rural - AITTE",0,"Investigacion Aplicada, Innovacion, Transferencias de Tecnologias, Extension y Apoyo al Desarrollo Rural - AITTE",0,"Investigacion Aplicada, Innovacion, Transferencias de Tecnologias, Extension y Apoyo al Desarrollo Rural - AITTE",3,Investigacion y Transferencia de Tecnologia a Productores Forestales (BID N° 2853/OC-AR),0,"Investigacion Aplicada, Innovacion, Transferencias de Tecnologias, Extension y Apoyo al Desarrollo Rural - AITTE",2024-07-01 00:00:00
2023,606,17,"Investigacion Aplicada, Innovacion, Transferencias de Tecnologias, Extension y Apoyo al Desarrollo Rural - AITTE",0,"Investigacion Aplicada, Innovacion, Transferencias de Tecnologias, Extension y Apoyo al Desarrollo Rural - AITTE",0,"Investigacion Aplicada, Innovacion, Transferencias de Tecnologias, Extension y Apoyo al Desarrollo Rural - AITTE",6,Desarrollo de Cadenas Caprinas (FIDA N° 1744),0,"Investigacion Aplicada, Innovacion, Transferencias de Tecnologias, Extension y Apoyo al Desarrollo Rural - AITTE",2024-07-01 00:00:00
2023,606,17,"Investigacion Aplicada, Innovacion, Transferencias de Tecnologias, Extension y Apoyo al Desarrollo Rural - AITTE",0,"Investigacion Aplicada, Innovacion, Transferencias de Tecnologias, Extension y Apoyo al Desarrollo Rural - AITTE",0,"Investigacion Aplicada, Innovacion, Transferencias de Tecnologias, Extension y Apoyo al Desarrollo Rural - AITTE",7,Sistemas Agroalimentarios Climaticamente Inteligentes e Inclusivos (BIRF N° 9313-AR),0,"Investigacion Aplicada, Innovacion, Transferencias de Tecnologias, Extension y Apoyo al Desarrollo Rural - AITTE",2024-07-01 00:00:00
2023,606,17,"Investigacion Aplicada, Innovacion, Transferencias de Tecnologias, Extension y Apoyo al Desarrollo Rural - AITTE",0,"Investigacion Aplicada, Innovacion, Transferencias de Tecnologias, Extension y Apoyo al Desarrollo Rural - AITTE",0,"Investigacion Aplicada, Innovacion, Transferencias de Tecnologias, Extension y Apoyo al Desarrollo Rural - AITTE",41,"Investigacion Aplicada, Innovacion y Transferencias de Tecnologias - AITT",0,"Investigacion Aplicada, Innovacion, Transferencias de Tecnologias, Extension y Apoyo al Desarrollo Rural - AITTE",2024-07-01 00:00:00
2023,606,17,"Investigacion Aplicada, Innovacion, Transferencias de Tecnologias, Extension y Apoyo al Desarrollo Rural - AITTE",0,"Investigacion Aplicada, Innovacion, Transferencias de Tecnologias, Extension y Apoyo al Desarrollo Rural - AITTE",76,"Puesta en Valor 2 Etapa - Proyecto de Consolidacion de la Universidad de San Juan con el Edificio Agronomia, Provincia de San Ju",0,"Puesta en Valor 2 Etapa - Proyecto de Consolidacion de la Universidad de San Juan con el Edificio Agronomia, Provincia de San Ju",51,"Puesta en Valor 2 Etapa - Proyecto de Consolidacion de la Universidad de San Juan con el Edificio Agronomia, Provincia de San Ju",2024-07-01 00:00:00
2023,606,19,Fortalecimiento Estrategico y Articulacion Institucional,0,Fortalecimiento Estrategico y Articulacion Institucional,0,Fortalecimiento Estrategico y Articulacion Institucional,1,Gestion Estrategica de la Informacion y Comunicacion,0,Fortalecimiento Estrategico y Articulacion Institucional,2024-07-01 00:00:00
2023,606,19,Fortalecimiento Estrategico y Articulacion Institucional,0,Fortalecimiento Estrategico y Articulacion Institucional,0,Fortalecimiento Estrategico y Articulacion Institucional,2,Gestion Estrategica del Relacionamiento Institucional,0,Fortalecimiento Estrategico y Articulacion Institucional,2024-07-01 00:00:00
2023,606,19,Fortalecimiento Estrategico y Articulacion Institucional,0,Fortalecimiento Estrategico y Articulacion Institucional,0,Fortalecimiento Estrategico y Articulacion Institucional,3,"Servicios Estrategicos de Agrometeorologia, Climatologia y Monitoreo Agricola y de Gestion, Conservacion y Preservacion de la Di",0,Fortalecimiento Estrategico y Articulacion Institucional,2024-07-01 00:00:00
2023,607,16,Investigacion y Desarrollo Pesquero,0,Investigacion y Desarrollo Pesquero,0,Investigacion y Desarrollo Pesquero,1,Direccion y Administracion,0,Investigacion y Desarrollo Pesquero,2024-07-01 00:00:00
2023,607,16,Investigacion y Desarrollo Pesquero,0,Investigacion y Desarrollo Pesquero,0,Investigacion y Desarrollo Pesquero,5,Armamento de Buques,0,Investigacion y Desarrollo Pesquero,2024-07-01 00:00:00
2023,607,16,Investigacion y Desarrollo Pesquero,0,Investigacion y Desarrollo Pesquero,0,Investigacion y Desarrollo Pesquero,40,Desarrollo y Fomento de la Investigacion en la Pesca,0,Investigacion y Desarrollo Pesquero,2024-07-01 00:00:00
2023,607,16,Investigacion y Desarrollo Pesquero,0,Investigacion y Desarrollo Pesquero,0,Investigacion y Desarrollo Pesquero,42,"Pesquerias, Informacion, Operacion, Tecnologia y Control",0,Investigacion y Desarrollo Pesquero,2024-07-01 00:00:00
2023,608,1,Actividades Centrales,0,Actividades Centrales,0,Actividades Centrales,1,"Direccion, Planeamiento y Gestion",0,Actividades Centrales,2024-07-01 00:00:00
2023,608,16,"Metrologia, Desarrollo e Innovacion en Procesos Industriales",2,Fomento de la Competitividad Industrial,0,Fomento de la Competitividad Industrial,1,Desarrollo y Asistencia a la Industria Alimentaria,0,Fomento de la Competitividad Industrial,2024-07-01 00:00:00
2023,608,16,"Metrologia, Desarrollo e Innovacion en Procesos Industriales",2,Fomento de la Competitividad Industrial,0,Fomento de la Competitividad Industrial,2,Acciones para el Desarrollo y Proteccion de los Recursos Naturales y Medio Ambiente,0,Fomento de la Competitividad Industrial,2024-07-01 00:00:00
2023,608,16,"Metrologia, Desarrollo e Innovacion en Procesos Industriales",2,Fomento de la Competitividad Industrial,0,Fomento de la Competitividad Industrial,3,Desarrollo y Asistencia a la Industria,0,Fomento de la Competitividad Industrial,2024-07-01 00:00:00
2023,608,16,"Metrologia, Desarrollo e Innovacion en Procesos Industriales",2,Fomento de la Competitividad Industrial,0,Fomento de la Competitividad Industrial,4,Medicion y Calibracion para Actividades Reguladas,0,Fomento de la Competitividad Industrial,2024-07-01 00:00:00
2023,608,16,"Metrologia, Desarrollo e Innovacion en Procesos Industriales",3,Extensionismo Industrial Federal,0,Extensionismo Industrial Federal,1,Promocion y Fortalecimiento de las Industrias Regionales,0,Extensionismo Industrial Federal,2024-07-01 00:00:00
2023,609,16,Control de Genuinidad de la Produccion Vitivinicola,0,Control de Genuinidad de la Produccion Vitivinicola,0,Control de Genuinidad de la Produccion Vitivinicola,1,Fiscalizacion de Procesos y Practicas Enologicas y de Alcoholes,0,Control de Genuinidad de la Produccion Vitivinicola,2024-07-01 00:00:00
2023,609,16,Control de Genuinidad de la Produccion Vitivinicola,0,Control de Genuinidad de la Produccion Vitivinicola,0,Control de Genuinidad de la Produccion Vitivinicola,5,"Servicio de Conduccion, Apoyo Administrativo y Auxiliares",0,Control de Genuinidad de la Produccion Vitivinicola,2024-07-01 00:00:00
2023,609,16,Control de Genuinidad de la Produccion Vitivinicola,0,Control de Genuinidad de la Produccion Vitivinicola,0,Control de Genuinidad de la Produccion Vitivinicola,7,Actualizacion y Modernizacion Tecnico-Operativa del Instituto Nacional de Vitivinicultura,0,Control de Genuinidad de la Produccion Vitivinicola,2024-07-01 00:00:00
2023,609,16,Control de Genuinidad de la Produccion Vitivinicola,0,Control de Genuinidad de la Produccion Vitivinicola,0,Control de Genuinidad de la Produccion Vitivinicola,8,Elaboracion de Estadisticas Publicas y Acciones de Difusion,0,Control de Genuinidad de la Produccion Vitivinicola,2024-07-01 00:00:00
2023,609,16,Control de Genuinidad de la Produccion Vitivinicola,0,Control de Genuinidad de la Produccion Vitivinicola,0,Control de Genuinidad de la Produccion Vitivinicola,9,Ejecucion de Estudios y Desarrollos Vitivinicolas,0,Control de Genuinidad de la Produccion Vitivinicola,2024-07-01 00:00:00
2023,612,54,Tasacion de Bienes,0,Tasacion de Bienes,0,Tasacion de Bienes,1,Tasacion de Bienes,0,Tasacion de Bienes,2024-07-01 00:00:00
2023,613,20,Asistencia Tecnico - Financiera y Desarrollo de Infraestructura para el Saneamiento,0,Asistencia Tecnico - Financiera y Desarrollo de Infraestructura para el Saneamiento,0,Asistencia Tecnico - Financiera y Desarrollo de Infraestructura para el Saneamiento,1,Conduccion y Coordinacion Superior,0,Asistencia Tecnico - Financiera y Desarrollo de Infraestructura para el Saneamiento,2024-07-01 00:00:00
2023,613,20,Asistencia Tecnico - Financiera y Desarrollo de Infraestructura para el Saneamiento,0,Asistencia Tecnico - Financiera y Desarrollo de Infraestructura para el Saneamiento,0,Asistencia Tecnico - Financiera y Desarrollo de Infraestructura para el Saneamiento,13,Agua Potable y Saneamiento para Centros Urbanos Grandes - PAYS (BID Nº 2343),0,Asistencia Tecnico - Financiera y Desarrollo de Infraestructura para el Saneamiento,2024-07-01 00:00:00
2023,613,20,Asistencia Tecnico - Financiera y Desarrollo de Infraestructura para el Saneamiento,0,Asistencia Tecnico - Financiera y Desarrollo de Infraestructura para el Saneamiento,0,Asistencia Tecnico - Financiera y Desarrollo de Infraestructura para el Saneamiento,15,Obras de Infraestructura de Agua Potable y Desagues en Areas Urbanas,0,Asistencia Tecnico - Financiera y Desarrollo de Infraestructura para el Saneamiento,2024-07-01 00:00:00
2023,613,20,Asistencia Tecnico - Financiera y Desarrollo de Infraestructura para el Saneamiento,0,Asistencia Tecnico - Financiera y Desarrollo de Infraestructura para el Saneamiento,0,Asistencia Tecnico - Financiera y Desarrollo de Infraestructura para el Saneamiento,17,Ejecucion de Emprendimientos de Aprovisionamiento de Agua,0,Asistencia Tecnico - Financiera y Desarrollo de Infraestructura para el Saneamiento,2024-07-01 00:00:00
2023,613,20,Asistencia Tecnico - Financiera y Desarrollo de Infraestructura para el Saneamiento,0,Asistencia Tecnico - Financiera y Desarrollo de Infraestructura para el Saneamiento,0,Asistencia Tecnico - Financiera y Desarrollo de Infraestructura para el Saneamiento,22,Desarrollo de Infraestructura de Agua Potable y Saneamiento – Plan Argentina Hace,0,Asistencia Tecnico - Financiera y Desarrollo de Infraestructura para el Saneamiento,2024-07-01 00:00:00
2023,613,20,Asistencia Tecnico - Financiera y Desarrollo de Infraestructura para el Saneamiento,0,Asistencia Tecnico - Financiera y Desarrollo de Infraestructura para el Saneamiento,0,Asistencia Tecnico - Financiera y Desarrollo de Infraestructura para el Saneamiento,23,Apoyo al Desarrollo de Obras de Saneamiento y Agua Potable - PROFESA,0,Asistencia Tecnico - Financiera y Desarrollo de Infraestructura para el Saneamiento,2024-07-01 00:00:00
2023,613,20,Asistencia Tecnico - Financiera y Desarrollo de Infraestructura para el Saneamiento,0,Asistencia Tecnico - Financiera y Desarrollo de Infraestructura para el Saneamiento,0,Asistencia Tecnico - Financiera y Desarrollo de Infraestructura para el Saneamiento,24,Conduccion y Funcionamiento de Delegaciones,0,Asistencia Tecnico - Financiera y Desarrollo de Infraestructura para el Saneamiento,2024-07-01 00:00:00
2023,613,20,Asistencia Tecnico - Financiera y Desarrollo de Infraestructura para el Saneamiento,0,Asistencia Tecnico - Financiera y Desarrollo de Infraestructura para el Saneamiento,0,Asistencia Tecnico - Financiera y Desarrollo de Infraestructura para el Saneamiento,26,Agua Potable y Saneamiento para Comunidades Menores (BID 5285 OC-AR),0,Asistencia Tecnico - Financiera y Desarrollo de Infraestructura para el Saneamiento,2024-07-01 00:00:00
2023,613,20,Asistencia Tecnico - Financiera y Desarrollo de Infraestructura para el Saneamiento,2,Desarrollo de Infraestructura de Agua Potable,28,Construccion de Acueducto Sarmiento - Comodoro Rivadavia (Lago Musters) - Chubut,0,Construccion de Acueducto Sarmiento - Comodoro Rivadavia (Lago Musters) - Chubut,51,Construccion de Acueducto Sarmiento - Comodoro Rivadavia (Lago Musters) - Chubut,2024-07-01 00:00:00
2023,613,20,Asistencia Tecnico - Financiera y Desarrollo de Infraestructura para el Saneamiento,2,Desarrollo de Infraestructura de Agua Potable,36,Construccion de Sistema de Agua Potable en la Localidad de Concordia - Enre Rios (BID N° 3451 OC-AR),0,Construccion de Sistema de Agua Potable en la Localidad de Concordia - Enre Rios (BID N° 3451 OC-AR),51,Construccion de Sistema de Agua Potable en la Localidad de Concordia - Enre Rios (BID N° 3451 OC-AR),2024-07-01 00:00:00
2023,613,20,Asistencia Tecnico - Financiera y Desarrollo de Infraestructura para el Saneamiento,2,Desarrollo de Infraestructura de Agua Potable,76,Ampliacion del Sistema de Agua Potable de la Localidad de Diamante- Entre Rios (BID 5285 OC-AR)),0,Ampliacion del Sistema de Agua Potable de la Localidad de Diamante- Entre Rios (BID 5285 OC-AR)),51,Ampliacion del Sistema de Agua Potable de la Localidad de Diamante- Entre Rios (BID 5285 OC-AR),2024-07-01 00:00:00
2023,613,20,Asistencia Tecnico - Financiera y Desarrollo de Infraestructura para el Saneamiento,3,Desarrollo de Infraestructura Cloacal,77,Ampliacion de Sistema de Recoleccion y Tratamiento de Efluentes - Cuenca El Paramillo - Mendoza (BID N° 3451 OC-AR),0,Ampliacion de Sistema de Recoleccion y Tratamiento de Efluentes - Cuenca El Paramillo - Mendoza (BID N° 3451 OC-AR),53,"Ampliacion Establecimiento Depurador El Paramillo, Mendoza (BID N° 3451 OC-AR)",2024-07-01 00:00:00
2023,613,20,Asistencia Tecnico - Financiera y Desarrollo de Infraestructura para el Saneamiento,3,Desarrollo de Infraestructura Cloacal,88,Colector Costanero San Carlos de Bariloche (BID N° 3451 OC-AR),0,Colector Costanero San Carlos de Bariloche (BID N° 3451 OC-AR),51,Colector Costanero San Carlos de Bariloche (BID N° 3451 OC-AR),2024-07-01 00:00:00
2023,613,20,Asistencia Tecnico - Financiera y Desarrollo de Infraestructura para el Saneamiento,3,Desarrollo de Infraestructura Cloacal,89,Ampliacion de Planta de Tratamiento de Efluentes Cloacales- Saladillo - Buenos Aires -(BID 5285 OC-AR),0,Ampliacion de Planta de Tratamiento de Efluentes Cloacales- Saladillo - Buenos Aires -(BID 5285 OC-AR),51,Ampliacion de Planta de Tratamiento de Efluentes Cloacales- Saladillo - Buenos Aires -(BID 5285 OC-AR),2024-07-01 00:00:00
2023,613,20,Asistencia Tecnico - Financiera y Desarrollo de Infraestructura para el Saneamiento,5,Desarrollo de Infraestructura Cloacal - Etapa II,24,Ampliacion del Sistema de Desagues Cloacales para la localidad de Villaguay - Entre Rios (BID 5285 OC-AR),0,Ampliacion del Sistema de Desagues Cloacales para la localidad de Villaguay - Entre Rios (BID 5285 OC-AR),51,Ampliacion del Sistema de Desagues Cloacales para la localidad de Villaguay - Entre Rios (BID 5285 OC-AR),2024-07-01 00:00:00
2023,613,20,Asistencia Tecnico - Financiera y Desarrollo de Infraestructura para el Saneamiento,5,Desarrollo de Infraestructura Cloacal - Etapa II,26,Construccion de Redes Colectores - Alderetes - Banda del Rio Sali - Provincia de Tucuman (PAYS II - BID 3451),0,Construccion de Redes Colectores - Alderetes - Banda del Rio Sali - Provincia de Tucuman (PAYS II - BID 3451),51,Construccion de Redes Colectores - Alderetes - Banda del Rio Sali - Provincia de Tucuman (PAYS II - BID 3451),2024-07-01 00:00:00
2023,613,20,Asistencia Tecnico - Financiera y Desarrollo de Infraestructura para el Saneamiento,5,Desarrollo de Infraestructura Cloacal - Etapa II,27,Ampliacion Planta Depuradora - Alderetes y Banda de Rio Sali -Tucuman (PAYS II -BID 3451),0,Ampliacion Planta Depuradora - Alderetes y Banda de Rio Sali -Tucuman (PAYS II -BID 3451),51,Ampliacion Planta Depuradora - Alderetes y Banda de Rio Sali -Tucuman (PAYS II -BID 3451),2024-07-01 00:00:00
2023,613,20,Asistencia Tecnico - Financiera y Desarrollo de Infraestructura para el Saneamiento,5,Desarrollo de Infraestructura Cloacal - Etapa II,34,Ampliacion de Planta de Tratamiento de Liquidos Cloacales y  3ª Etapa  de Ampliacion de Redes- Jachal - San Juan,0,Ampliacion de Planta de Tratamiento de Liquidos Cloacales y  3ª Etapa  de Ampliacion de Redes- Jachal - San Juan,51,Ampliacion de Planta de Tratamiento de Liquidos Cloacales y  3ª Etapa  de Ampliacion de Redes- Jachal - San Juan,2024-07-01 00:00:00
2023,613,20,Asistencia Tecnico - Financiera y Desarrollo de Infraestructura para el Saneamiento,5,Desarrollo de Infraestructura Cloacal - Etapa II,39,Construccion de Planta de Tratamiento de Liquidos Cloacales para la Localidad de San Antonio de Areco - Buenos Aires (BID 5285 O,0,Construccion de Planta de Tratamiento de Liquidos Cloacales para la Localidad de San Antonio de Areco - Buenos Aires (BID 5285 O,51,Construccion de Planta de Tratamiento de Liquidos Cloacales para la Localidad de San Antonio de Areco - Buenos Aires (BID 5285 O,2024-07-01 00:00:00
2023,613,20,Asistencia Tecnico - Financiera y Desarrollo de Infraestructura para el Saneamiento,5,Desarrollo de Infraestructura Cloacal - Etapa II,40,"Construccion de Sistema de Desagues Cloacales  para la Localidad de Catriel, Rio Negro (BID 5285 OC-AR)",0,"Construccion de Sistema de Desagues Cloacales  para la Localidad de Catriel, Rio Negro (BID 5285 OC-AR)",51,"Construccion de Sistema de Desagues Cloacales  para la Localidad de Catriel, Rio Negro (BID 5285 OC-AR)",2024-07-01 00:00:00
2023,613,20,Asistencia Tecnico - Financiera y Desarrollo de Infraestructura para el Saneamiento,5,Desarrollo de Infraestructura Cloacal - Etapa II,45,"Ampliacion de la Planta depuradora de liquidos cloacales, ampliacion de redes y renovacion de redes cloacales existentes - Gener",0,"Ampliacion de la Planta depuradora de liquidos cloacales, ampliacion de redes y renovacion de redes cloacales existentes - Gener",51,"Ampliacion de la Planta depuradora de liquidos cloacales, ampliacion de redes y renovacion de redes cloacales existentes - Gener",2024-07-01 00:00:00
2023,614,40,Promocion del Comercio y Produccion de Semillas,0,Promocion del Comercio y Produccion de Semillas,0,Promocion del Comercio y Produccion de Semillas,1,Promocion del Comercio y Produccion de Semillas,0,Promocion del Comercio y Produccion de Semillas,2024-07-01 00:00:00
2023,620,16,Resolucion de Cuestiones Dudosas y Litigiosas,0,Resolucion de Cuestiones Dudosas y Litigiosas,0,Resolucion de Cuestiones Dudosas y Litigiosas,1,Resolucion de Cuestiones Dudosas y Litigiosas,0,Resolucion de Cuestiones Dudosas y Litigiosas,2024-07-01 00:00:00
2023,622,18,Proteccion de los Derechos de la Propiedad Industrial,0,Proteccion de los Derechos de la Propiedad Industrial,0,Proteccion de los Derechos de la Propiedad Industrial,1,Administracion y Conduccion Superior,0,Proteccion de los Derechos de la Propiedad Industrial,2024-07-01 00:00:00
2023,622,18,Proteccion de los Derechos de la Propiedad Industrial,0,Proteccion de los Derechos de la Propiedad Industrial,0,Proteccion de los Derechos de la Propiedad Industrial,2,Gestion de Patentes de Invencion y Modelos de Utilidad,0,Proteccion de los Derechos de la Propiedad Industrial,2024-07-01 00:00:00
2023,622,18,Proteccion de los Derechos de la Propiedad Industrial,0,Proteccion de los Derechos de la Propiedad Industrial,0,Proteccion de los Derechos de la Propiedad Industrial,3,Gestion de Marcas,0,Proteccion de los Derechos de la Propiedad Industrial,2024-07-01 00:00:00
2023,622,18,Proteccion de los Derechos de la Propiedad Industrial,0,Proteccion de los Derechos de la Propiedad Industrial,0,Proteccion de los Derechos de la Propiedad Industrial,4,Gestion de Modelos y Diseños Industriales,0,Proteccion de los Derechos de la Propiedad Industrial,2024-07-01 00:00:00
2023,622,18,Proteccion de los Derechos de la Propiedad Industrial,0,Proteccion de los Derechos de la Propiedad Industrial,0,Proteccion de los Derechos de la Propiedad Industrial,5,Registro de Contratos de Transferencia de Tecnologia,0,Proteccion de los Derechos de la Propiedad Industrial,2024-07-01 00:00:00
2023,623,1,Actividades Centrales,0,Actividades Centrales,0,Actividades Centrales,1,Acciones Integrales para el Funcionamiento y Administracion del SENASA,0,Actividades Centrales,2024-07-01 00:00:00
2023,623,1,Actividades Centrales,0,Actividades Centrales,0,Actividades Centrales,41,Acciones de Fortalecimiento Institucional,0,Actividades Centrales,2024-07-01 00:00:00
2023,623,1,Actividades Centrales,0,Actividades Centrales,0,Actividades Centrales,42,"Acciones de Control Fronterizo, Puertos y Barreras Sanitarias",0,Actividades Centrales,2024-07-01 00:00:00
2023,623,24,Acciones para la Sanidad Animal,0,Acciones para la Sanidad Animal,0,Acciones para la Sanidad Animal,41,Acciones de Coordinacion Sanitaria Animal,0,Acciones para la Sanidad Animal,2024-07-01 00:00:00
2023,623,24,Acciones para la Sanidad Animal,0,Acciones para la Sanidad Animal,0,Acciones para la Sanidad Animal,42,Acciones de Control de Gestion y Programas Especiales,0,Acciones para la Sanidad Animal,2024-07-01 00:00:00
2023,623,24,Acciones para la Sanidad Animal,0,Acciones para la Sanidad Animal,0,Acciones para la Sanidad Animal,45,Acciones para el Comercio Exterior,0,Acciones para la Sanidad Animal,2024-07-01 00:00:00
2023,623,24,Acciones para la Sanidad Animal,0,Acciones para la Sanidad Animal,0,Acciones para la Sanidad Animal,46,Acciones de Control y Erradicacion de Aftosa,0,Acciones para la Sanidad Animal,2024-07-01 00:00:00
2023,623,24,Acciones para la Sanidad Animal,0,Acciones para la Sanidad Animal,0,Acciones para la Sanidad Animal,47,Acciones de Control y Erradicacion de Brucelosis Bovina,0,Acciones para la Sanidad Animal,2024-07-01 00:00:00
2023,623,24,Acciones para la Sanidad Animal,0,Acciones para la Sanidad Animal,0,Acciones para la Sanidad Animal,48,Acciones de Control y Erradicacion Tuberculosis Bovina,0,Acciones para la Sanidad Animal,2024-07-01 00:00:00
2023,623,24,Acciones para la Sanidad Animal,0,Acciones para la Sanidad Animal,0,Acciones para la Sanidad Animal,49,Acciones de Control y Vigilancia Encefalopatia Espongiforme Bovina (BSE),0,Acciones para la Sanidad Animal,2024-07-01 00:00:00
2023,623,24,Acciones para la Sanidad Animal,0,Acciones para la Sanidad Animal,0,Acciones para la Sanidad Animal,50,Acciones de Control sobre la Sanidad Aviar,0,Acciones para la Sanidad Animal,2024-07-01 00:00:00
2023,623,24,Acciones para la Sanidad Animal,0,Acciones para la Sanidad Animal,0,Acciones para la Sanidad Animal,51,Acciones de Control de las Enfermedades de los Equinos,0,Acciones para la Sanidad Animal,2024-07-01 00:00:00
2023,623,24,Acciones para la Sanidad Animal,0,Acciones para la Sanidad Animal,0,Acciones para la Sanidad Animal,52,Accion de Control sobre la Sanidad de Porcinos,0,Acciones para la Sanidad Animal,2024-07-01 00:00:00
2023,623,24,Acciones para la Sanidad Animal,0,Acciones para la Sanidad Animal,0,Acciones para la Sanidad Animal,53,Acciones de Control de las Enfermedades que Afectan la Apicultura,0,Acciones para la Sanidad Animal,2024-07-01 00:00:00
2023,623,24,Acciones para la Sanidad Animal,0,Acciones para la Sanidad Animal,0,Acciones para la Sanidad Animal,54,Acciones de Control sobre Enfermedades Zoonoticas,0,Acciones para la Sanidad Animal,2024-07-01 00:00:00
2023,623,24,Acciones para la Sanidad Animal,0,Acciones para la Sanidad Animal,0,Acciones para la Sanidad Animal,55,Acciones de Control de las Enfermedades que Afectan a los Animales Acuaticos,0,Acciones para la Sanidad Animal,2024-07-01 00:00:00
2023,623,24,Acciones para la Sanidad Animal,0,Acciones para la Sanidad Animal,0,Acciones para la Sanidad Animal,56,Acciones de Control sobre las Enfermedades que Afectan a los Pequeños Rumiantes,0,Acciones para la Sanidad Animal,2024-07-01 00:00:00
2023,623,24,Acciones para la Sanidad Animal,0,Acciones para la Sanidad Animal,0,Acciones para la Sanidad Animal,57,Acciones de Respuesta Analitica sobre la Sanidad Animal,0,Acciones para la Sanidad Animal,2024-07-01 00:00:00
2023,623,24,Acciones para la Sanidad Animal,0,Acciones para la Sanidad Animal,0,Acciones para la Sanidad Animal,58,Acciones de Aprobacion de Productos Veterinarios,0,Acciones para la Sanidad Animal,2024-07-01 00:00:00
2023,623,24,Acciones para la Sanidad Animal,0,Acciones para la Sanidad Animal,0,Acciones para la Sanidad Animal,59,Acciones de Control sobre la Rabia Paresiante,0,Acciones para la Sanidad Animal,2024-07-01 00:00:00
2023,623,24,Acciones para la Sanidad Animal,0,Acciones para la Sanidad Animal,0,Acciones para la Sanidad Animal,60,Acciones de Control de las Enfermedades Transmitidas por Ectoparasitos,0,Acciones para la Sanidad Animal,2024-07-01 00:00:00
2023,623,25,Acciones para la Proteccion Vegetal,0,Acciones para la Proteccion Vegetal,0,Acciones para la Proteccion Vegetal,41,Acciones de Coordinacion Fitosanitaria,0,Acciones para la Proteccion Vegetal,2024-07-01 00:00:00
2023,623,25,Acciones para la Proteccion Vegetal,0,Acciones para la Proteccion Vegetal,0,Acciones para la Proteccion Vegetal,42,Acciones de Control sobre la Sanidad de Embalajes de Madera,0,Acciones para la Proteccion Vegetal,2024-07-01 00:00:00
2023,623,25,Acciones para la Proteccion Vegetal,0,Acciones para la Proteccion Vegetal,0,Acciones para la Proteccion Vegetal,43,Acciones para el Comercio Exterior,0,Acciones para la Proteccion Vegetal,2024-07-01 00:00:00
2023,623,25,Acciones para la Proteccion Vegetal,0,Acciones para la Proteccion Vegetal,0,Acciones para la Proteccion Vegetal,44,Acciones de Bioseguridad Agroambiental,0,Acciones para la Proteccion Vegetal,2024-07-01 00:00:00
2023,623,25,Acciones para la Proteccion Vegetal,0,Acciones para la Proteccion Vegetal,0,Acciones para la Proteccion Vegetal,47,Acciones de Informacion Estrategica Fitosanitaria,0,Acciones para la Proteccion Vegetal,2024-07-01 00:00:00
2023,623,25,Acciones para la Proteccion Vegetal,0,Acciones para la Proteccion Vegetal,0,Acciones para la Proteccion Vegetal,48,Acciones de Control sobre la Plaga del Picudo Mexicano Algodonero,0,Acciones para la Proteccion Vegetal,2024-07-01 00:00:00
2023,623,25,Acciones para la Proteccion Vegetal,0,Acciones para la Proteccion Vegetal,0,Acciones para la Proteccion Vegetal,49,Acciones de Control sobre la Plaga de Carpocapsa,0,Acciones para la Proteccion Vegetal,2024-07-01 00:00:00
2023,623,25,Acciones para la Proteccion Vegetal,0,Acciones para la Proteccion Vegetal,0,Acciones para la Proteccion Vegetal,50,Acciones de Control sobre la Plaga de Mosca de los Frutos,0,Acciones para la Proteccion Vegetal,2024-07-01 00:00:00
2023,623,25,Acciones para la Proteccion Vegetal,0,Acciones para la Proteccion Vegetal,0,Acciones para la Proteccion Vegetal,51,Acciones de Control sobre Plagas Forestales,0,Acciones para la Proteccion Vegetal,2024-07-01 00:00:00
2023,623,25,Acciones para la Proteccion Vegetal,0,Acciones para la Proteccion Vegetal,0,Acciones para la Proteccion Vegetal,52,Acciones de Control sobre la Plaga de Langosta y Tucura,0,Acciones para la Proteccion Vegetal,2024-07-01 00:00:00
2023,623,25,Acciones para la Proteccion Vegetal,0,Acciones para la Proteccion Vegetal,0,Acciones para la Proteccion Vegetal,53,Acciones de Control sobre Material de Propagacion,0,Acciones para la Proteccion Vegetal,2024-07-01 00:00:00
2023,623,25,Acciones para la Proteccion Vegetal,0,Acciones para la Proteccion Vegetal,0,Acciones para la Proteccion Vegetal,54,Acciones de Control sobre la Plaga de Lobesia Botrana,0,Acciones para la Proteccion Vegetal,2024-07-01 00:00:00
2023,623,25,Acciones para la Proteccion Vegetal,0,Acciones para la Proteccion Vegetal,0,Acciones para la Proteccion Vegetal,55,Acciones de Control sobre  Huanglongbing,0,Acciones para la Proteccion Vegetal,2024-07-01 00:00:00
2023,623,25,Acciones para la Proteccion Vegetal,0,Acciones para la Proteccion Vegetal,0,Acciones para la Proteccion Vegetal,56,Acciones de Fiscalizacion Permanente de Centros de Tratamientos,0,Acciones para la Proteccion Vegetal,2024-07-01 00:00:00
2023,623,25,Acciones para la Proteccion Vegetal,0,Acciones para la Proteccion Vegetal,0,Acciones para la Proteccion Vegetal,57,Acciones de Respuesta Analitica Fitosanitaria,0,Acciones para la Proteccion Vegetal,2024-07-01 00:00:00
2023,623,25,Acciones para la Proteccion Vegetal,0,Acciones para la Proteccion Vegetal,0,Acciones para la Proteccion Vegetal,58,Acciones de Aprobacion de Productos Agroquimicos y Fertilizantes,0,Acciones para la Proteccion Vegetal,2024-07-01 00:00:00
2023,623,26,Acciones para la Inocuidad y Calidad Agroalimentaria,0,Acciones para la Inocuidad y Calidad Agroalimentaria,0,Acciones para la Inocuidad y Calidad Agroalimentaria,41,Acciones de Coordinacion sobre Inocuidad y Calidad Agroalimentaria,0,Acciones para la Inocuidad y Calidad Agroalimentaria,2024-07-01 00:00:00
2023,623,26,Acciones para la Inocuidad y Calidad Agroalimentaria,0,Acciones para la Inocuidad y Calidad Agroalimentaria,0,Acciones para la Inocuidad y Calidad Agroalimentaria,47,Acciones de Vigilancia y Alertas de Residuos y Contaminantes,0,Acciones para la Inocuidad y Calidad Agroalimentaria,2024-07-01 00:00:00
2023,623,26,Acciones para la Inocuidad y Calidad Agroalimentaria,0,Acciones para la Inocuidad y Calidad Agroalimentaria,0,Acciones para la Inocuidad y Calidad Agroalimentaria,49,Acciones de Respuesta Analitica sobre Alimentos,0,Acciones para la Inocuidad y Calidad Agroalimentaria,2024-07-01 00:00:00
2023,623,26,Acciones para la Inocuidad y Calidad Agroalimentaria,0,Acciones para la Inocuidad y Calidad Agroalimentaria,0,Acciones para la Inocuidad y Calidad Agroalimentaria,50,Acciones de Control sobre la Inocuidad y Calidad de Productos y Subproductos de Origen de Animales Terrestres,0,Acciones para la Inocuidad y Calidad Agroalimentaria,2024-07-01 00:00:00
2023,623,26,Acciones para la Inocuidad y Calidad Agroalimentaria,0,Acciones para la Inocuidad y Calidad Agroalimentaria,0,Acciones para la Inocuidad y Calidad Agroalimentaria,51,Acciones de Control sobre la Inocuidad y Calidad de Productos y Subproductos de Origen de la Pesca y Acuicultura,0,Acciones para la Inocuidad y Calidad Agroalimentaria,2024-07-01 00:00:00
2023,623,26,Acciones para la Inocuidad y Calidad Agroalimentaria,0,Acciones para la Inocuidad y Calidad Agroalimentaria,0,Acciones para la Inocuidad y Calidad Agroalimentaria,52,"Acciones de Control sobre la Inocuidad y Calidad de Frutas, Hortalizas y Aromaticas",0,Acciones para la Inocuidad y Calidad Agroalimentaria,2024-07-01 00:00:00
2023,623,26,Acciones para la Inocuidad y Calidad Agroalimentaria,0,Acciones para la Inocuidad y Calidad Agroalimentaria,0,Acciones para la Inocuidad y Calidad Agroalimentaria,53,Acciones de Control de Piensos y Granarios,0,Acciones para la Inocuidad y Calidad Agroalimentaria,2024-07-01 00:00:00
2023,623,26,Acciones para la Inocuidad y Calidad Agroalimentaria,0,Acciones para la Inocuidad y Calidad Agroalimentaria,0,Acciones para la Inocuidad y Calidad Agroalimentaria,54,Acciones para la Estrategia y Analisis de Riesgo sobre Inocuidad y Calidad Agroalimentaria,0,Acciones para la Inocuidad y Calidad Agroalimentaria,2024-07-01 00:00:00
2023,624,1,Actividades Centrales,0,Actividades Centrales,0,Actividades Centrales,1,Conduccion y Direccion Superior,0,Actividades Centrales,2024-07-01 00:00:00
2023,624,1,Actividades Centrales,0,Actividades Centrales,0,Actividades Centrales,2,Coordinacion de Actividades Regionales,0,Actividades Centrales,2024-07-01 00:00:00
2023,624,16,Desarrollo y Aplicacion de la Tecnologia Minera,0,Desarrollo y Aplicacion de la Tecnologia Minera,0,Desarrollo y Aplicacion de la Tecnologia Minera,1,"Servicios Analiticos, Ensayos y Procesos",0,Desarrollo y Aplicacion de la Tecnologia Minera,2024-07-01 00:00:00
2023,624,16,Desarrollo y Aplicacion de la Tecnologia Minera,0,Desarrollo y Aplicacion de la Tecnologia Minera,0,Desarrollo y Aplicacion de la Tecnologia Minera,2,Asistencia al Sector Minero,0,Desarrollo y Aplicacion de la Tecnologia Minera,2024-07-01 00:00:00
2023,624,16,Desarrollo y Aplicacion de la Tecnologia Minera,0,Desarrollo y Aplicacion de la Tecnologia Minera,8,Construccion Laboratorio de Geoquimica Isotopica y Geocronologia - San Martin - Provincia de Buenos Aires,0,Construccion Laboratorio de Geoquimica Isotopica y Geocronologia - San Martin - Provincia de Buenos Aires,51,Construccion Laboratorio de Geoquimica Isotopica y Geocronologia - San Martin - Provincia de Buenos Aires,2024-07-01 00:00:00
2023,624,19,Produccion de Informacion Geologica de Base,0,Produccion de Informacion Geologica de Base,0,Produccion de Informacion Geologica de Base,1,Evaluacion y Produccion Geologica de Base para el Desarrollo Territorial,0,Produccion de Informacion Geologica de Base,2024-07-01 00:00:00
2023,624,19,Produccion de Informacion Geologica de Base,0,Produccion de Informacion Geologica de Base,0,Produccion de Informacion Geologica de Base,3,Reduccion de Riesgos Geologicos,0,Produccion de Informacion Geologica de Base,2024-07-01 00:00:00
2023,624,19,Produccion de Informacion Geologica de Base,0,Produccion de Informacion Geologica de Base,2,Construccion Observatorio Nacional Andino de Monitoreo y Riesgo Volcanico,0,Construccion Observatorio Nacional Andino de Monitoreo y Riesgo Volcanico,51,Construccion Observatorio Nacional Andino de Monitoreo y Riesgo Volcanico,2024-07-01 00:00:00
2023,624,19,Produccion de Informacion Geologica de Base,0,Produccion de Informacion Geologica de Base,10,"Puesta en Valor, Remodelacion y Equipamiento de Facilidades para la Implementacion y Relanzamiento del Museo Minero",0,"Puesta en Valor, Remodelacion y Equipamiento de Facilidades para la Implementacion y Relanzamiento del Museo Minero",51,"Puesta en Valor, Remodelacion y Equipamiento de Facilidades para la Implementacion y Relanzamiento del Museo Minero",2024-07-01 00:00:00
2023,651,16,Regulacion del Transporte y Distribucion  de Gas,0,Regulacion del Transporte y Distribucion  de Gas,0,Regulacion del Transporte y Distribucion  de Gas,1,Regulacion del Transporte y Distribucion  de Gas,0,Regulacion del Transporte y Distribucion  de Gas,2024-07-01 00:00:00
2023,652,16,Regulacion y Contralor del Mercado Electrico,0,Regulacion y Contralor del Mercado Electrico,0,Regulacion y Contralor del Mercado Electrico,1,Regulacion y Contralor del Mercado Electrico,0,Regulacion y Contralor del Mercado Electrico,2024-07-01 00:00:00
2023,656,17,Control de Seguridad de Presas,0,Control de Seguridad de Presas,0,Control de Seguridad de Presas,1,Conduccion y Administracion,0,Control de Seguridad de Presas,2024-07-01 00:00:00
2023,656,17,Control de Seguridad de Presas,0,Control de Seguridad de Presas,0,Control de Seguridad de Presas,2,Control Region Patagonia,0,Control de Seguridad de Presas,2024-07-01 00:00:00
2023,656,17,Control de Seguridad de Presas,0,Control de Seguridad de Presas,0,Control de Seguridad de Presas,3,Control Region Comahue,0,Control de Seguridad de Presas,2024-07-01 00:00:00
2023,656,17,Control de Seguridad de Presas,0,Control de Seguridad de Presas,0,Control de Seguridad de Presas,4,Control Region Cuyo - Centro,0,Control de Seguridad de Presas,2024-07-01 00:00:00
2023,656,17,Control de Seguridad de Presas,0,Control de Seguridad de Presas,0,Control de Seguridad de Presas,5,Control Region Noroeste Argentino,0,Control de Seguridad de Presas,2024-07-01 00:00:00
2023,661,1,Actividades Centrales,0,Actividades Centrales,0,Actividades Centrales,1,Conduccion y Administracion,0,Actividades Centrales,2024-07-01 00:00:00
2023,661,37,"Fiscalizacion, Regulacion y Control del Servicio de Transporte Terrestre",0,"Fiscalizacion, Regulacion y Control del Servicio de Transporte Terrestre",0,"Fiscalizacion, Regulacion y Control del Servicio de Transporte Terrestre",2,Control Automotor,0,"Fiscalizacion, Regulacion y Control del Servicio de Transporte Terrestre",2024-07-01 00:00:00
2023,661,37,"Fiscalizacion, Regulacion y Control del Servicio de Transporte Terrestre",0,"Fiscalizacion, Regulacion y Control del Servicio de Transporte Terrestre",0,"Fiscalizacion, Regulacion y Control del Servicio de Transporte Terrestre",3,Control Ferroviario,0,"Fiscalizacion, Regulacion y Control del Servicio de Transporte Terrestre",2024-07-01 00:00:00
2023,664,16,Control del Sistema Nacional de Aeropuertos,0,Control del Sistema Nacional de Aeropuertos,0,Control del Sistema Nacional de Aeropuertos,1,Conduccion Superior,0,Control del Sistema Nacional de Aeropuertos,2024-07-01 00:00:00
2023,664,16,Control del Sistema Nacional de Aeropuertos,0,Control del Sistema Nacional de Aeropuertos,0,Control del Sistema Nacional de Aeropuertos,2,Seguimiento y Evaluacion del Contrato de Concesion,0,Control del Sistema Nacional de Aeropuertos,2024-07-01 00:00:00
2023,664,16,Control del Sistema Nacional de Aeropuertos,0,Control del Sistema Nacional de Aeropuertos,0,Control del Sistema Nacional de Aeropuertos,4,Atencion a los Usuarios,0,Control del Sistema Nacional de Aeropuertos,2024-07-01 00:00:00
2023,669,16,"Regulacion, Fiscalizacion  y Administracion de la Aviacion Civil",0,"Regulacion, Fiscalizacion  y Administracion de la Aviacion Civil",0,"Regulacion, Fiscalizacion  y Administracion de la Aviacion Civil",1,Conduccion y Administracion,0,"Regulacion, Fiscalizacion  y Administracion de la Aviacion Civil",2024-07-01 00:00:00
2023,669,16,"Regulacion, Fiscalizacion  y Administracion de la Aviacion Civil",0,"Regulacion, Fiscalizacion  y Administracion de la Aviacion Civil",0,"Regulacion, Fiscalizacion  y Administracion de la Aviacion Civil",2,Gestion de la Seguridad Operacional,0,"Regulacion, Fiscalizacion  y Administracion de la Aviacion Civil",2024-07-01 00:00:00
2023,669,16,"Regulacion, Fiscalizacion  y Administracion de la Aviacion Civil",0,"Regulacion, Fiscalizacion  y Administracion de la Aviacion Civil",0,"Regulacion, Fiscalizacion  y Administracion de la Aviacion Civil",3,Inspecciones de Navegacion Aerea,0,"Regulacion, Fiscalizacion  y Administracion de la Aviacion Civil",2024-07-01 00:00:00
2023,669,16,"Regulacion, Fiscalizacion  y Administracion de la Aviacion Civil",0,"Regulacion, Fiscalizacion  y Administracion de la Aviacion Civil",0,"Regulacion, Fiscalizacion  y Administracion de la Aviacion Civil",4,Administracion y Mantenimiento de la Infraestructura y Servicios Aeroportuarios,0,"Regulacion, Fiscalizacion  y Administracion de la Aviacion Civil",2024-07-01 00:00:00
2023,669,16,"Regulacion, Fiscalizacion  y Administracion de la Aviacion Civil",0,"Regulacion, Fiscalizacion  y Administracion de la Aviacion Civil",0,"Regulacion, Fiscalizacion  y Administracion de la Aviacion Civil",5,Fiscalizacion y Control del Transporte Aerocomercial,0,"Regulacion, Fiscalizacion  y Administracion de la Aviacion Civil",2024-07-01 00:00:00
2023,669,16,"Regulacion, Fiscalizacion  y Administracion de la Aviacion Civil",0,"Regulacion, Fiscalizacion  y Administracion de la Aviacion Civil",0,"Regulacion, Fiscalizacion  y Administracion de la Aviacion Civil",6,"Formacion, Capacitacion y Entrenamiento del Personal Aeronautico",0,"Regulacion, Fiscalizacion  y Administracion de la Aviacion Civil",2024-07-01 00:00:00
2023,670,37,Prevencion del Lavado de Activos,0,Prevencion del Lavado de Activos,0,Prevencion del Lavado de Activos,1,Conduccion y Administracion,0,Prevencion del Lavado de Activos,2024-07-01 00:00:00
2023,670,37,Prevencion del Lavado de Activos,0,Prevencion del Lavado de Activos,0,Prevencion del Lavado de Activos,2,Acciones para la Prevencion del Lavado de Activos,0,Prevencion del Lavado de Activos,2024-07-01 00:00:00
2023,671,16,Investigacion de Accidentes y Promocion de la Seguridad,0,Investigacion de Accidentes y Promocion de la Seguridad,0,Investigacion de Accidentes y Promocion de la Seguridad,1,Conduccion y Administracion,0,Investigacion de Accidentes y Promocion de la Seguridad,2024-07-01 00:00:00
2023,671,16,Investigacion de Accidentes y Promocion de la Seguridad,0,Investigacion de Accidentes y Promocion de la Seguridad,0,Investigacion de Accidentes y Promocion de la Seguridad,3,Investigacion Tecnica y Operativa de Sucesos Aeronauticos,0,Investigacion de Accidentes y Promocion de la Seguridad,2024-07-01 00:00:00
2023,672,16,Formulacion de Politicas en Materia de Manejo de las Vias Navegables,0,Formulacion de Politicas en Materia de Manejo de las Vias Navegables,0,Formulacion de Politicas en Materia de Manejo de las Vias Navegables,1,Formulacion de Politicas en Materia de Manejo de las Vias Navegables,0,Formulacion de Politicas en Materia de Manejo de las Vias Navegables,2024-07-01 00:00:00
2023,802,16,Financiamiento para el Fomento de las Artes,0,Financiamiento para el Fomento de las Artes,0,Financiamiento para el Fomento de las Artes,4,Conduccion y Administracion,0,Financiamiento para el Fomento de las Artes,2024-07-01 00:00:00
2023,802,16,Financiamiento para el Fomento de las Artes,0,Financiamiento para el Fomento de las Artes,0,Financiamiento para el Fomento de las Artes,5,Gestion para los Artistas Nacionales,0,Financiamiento para el Fomento de las Artes,2024-07-01 00:00:00
2023,804,16,Evaluacion y Acreditacion Universitaria,0,Evaluacion y Acreditacion Universitaria,0,Evaluacion y Acreditacion Universitaria,1,Conduccion,0,Evaluacion y Acreditacion Universitaria,2024-07-01 00:00:00
2023,804,16,Evaluacion y Acreditacion Universitaria,0,Evaluacion y Acreditacion Universitaria,0,Evaluacion y Acreditacion Universitaria,2,Administracion,0,Evaluacion y Acreditacion Universitaria,2024-07-01 00:00:00
2023,804,16,Evaluacion y Acreditacion Universitaria,0,Evaluacion y Acreditacion Universitaria,0,Evaluacion y Acreditacion Universitaria,3,Acreditacion de Carrera de Grado y Especializaciones de Postgrado,0,Evaluacion y Acreditacion Universitaria,2024-07-01 00:00:00
2023,804,16,Evaluacion y Acreditacion Universitaria,0,Evaluacion y Acreditacion Universitaria,0,Evaluacion y Acreditacion Universitaria,4,Evaluacion Institucional Externa y de Proyectos Institucionales,0,Evaluacion y Acreditacion Universitaria,2024-07-01 00:00:00
2023,804,16,Evaluacion y Acreditacion Universitaria,0,Evaluacion y Acreditacion Universitaria,0,Evaluacion y Acreditacion Universitaria,5,"Desarrollo, Planeamiento y Relaciones Internacionales",0,Evaluacion y Acreditacion Universitaria,2024-07-01 00:00:00
2023,850,1,Actividades Centrales,0,Actividades Centrales,0,Actividades Centrales,1,Direccion Superior,0,Actividades Centrales,2024-07-01 00:00:00
2023,850,1,Actividades Centrales,0,Actividades Centrales,0,Actividades Centrales,10,Otorgamiento y Gestion de Prestaciones y Servicios de la Seguridad Social,0,Actividades Centrales,2024-07-01 00:00:00
2023,850,1,Actividades Centrales,0,Actividades Centrales,0,Actividades Centrales,11,Administracion y Apoyo Logistico,0,Actividades Centrales,2024-07-01 00:00:00
2023,850,1,Actividades Centrales,0,Actividades Centrales,0,Actividades Centrales,12,Administracion del Fondo de Garantia de Sustentabilidad del Sistema Integrado Previsional Argentino (SIPA),0,Actividades Centrales,2024-07-01 00:00:00
2023,850,1,Actividades Centrales,0,Actividades Centrales,0,Actividades Centrales,13,"Coordinacion de Actividades del Servicio Juridico, del Diseño de Normas y Actos Administrativos",0,Actividades Centrales,2024-07-01 00:00:00
2023,850,1,Actividades Centrales,0,Actividades Centrales,0,Actividades Centrales,16,Cobertura de Proteccion Social en Poblaciones Vulnerables en Zonas de Influencia Indigena (Convenio UNICEF),0,Actividades Centrales,2024-07-01 00:00:00
2023,850,1,Actividades Centrales,1,Desarrollo de Infraestructura,22,Puesta en Valor de Edificios Ubicados en la Jefatura Regional Noroeste,0,Puesta en Valor de Edificios Ubicados en la Jefatura Regional Noroeste,51,Puesta en Valor de Edificios Ubicados en la Jefatura Regional Noroeste,2024-07-01 00:00:00
2023,850,1,Actividades Centrales,1,Desarrollo de Infraestructura,23,Puesta en Valor de Edificios Ubicados en la Jefatura Regional Conurbano I,0,Puesta en Valor de Edificios Ubicados en la Jefatura Regional Conurbano I,51,Puesta en Valor de Edificios Ubicados en la Jefatura Regional Conurbano I,2024-07-01 00:00:00
2023,850,1,Actividades Centrales,1,Desarrollo de Infraestructura,28,Puesta En Valor Edificios Regional Conurbano II,0,Puesta En Valor Edificios Regional Conurbano II,51,Puesta En Valor Edificios Regional Conurbano II,2024-07-01 00:00:00
2023,850,16,Prestaciones Previsionales,1,Prestaciones Previsionales del Regimen de Reparto,0,Prestaciones Previsionales del Regimen de Reparto,40,Prestaciones Previsionales del Regimen de Reparto,0,Prestaciones Previsionales del Regimen de Reparto,2024-07-01 00:00:00
2023,850,16,Prestaciones Previsionales,1,Prestaciones Previsionales del Regimen de Reparto,0,Prestaciones Previsionales del Regimen de Reparto,43,Reparacion Historica de Haberes,0,Prestaciones Previsionales del Regimen de Reparto,2024-07-01 00:00:00
2023,850,16,Prestaciones Previsionales,3,Prestaciones Previsionales por Moratoria Previsional (PPG),0,Prestaciones Previsionales por Moratoria Previsional (PPG),40,Prestaciones Previsionales por Moratoria Previsional (PPG),0,Prestaciones Previsionales por Moratoria Previsional (PPG),2024-07-01 00:00:00
2023,850,17,Complementos a las Prestaciones Previsionales,0,Complementos a las Prestaciones Previsionales,0,Complementos a las Prestaciones Previsionales,1,Complementos a las Prestaciones Previsionales,0,Complementos a las Prestaciones Previsionales,2024-07-01 00:00:00
2023,850,18,Seguro de Desempleo,0,Seguro de Desempleo,0,Seguro de Desempleo,1,Seguro de Desempleo,0,Seguro de Desempleo,2024-07-01 00:00:00
2023,850,19,Asignaciones Familiares,1,Asignaciones Familiares Activos (NNA) (DIS),0,Asignaciones Familiares Activos (NNA) (DIS),45,Asignaciones Familiares Activos (NNA) (DIS),0,Asignaciones Familiares Activos (NNA) (DIS),2024-07-01 00:00:00
2023,850,19,Asignaciones Familiares,1,Asignaciones Familiares Activos (NNA) (DIS),0,Asignaciones Familiares Activos (NNA) (DIS),46,Asignaciones Familiares Monotributistas (NNA) (DIS),0,Asignaciones Familiares Activos (NNA) (DIS),2024-07-01 00:00:00
2023,850,19,Asignaciones Familiares,1,Asignaciones Familiares Activos (NNA) (DIS),0,Asignaciones Familiares Activos (NNA) (DIS),47,Complemento Asignaciones Familiares Activos (NNA) (DIS),0,Asignaciones Familiares Activos (NNA) (DIS),2024-07-01 00:00:00
2023,850,19,Asignaciones Familiares,2,Asignaciones Familiares Pasivos (NNA) (DIS),0,Asignaciones Familiares Pasivos (NNA) (DIS),45,Asignaciones Familiares Pasivos (NNA) (DIS),0,Asignaciones Familiares Pasivos (NNA) (DIS),2024-07-01 00:00:00
2023,850,19,Asignaciones Familiares,2,Asignaciones Familiares Pasivos (NNA) (DIS),0,Asignaciones Familiares Pasivos (NNA) (DIS),46,Asignaciones Familiares Pension Universal (NNA) (DIS),0,Asignaciones Familiares Pasivos (NNA) (DIS),2024-07-01 00:00:00
2023,850,19,Asignaciones Familiares,3,Asignacion Universal para Proteccion Social (PPG) (NNA) (DIS),0,Asignacion Universal para Proteccion Social (PPG) (NNA) (DIS),41,Asignacion Universal para Proteccion Social (PPG) (NNA) (DIS),0,Asignacion Universal para Proteccion Social (PPG) (NNA) (DIS),2024-07-01 00:00:00
2023,850,19,Asignaciones Familiares,4,Asignaciones Familiares Sector Publico Nacional (NNA) (DIS),0,Asignaciones Familiares Sector Publico Nacional (NNA) (DIS),45,Asignaciones Familiares Sector Publico Nacional (NNA) (DIS),0,Asignaciones Familiares Sector Publico Nacional (NNA) (DIS),2024-07-01 00:00:00
2023,850,20,Atencion Ex-Cajas Provinciales,0,Atencion Ex-Cajas Provinciales,0,Atencion Ex-Cajas Provinciales,40,Atencion Ex-Cajas Provinciales,0,Atencion Ex-Cajas Provinciales,2024-07-01 00:00:00
2023,850,21,Atencion Pensiones Ex-Combatientes y Regimen Reparatorio Ley Nº26.913,0,Atencion Pensiones Ex-Combatientes y Regimen Reparatorio Ley Nº26.913,0,Atencion Pensiones Ex-Combatientes y Regimen Reparatorio Ley Nº26.913,1,Atencion Pensiones Ex-Combatientes,0,Atencion Pensiones Ex-Combatientes y Regimen Reparatorio Ley Nº26.913,2024-07-01 00:00:00
2023,850,21,Atencion Pensiones Ex-Combatientes y Regimen Reparatorio Ley Nº26.913,0,Atencion Pensiones Ex-Combatientes y Regimen Reparatorio Ley Nº26.913,0,Atencion Pensiones Ex-Combatientes y Regimen Reparatorio Ley Nº26.913,2,Regimen Reparatorio Ley Nº 26.913,0,Atencion Pensiones Ex-Combatientes y Regimen Reparatorio Ley Nº26.913,2024-07-01 00:00:00
2023,850,30,Pension Universal para el Adulto Mayor,0,Pension Universal para el Adulto Mayor,0,Pension Universal para el Adulto Mayor,42,Pension Universal para el Adulto Mayor,0,Pension Universal para el Adulto Mayor,2024-07-01 00:00:00
2023,850,31,Pensiones No Contributivas (Decreto N° 746/2017),0,Pensiones No Contributivas (Decreto N° 746/2017),0,Pensiones No Contributivas (Decreto N° 746/2017),1,Pensiones No Contributivas (Decreto N° 746/2017),0,Pensiones No Contributivas (Decreto N° 746/2017),2024-07-01 00:00:00
2023,850,31,Pensiones No Contributivas (Decreto N° 746/2017),0,Pensiones No Contributivas (Decreto N° 746/2017),0,Pensiones No Contributivas (Decreto N° 746/2017),41,Pensiones no Contributivas Graciables,0,Pensiones No Contributivas (Decreto N° 746/2017),2024-07-01 00:00:00
2023,850,31,Pensiones No Contributivas (Decreto N° 746/2017),0,Pensiones No Contributivas (Decreto N° 746/2017),0,Pensiones No Contributivas (Decreto N° 746/2017),42,Pensiones no Contributivas Madres de 7 o mas Hijos (PPG),0,Pensiones No Contributivas (Decreto N° 746/2017),2024-07-01 00:00:00
2023,850,32,Acciones de Nutricion – Programa 1.000 Dias,0,Acciones de Nutricion – Programa 1.000 Dias,0,Acciones de Nutricion – Programa 1.000 Dias,1,Acciones de Nutricion – Programa 1.000 Dias,0,Acciones de Nutricion – Programa 1.000 Dias,2024-07-01 00:00:00
2023,850,99,Transferencias y Contribuciones a la Seguridad Social y Organismos Descentralizados,3,Transferencias al Instituto Nacional de Servicios Sociales para Jubilados y Pensionados,0,Transferencias al Instituto Nacional de Servicios Sociales para Jubilados y Pensionados,1,Transferencias al Instituto Nacional de Servicios Sociales para Jubilados y Pensionados,0,Transferencias al Instituto Nacional de Servicios Sociales para Jubilados y Pensionados,2024-07-01 00:00:00
2023,850,99,Transferencias y Contribuciones a la Seguridad Social y Organismos Descentralizados,7,Transferencias a Cajas Previsionales Provinciales,0,Transferencias a Cajas Previsionales Provinciales,1,Transferencias a Cajas Previsionales Provinciales,0,Transferencias a Cajas Previsionales Provinciales,2024-07-01 00:00:00
2023,852,16,Fiscalizacion Cumplimiento de la Ley de Riesgos del Trabajo,0,Fiscalizacion Cumplimiento de la Ley de Riesgos del Trabajo,0,Fiscalizacion Cumplimiento de la Ley de Riesgos del Trabajo,1,Fiscalizacion Cumplimiento de la Ley de Riesgos del Trabajo,0,Fiscalizacion Cumplimiento de la Ley de Riesgos del Trabajo,2024-07-01 00:00:00
2023,902,52,Asistencia para la Salud Mental y Consumos Problematicos  (DIS),0,Asistencia para la Salud Mental y Consumos Problematicos  (DIS),0,Asistencia para la Salud Mental y Consumos Problematicos  (DIS),1,Conduccion y  Coordinacion (DIS),0,Asistencia para la Salud Mental y Consumos Problematicos  (DIS),2024-07-01 00:00:00
2023,902,52,Asistencia para la Salud Mental y Consumos Problematicos  (DIS),0,Asistencia para la Salud Mental y Consumos Problematicos  (DIS),0,Asistencia para la Salud Mental y Consumos Problematicos  (DIS),2,Asistencia para la Salud Integral (DIS),0,Asistencia para la Salud Mental y Consumos Problematicos  (DIS),2024-07-01 00:00:00
2023,902,52,Asistencia para la Salud Mental y Consumos Problematicos  (DIS),0,Asistencia para la Salud Mental y Consumos Problematicos  (DIS),0,Asistencia para la Salud Mental y Consumos Problematicos  (DIS),3,Prevencion y Reinsercion Social (DIS),0,Asistencia para la Salud Mental y Consumos Problematicos  (DIS),2024-07-01 00:00:00
2023,902,52,Asistencia para la Salud Mental y Consumos Problematicos  (DIS),0,Asistencia para la Salud Mental y Consumos Problematicos  (DIS),0,Asistencia para la Salud Mental y Consumos Problematicos  (DIS),4,Formacion y Capacitacion (DIS),0,Asistencia para la Salud Mental y Consumos Problematicos  (DIS),2024-07-01 00:00:00
2023,903,53,Atencion de Pacientes,0,Atencion de Pacientes,0,Atencion de Pacientes,1,Conduccion y Coordinacion,0,Atencion de Pacientes,2024-07-01 00:00:00
2023,903,53,Atencion de Pacientes,0,Atencion de Pacientes,0,Atencion de Pacientes,2,Asistencia a Pacientes con Lepra y Otras Enfermedades,0,Atencion de Pacientes,2024-07-01 00:00:00
2023,903,53,Atencion de Pacientes,0,Atencion de Pacientes,63,Refaccion Pabellon 4 - Resonador Magnetico,0,Refaccion Pabellon 4 - Resonador Magnetico,51,Refaccion Pabellon 4 - Resonador Magnetico,2024-07-01 00:00:00
2023,904,54,"Control y Fiscalizacion de Medicamentos, Alimentos, Productos Medicos, Cosmeticos y Productos de Uso Domestico",0,"Control y Fiscalizacion de Medicamentos, Alimentos, Productos Medicos, Cosmeticos y Productos de Uso Domestico",0,"Control y Fiscalizacion de Medicamentos, Alimentos, Productos Medicos, Cosmeticos y Productos de Uso Domestico",1,Coordinacion y Administracion,0,"Control y Fiscalizacion de Medicamentos, Alimentos, Productos Medicos, Cosmeticos y Productos de Uso Domestico",2024-07-01 00:00:00
2023,904,54,"Control y Fiscalizacion de Medicamentos, Alimentos, Productos Medicos, Cosmeticos y Productos de Uso Domestico",1,Control y Fiscalizacion de Medicamentos y Productos para Diagnostico,0,Control y Fiscalizacion de Medicamentos y Productos para Diagnostico,1,Registro y Autorizacion de Comercializacion,0,Control y Fiscalizacion de Medicamentos y Productos para Diagnostico,2024-07-01 00:00:00
2023,904,54,"Control y Fiscalizacion de Medicamentos, Alimentos, Productos Medicos, Cosmeticos y Productos de Uso Domestico",1,Control y Fiscalizacion de Medicamentos y Productos para Diagnostico,0,Control y Fiscalizacion de Medicamentos y Productos para Diagnostico,2,Fiscalizacion y Control,0,Control y Fiscalizacion de Medicamentos y Productos para Diagnostico,2024-07-01 00:00:00
2023,904,54,"Control y Fiscalizacion de Medicamentos, Alimentos, Productos Medicos, Cosmeticos y Productos de Uso Domestico",1,Control y Fiscalizacion de Medicamentos y Productos para Diagnostico,0,Control y Fiscalizacion de Medicamentos y Productos para Diagnostico,3,Vigilancia Sanitaria,0,Control y Fiscalizacion de Medicamentos y Productos para Diagnostico,2024-07-01 00:00:00
2023,904,54,"Control y Fiscalizacion de Medicamentos, Alimentos, Productos Medicos, Cosmeticos y Productos de Uso Domestico",1,Control y Fiscalizacion de Medicamentos y Productos para Diagnostico,0,Control y Fiscalizacion de Medicamentos y Productos para Diagnostico,4,Evaluacion Clinica de Medicamentos,0,Control y Fiscalizacion de Medicamentos y Productos para Diagnostico,2024-07-01 00:00:00
2023,904,54,"Control y Fiscalizacion de Medicamentos, Alimentos, Productos Medicos, Cosmeticos y Productos de Uso Domestico",1,Control y Fiscalizacion de Medicamentos y Productos para Diagnostico,0,Control y Fiscalizacion de Medicamentos y Productos para Diagnostico,5,Liberacion de Lotes de Biologicos,0,Control y Fiscalizacion de Medicamentos y Productos para Diagnostico,2024-07-01 00:00:00
2023,904,54,"Control y Fiscalizacion de Medicamentos, Alimentos, Productos Medicos, Cosmeticos y Productos de Uso Domestico",2,Control y Fiscalizacion de Alimentos,0,Control y Fiscalizacion de Alimentos,1,Registro y Control,0,Control y Fiscalizacion de Alimentos,2024-07-01 00:00:00
2023,904,54,"Control y Fiscalizacion de Medicamentos, Alimentos, Productos Medicos, Cosmeticos y Productos de Uso Domestico",2,Control y Fiscalizacion de Alimentos,0,Control y Fiscalizacion de Alimentos,2,Fiscalizacion,0,Control y Fiscalizacion de Alimentos,2024-07-01 00:00:00
2023,905,55,Regulacion de la Ablacion e Implantes,0,Regulacion de la Ablacion e Implantes,0,Regulacion de la Ablacion e Implantes,1,Conduccion y Docencia,0,Regulacion de la Ablacion e Implantes,2024-07-01 00:00:00
2023,905,55,Regulacion de la Ablacion e Implantes,0,Regulacion de la Ablacion e Implantes,0,Regulacion de la Ablacion e Implantes,4,Asistencia al Paciente con Cobertura Publica Exclusiva (CPH),0,Regulacion de la Ablacion e Implantes,2024-07-01 00:00:00
2023,906,56,"Prevencion, Control e Investigacion de Patologias en Salud",0,"Prevencion, Control e Investigacion de Patologias en Salud",0,"Prevencion, Control e Investigacion de Patologias en Salud",1,"Conduccion, Coordinacion y Administracion",0,"Prevencion, Control e Investigacion de Patologias en Salud",2024-07-01 00:00:00
2023,906,56,"Prevencion, Control e Investigacion de Patologias en Salud",0,"Prevencion, Control e Investigacion de Patologias en Salud",12,"Refuncionalizacion de Laboratorio para el Funcionamiento de BSL4 - Barracas, CABA",0,"Refuncionalizacion de Laboratorio para el Funcionamiento de BSL4 - Barracas, CABA",51,"Refuncionalizacion de Laboratorio para el Funcionamiento de BSL4 - Barracas, CABA",2024-07-01 00:00:00
2023,906,56,"Prevencion, Control e Investigacion de Patologias en Salud",0,"Prevencion, Control e Investigacion de Patologias en Salud",45,Readecuacion de Oficinas Administrativas y Servicios en Planta - Unidad Operativas Centro de Contencion Biologica (UOCCB),0,Readecuacion de Oficinas Administrativas y Servicios en Planta - Unidad Operativas Centro de Contencion Biologica (UOCCB),51,Readecuacion de Oficinas Administrativas y Servicios en Planta - Unidad Operativas Centro de Contencion Biologica (UOCCB),2024-07-01 00:00:00
2023,906,56,"Prevencion, Control e Investigacion de Patologias en Salud",1,Desarrollo y Produccion de Biologicos,0,Desarrollo y Produccion de Biologicos,1,Desarrollo y Produccion de Biologicos,0,Desarrollo y Produccion de Biologicos,2024-07-01 00:00:00
2023,906,56,"Prevencion, Control e Investigacion de Patologias en Salud",2,"Investigacion, Docencia y Servicio en Infecciones Bacterianas, Micoticas, Parasitarias y Virosicas",0,"Investigacion, Docencia y Servicio en Infecciones Bacterianas, Micoticas, Parasitarias y Virosicas",1,"Investigacion, Docencia y Servicio en Infecciones Bacterianas, Micoticas, Parasitarias y Virosicas",0,"Investigacion, Docencia y Servicio en Infecciones Bacterianas, Micoticas, Parasitarias y Virosicas",2024-07-01 00:00:00
2023,906,56,"Prevencion, Control e Investigacion de Patologias en Salud",2,"Investigacion, Docencia y Servicio en Infecciones Bacterianas, Micoticas, Parasitarias y Virosicas",0,"Investigacion, Docencia y Servicio en Infecciones Bacterianas, Micoticas, Parasitarias y Virosicas",3,Investigacion y Docencia con Entidades del Exterior,0,"Investigacion, Docencia y Servicio en Infecciones Bacterianas, Micoticas, Parasitarias y Virosicas",2024-07-01 00:00:00
2023,906,56,"Prevencion, Control e Investigacion de Patologias en Salud",2,"Investigacion, Docencia y Servicio en Infecciones Bacterianas, Micoticas, Parasitarias y Virosicas",14,"Remodelacion y Ampliacion del Servicio de Fisiopatogenia y Enterobacterias - Etapa 3, Barracas - CABA",0,"Remodelacion y Ampliacion del Servicio de Fisiopatogenia y Enterobacterias - Etapa 3, Barracas - CABA",51,"Remodelacion y Ampliacion del Servicio de Fisiopatogenia y Enterobacterias - Etapa 3, Barracas - CABA",2024-07-01 00:00:00
2023,906,56,"Prevencion, Control e Investigacion de Patologias en Salud",3,"Investigacion,  Desarrollo y Servicio en Enfermedades Parasitarias",0,"Investigacion,  Desarrollo y Servicio en Enfermedades Parasitarias",1,Investigacion y Docencia,0,"Investigacion,  Desarrollo y Servicio en Enfermedades Parasitarias",2024-07-01 00:00:00
2023,906,56,"Prevencion, Control e Investigacion de Patologias en Salud",4,"Investigacion, Desarrollo y Servicio en Virosis Humanas. Produccion de Vacunas contra la  Fiebre Hemorragica Argentina - FHA",0,"Investigacion, Desarrollo y Servicio en Virosis Humanas. Produccion de Vacunas contra la  Fiebre Hemorragica Argentina - FHA",1,Investigacion y Docencia,0,"Investigacion, Desarrollo y Servicio en Virosis Humanas. Produccion de Vacunas contra la  Fiebre Hemorragica Argentina - FHA",2024-07-01 00:00:00
2023,906,56,"Prevencion, Control e Investigacion de Patologias en Salud",4,"Investigacion, Desarrollo y Servicio en Virosis Humanas. Produccion de Vacunas contra la  Fiebre Hemorragica Argentina - FHA",12,"Remodelacion y Ampliacion del Deposito y Sector Mantenimiento (INEVH) - Pergamino, Provincia de Buenos Aires",0,"Remodelacion y Ampliacion del Deposito y Sector Mantenimiento (INEVH) - Pergamino, Provincia de Buenos Aires",51,"Remodelacion y Ampliacion del Deposito y Sector Mantenimiento (INEVH) - Pergamino, Provincia de Buenos Aires",2024-07-01 00:00:00
2023,906,56,"Prevencion, Control e Investigacion de Patologias en Salud",5,Control de Calidad de Biologicos,0,Control de Calidad de Biologicos,1,Control de Calidad de Biologicos,0,Control de Calidad de Biologicos,2024-07-01 00:00:00
2023,906,56,"Prevencion, Control e Investigacion de Patologias en Salud",6,Control de Tuberculosis y Otras Enfermedades Respiratorias,0,Control de Tuberculosis y Otras Enfermedades Respiratorias,1,Investigacion y Docencia,0,Control de Tuberculosis y Otras Enfermedades Respiratorias,2024-07-01 00:00:00
2023,906,56,"Prevencion, Control e Investigacion de Patologias en Salud",7,Capacitacion y Atencion de Factores de Riesgo Genetico,0,Capacitacion y Atencion de Factores de Riesgo Genetico,1,Investigacion y Docencia,0,Capacitacion y Atencion de Factores de Riesgo Genetico,2024-07-01 00:00:00
2023,906,56,"Prevencion, Control e Investigacion de Patologias en Salud",8,Capacitacion y Servicios Epidemiologicos y de Infecciones Intrahospitalarias,0,Capacitacion y Servicios Epidemiologicos y de Infecciones Intrahospitalarias,1,Investigacion y Docencia,0,Capacitacion y Servicios Epidemiologicos y de Infecciones Intrahospitalarias,2024-07-01 00:00:00
2023,906,56,"Prevencion, Control e Investigacion de Patologias en Salud",9,Investigacion y Diagnostico de Factores de Riesgo Nutricional,0,Investigacion y Diagnostico de Factores de Riesgo Nutricional,1,Investigacion y Docencia,0,Investigacion y Diagnostico de Factores de Riesgo Nutricional,2024-07-01 00:00:00
2023,906,56,"Prevencion, Control e Investigacion de Patologias en Salud",10,"Investigacion, Desarrollo y Servicios en Endemo - Epidemias",0,"Investigacion, Desarrollo y Servicios en Endemo - Epidemias",1,Investigacion y Docencia,0,"Investigacion, Desarrollo y Servicios en Endemo - Epidemias",2024-07-01 00:00:00
2023,906,56,"Prevencion, Control e Investigacion de Patologias en Salud",11,Coordinacion y Apoyo a la Red de Laboratorios,0,Coordinacion y Apoyo a la Red de Laboratorios,1,Docencia,0,Coordinacion y Apoyo a la Red de Laboratorios,2024-07-01 00:00:00
2023,906,56,"Prevencion, Control e Investigacion de Patologias en Salud",12,Investigacion para la Prevencion y Control de Enfermedades Tropicales y Subtropicales,0,Investigacion para la Prevencion y Control de Enfermedades Tropicales y Subtropicales,1,"Investigacion, Capacitacion y Control de Enfermedades Tropicales y Subtropicales",0,Investigacion para la Prevencion y Control de Enfermedades Tropicales y Subtropicales,2024-07-01 00:00:00
2023,908,58,Atencion Sanitaria para la Comunidad,0,Atencion Sanitaria para la Comunidad,0,Atencion Sanitaria para la Comunidad,1,Conduccion y Administracion,0,Atencion Sanitaria para la Comunidad,2024-07-01 00:00:00
2023,908,58,Atencion Sanitaria para la Comunidad,0,Atencion Sanitaria para la Comunidad,0,Atencion Sanitaria para la Comunidad,2,Asistencia Sanitaria,0,Atencion Sanitaria para la Comunidad,2024-07-01 00:00:00
2023,909,59,Atencion de Pacientes (DIS),0,Atencion de Pacientes (DIS),0,Atencion de Pacientes (DIS),1,Atencion de Pacientes (DIS),0,Atencion de Pacientes (DIS),2024-07-01 00:00:00
2023,910,60,Atencion a Personas con Discapacidades Psicofisicas (DIS),0,Atencion a Personas con Discapacidades Psicofisicas (DIS),0,Atencion a Personas con Discapacidades Psicofisicas (DIS),1,Conduccion y Coordinacion (DIS),0,Atencion a Personas con Discapacidades Psicofisicas (DIS),2024-07-01 00:00:00
2023,910,60,Atencion a Personas con Discapacidades Psicofisicas (DIS),0,Atencion a Personas con Discapacidades Psicofisicas (DIS),0,Atencion a Personas con Discapacidades Psicofisicas (DIS),2,Prevencion y Rehabilitacion (DIS),0,Atencion a Personas con Discapacidades Psicofisicas (DIS),2024-07-01 00:00:00
2023,914,1,Actividades Centrales,0,Actividades Centrales,0,Actividades Centrales,1,Direccion y Administracion,0,Actividades Centrales,2024-07-01 00:00:00
2023,914,50,Regulacion y Control del Sistema de Salud,0,Regulacion y Control del Sistema de Salud,0,Regulacion y Control del Sistema de Salud,2,"Control, Regulacion y Servicios al Usuario",0,Regulacion y Control del Sistema de Salud,2024-07-01 00:00:00
2023,914,50,Regulacion y Control del Sistema de Salud,0,Regulacion y Control del Sistema de Salud,0,Regulacion y Control del Sistema de Salud,3,Atencion de las Delegaciones en Todo el Pais,0,Regulacion y Control del Sistema de Salud,2024-07-01 00:00:00
2023,914,63,Asistencia Financiera a Agentes del Seguro de Salud,0,Asistencia Financiera a Agentes del Seguro de Salud,0,Asistencia Financiera a Agentes del Seguro de Salud,1,Asistencia Financiera a Agentes del Seguro de Salud,0,Asistencia Financiera a Agentes del Seguro de Salud,2024-07-01 00:00:00
2023,914,63,Asistencia Financiera a Agentes del Seguro de Salud,0,Asistencia Financiera a Agentes del Seguro de Salud,0,Asistencia Financiera a Agentes del Seguro de Salud,2,Acciones de Adquisicion de Insumos Medicos (Compra Centralizada),0,Asistencia Financiera a Agentes del Seguro de Salud,2024-07-01 00:00:00
2023,915,65,"Investigacion, Prevencion, Deteccion Temprana y Tratamiento del Cancer",0,"Investigacion, Prevencion, Deteccion Temprana y Tratamiento del Cancer",0,"Investigacion, Prevencion, Deteccion Temprana y Tratamiento del Cancer",1,Conduccion y Adminstracion,0,"Investigacion, Prevencion, Deteccion Temprana y Tratamiento del Cancer",2024-07-01 00:00:00
2023,915,65,"Investigacion, Prevencion, Deteccion Temprana y Tratamiento del Cancer",0,"Investigacion, Prevencion, Deteccion Temprana y Tratamiento del Cancer",0,"Investigacion, Prevencion, Deteccion Temprana y Tratamiento del Cancer",2,"Investigacion, Prevencion, Deteccion Temprana y Tratamiento del Cancer",0,"Investigacion, Prevencion, Deteccion Temprana y Tratamiento del Cancer",2024-07-01 00:00:00
2023,916,66,Investigacion y Desarrollo de los Laboratorios de Produccion Publica,0,Investigacion y Desarrollo de los Laboratorios de Produccion Publica,0,Investigacion y Desarrollo de los Laboratorios de Produccion Publica,1,"Promocion de la Investigacion y Produccion de los Laboratorios de Produccion Publica de Medicamentos, Vacunas y Productos Medico",0,Investigacion y Desarrollo de los Laboratorios de Produccion Publica,2024-07-01 00:00:00
2023,917,1,Actividades Centrales,0,Actividades Centrales,0,Actividades Centrales,1,Direccion y Conduccion,0,Actividades Centrales,2024-07-01 00:00:00
2023,917,16,Acciones de Integracion de Personas con Discapacidad,0,Acciones de Integracion de Personas con Discapacidad,0,Acciones de Integracion de Personas con Discapacidad,1,Acciones de Integracion de Personas con Discapacidad,0,Acciones de Integracion de Personas con Discapacidad,2024-07-01 00:00:00
2023,917,16,Acciones de Integracion de Personas con Discapacidad,0,Acciones de Integracion de Personas con Discapacidad,0,Acciones de Integracion de Personas con Discapacidad,2,"Coordinacion, Supervision  y Administracion",0,Acciones de Integracion de Personas con Discapacidad,2024-07-01 00:00:00
2023,917,16,Acciones de Integracion de Personas con Discapacidad,0,Acciones de Integracion de Personas con Discapacidad,0,Acciones de Integracion de Personas con Discapacidad,4,Desarrollo de las Personas con Discapacidad,0,Acciones de Integracion de Personas con Discapacidad,2024-07-01 00:00:00
2023,917,23,Pensiones no Contributivas por Invalidez Laborativa,0,Pensiones no Contributivas por Invalidez Laborativa,0,Pensiones no Contributivas por Invalidez Laborativa,1,"Coordinacion, Supervision y Administracion",0,Pensiones no Contributivas por Invalidez Laborativa,2024-07-01 00:00:00
2023,917,23,Pensiones no Contributivas por Invalidez Laborativa,0,Pensiones no Contributivas por Invalidez Laborativa,0,Pensiones no Contributivas por Invalidez Laborativa,2,Subsidios a Pensiones No Contributivas,0,Pensiones no Contributivas por Invalidez Laborativa,2024-07-01 00:00:00
2023,917,23,Pensiones no Contributivas por Invalidez Laborativa,0,Pensiones no Contributivas por Invalidez Laborativa,0,Pensiones no Contributivas por Invalidez Laborativa,40,Pensiones no Contributivas por Invalidez,0,Pensiones no Contributivas por Invalidez Laborativa,2024-07-01 00:00:00
2023,917,36,Atencion Medica a los Beneficiarios de Pensiones no Contributivas,0,Atencion Medica a los Beneficiarios de Pensiones no Contributivas,0,Atencion Medica a los Beneficiarios de Pensiones no Contributivas,1,"Coordinacion, Supervision y Administracion",0,Atencion Medica a los Beneficiarios de Pensiones no Contributivas,2024-07-01 00:00:00
2023,917,36,Atencion Medica a los Beneficiarios de Pensiones no Contributivas,0,Atencion Medica a los Beneficiarios de Pensiones no Contributivas,0,Atencion Medica a los Beneficiarios de Pensiones no Contributivas,41,Atencion Medica a los Beneficiarios de Pensiones no Contributivas,0,Atencion Medica a los Beneficiarios de Pensiones no Contributivas,2024-07-01 00:00:00
2023,917,62,Prevencion y Control de Discapacidades,0,Prevencion y Control de Discapacidades,0,Prevencion y Control de Discapacidades,1,Prevencion y Control de Discapacidades,0,Prevencion y Control de Discapacidades,2024-07-01 00:00:00
2023,917,62,Prevencion y Control de Discapacidades,0,Prevencion y Control de Discapacidades,0,Prevencion y Control de Discapacidades,2,"Coordinacion, Supervision y Administracion",0,Prevencion y Control de Discapacidades,2024-07-01 00:00:00
